week,stlrate_per_ton
2003-01-01,5.4264
2003-01-08,5.4264
2003-01-15,8.618400000000001
2003-01-22,8.5386
2003-01-29,6.862800000000001
2003-02-05,5.825400000000001
2003-02-12,5.5461
2003-02-19,5.306700000000001
2003-02-26,5.306700000000001
2003-03-05,5.625900000000001
2003-03-12,6.184500000000001
2003-03-19,5.825400000000001
2003-03-26,5.0274
2003-04-02,4.5885
2003-04-09,4.389
2003-04-16,3.8703000000000003
2003-04-23,3.6309000000000005
2003-04-30,3.5511
2003-05-07,3.6309000000000005
2003-05-14,3.3915
2003-05-21,4.2294
2003-05-28,4.189500000000001
2003-06-04,4.2294
2003-06-11,4.1496
2003-06-18,4.0698
2003-06-25,4.4289000000000005
2003-07-02,4.309200000000001
2003-07-09,4.2294
2003-07-16,4.389
2003-07-23,4.3491
2003-07-30,4.9077
2003-08-06,5.306700000000001
2003-08-13,5.865300000000001
2003-08-20,6.703200000000001
2003-08-27,7.9401
2003-09-03,7.9401
2003-09-10,8.2194
2003-09-17,9.9351
2003-09-24,10.693200000000001
2003-10-01,11.2917
2003-10-08,11.172
2003-10-15,10.0947
2003-10-22,11.97
2003-10-29,13.965
2003-11-05,10.0548
2003-11-12,6.6633000000000004
2003-11-19,5.9451
2003-11-26,5.665800000000001
2003-12-03,5.825400000000001
2003-12-10,7.1421
2003-12-17,7.261800000000001
2003-12-24,6.6633000000000004
2003-12-31,6.56355
2004-01-07,6.4638
2004-01-14,6.4638
2004-01-21,6.2643
2004-01-28,5.985
2004-02-04,5.865300000000001
2004-02-11,5.3865
2004-02-18,5.306700000000001
2004-02-25,5.187
2004-03-03,5.187
2004-03-10,5.0673
2004-03-17,4.9476
2004-03-24,4.5885
2004-03-31,4.6284
2004-04-07,4.6683
2004-04-14,4.5885
2004-04-21,4.5087
2004-04-28,4.5087
2004-05-05,4.5087
2004-05-12,4.5087
2004-05-19,4.7481
2004-05-26,5.187
2004-06-02,5.2269000000000005
2004-06-09,5.0673
2004-06-16,4.788
2004-06-23,4.788
2004-06-30,4.6683
2004-07-07,4.5486
2004-07-14,4.4688
2004-07-21,4.5087
2004-07-28,6.0249
2004-08-04,7.182
2004-08-11,7.1421
2004-08-18,8.6982
2004-08-25,8.2992
2004-09-01,8.4588
2004-09-08,10.334100000000001
2004-09-15,14.8827
2004-09-22,15.561000000000002
2004-09-29,16.518600000000003
2004-10-06,16.0797
2004-10-13,12.2493
2004-10-20,11.0523
2004-10-27,14.683200000000001
2004-11-03,12.6483
2004-11-10,14.324100000000001
2004-11-17,10.533600000000002
2004-11-24,7.182
2004-12-01,6.9825
2004-12-08,7.900200000000001
2004-12-15,11.0523
2004-12-22,13.765500000000001
2004-12-29,10.2543
2005-01-05,7.98
2005-01-12,11.371500000000001
2005-01-19,13.1271
2005-01-26,11.2119
2005-02-02,8.6982
2005-02-09,8.5785
2005-02-16,12.0897
2005-02-23,12.488700000000001
2005-03-02,12.8877
2005-03-09,9.855300000000002
2005-03-16,12.289200000000001
2005-03-23,8.0997
2005-03-30,6.822900000000001
2005-04-06,8.817900000000002
2005-04-13,7.5012
2005-04-20,7.1421
2005-04-27,6.703200000000001
2005-05-04,8.5386
2005-05-11,7.780500000000001
2005-05-18,7.381500000000001
2005-05-25,7.740600000000001
2005-06-01,7.5012
2005-06-08,7.1022
2005-06-15,6.902699999999999
2005-06-22,6.2643
2005-06-29,6.862800000000001
2005-07-06,7.261800000000001
2005-07-13,7.221900000000001
2005-07-20,11.0124
2005-07-27,10.8927
2005-08-03,9.4563
2005-08-10,10.9326
2005-08-17,13.087200000000001
2005-08-24,14.0847
2005-08-31,23.94
2005-09-07,27.331500000000002
2005-09-14,28.0497
2005-09-21,20.3091
2005-09-28,28.528500000000005
2005-10-05,30.7629
2005-10-12,36.7479
2005-10-19,25.6158
2005-10-26,21.346500000000002
2005-11-02,15.2817
2005-11-09,11.0922
2005-11-16,13.0074
2005-11-23,12.768000000000002
2005-11-30,12.8478
2005-12-07,15.4014
2005-12-14,17.3964
2005-12-21,17.8752
2005-12-28,15.96
2006-01-04,14.9625
2006-01-11,14.8827
2006-01-18,15.680700000000002
2006-01-25,14.2443
2006-02-01,16.1994
2006-02-08,17.8752
2006-02-15,15.5211
2006-02-22,13.645800000000001
2006-03-01,13.087200000000001
2006-03-08,13.167
2006-03-15,12.2493
2006-03-22,12.0099
2006-03-29,10.4937
2006-04-05,10.8927
2006-04-12,10.653300000000002
2006-04-19,8.5785
2006-04-26,8.1795
2006-05-03,10.214400000000001
2006-05-10,11.97
2006-05-17,13.0074
2006-05-24,12.6483
2006-05-31,10.8927
2006-06-07,11.251800000000001
2006-06-14,11.2119
2006-06-21,11.8902
2006-06-28,13.3665
2006-07-05,16.558500000000002
2006-07-12,19.1919
2006-07-19,20.1096
2006-07-26,18.7131
2006-08-02,19.551000000000002
2006-08-09,22.344
2006-08-16,22.064700000000002
2006-08-23,22.8228
2006-08-30,21.5061
2006-09-06,19.2717
2006-09-13,19.750500000000002
2006-09-20,19.152
2006-09-26,19.9899
2006-10-03,24.1395
2006-10-10,22.743000000000002
2006-10-17,20.468700000000002
2006-10-24,13.965
2006-10-31,17.5161
2006-11-07,16.319100000000002
2006-11-14,15.0822
2006-11-21,15.1221
2006-11-28,14.523600000000002
2006-12-05,11.331600000000002
2006-12-12,11.6109
2006-12-19,8.4987
2006-12-26,8.4588
2007-01-02,8.3391
2007-01-09,8.8977
2007-01-16,14.802900000000001
2007-01-23,10.8528
2007-01-30,9.8952
2007-02-06,9.296700000000001
2007-02-13,11.2917
2007-02-20,10.1346
2007-02-27,9.8952
2007-03-06,8.8977
2007-03-13,8.817900000000002
2007-03-20,7.7007
2007-03-27,7.0224
2007-04-03,7.1421
2007-04-10,7.381500000000001
2007-04-17,6.703200000000001
2007-04-24,6.4239
2007-05-01,6.317500000000001
2007-05-08,6.2177500000000006
2007-05-15,7.1421
2007-05-22,7.820400000000001
2007-05-29,10.0548
2007-06-05,10.4937
2007-06-12,9.7356
2007-06-19,11.172
2007-06-26,12.289200000000001
2007-07-03,11.132100000000001
2007-07-10,11.491200000000001
2007-07-17,14.2044
2007-07-24,16.4388
2007-07-31,14.364
2007-08-07,16.359
2007-08-14,21.546
2007-08-21,27.331500000000002
2007-08-28,33.7155
2007-09-04,37.107
2007-09-11,25.935
2007-09-18,26.8926
2007-09-25,22.463700000000003
2007-10-02,21.147000000000002
2007-10-09,23.0223
2007-10-16,17.0772
2007-10-23,15.760500000000002
2007-10-30,12.369000000000002
2007-11-06,12.319125000000001
2007-11-13,14.2842
2007-11-20,12.9276
2007-11-27,12.6483
2007-12-04,13.034
2007-12-11,13.2468
2007-12-18,11.451300000000002
2007-12-25,11.172
2008-01-01,10.905999999999999
2008-01-08,10.7331
2008-01-15,10.8927
2008-01-22,15.8802
2008-01-29,14.0049
2008-02-05,13.965
2008-02-12,15.0822
2008-02-19,15.760500000000002
2008-02-26,17.0772
2008-03-04,13.915125
2008-03-11,15.800400000000002
2008-03-18,13.665750000000001
2008-03-25,14.0847
2008-04-01,14.2842
2008-04-08,12.718125
2008-04-15,12.119625000000001
2008-04-22,12.8079
2008-04-29,12.3291
2008-05-06,12.169500000000001
2008-05-13,11.650800000000002
2008-05-20,12.369000000000002
2008-05-27,14.2842
2008-06-03,14.9625
2008-06-10,17.0772
2008-06-17,18.354
2008-06-24,18.633300000000002
2008-07-01,17.8752
2008-07-08,15.2019
2008-07-15,13.725600000000002
2008-07-22,13.685700000000002
2008-07-29,14.643300000000002
2008-08-05,15.96
2008-08-12,15.361500000000001
2008-08-19,20.6283
2008-08-26,21.945
2008-09-02,23.6208
2008-09-09,23.94
2008-09-16,23.421300000000002
2008-09-23,25.3365
2008-09-30,26.533500000000004
2008-10-07,32.9175
2008-10-14,28.728
2008-10-21,23.1819
2008-10-28,30.1644
2008-11-04,45.885
2008-11-11,18.7131
2008-11-18,14.723100000000002
2008-11-25,12.169500000000001
2008-12-02,15.0822
2008-12-09,19.0722
2008-12-16,15.9999
2008-12-23,16.558500000000002
2008-12-30,11.97
2009-01-06,10.8927
2009-01-13,17.0772
2009-01-20,19.1919
2009-01-27,18.593400000000003
2009-02-03,13.1271
2009-02-10,10.214400000000001
2009-02-17,9.044
2009-02-24,9.0174
2009-03-03,8.6583
2009-03-10,8.2992
2009-03-17,8.738100000000001
2009-03-24,9.0972
2009-03-31,8.07975
2009-04-07,8.0199
2009-04-14,7.930125
2009-04-21,7.880250000000001
2009-04-28,7.900200000000001
2009-05-05,7.620900000000001
2009-05-12,7.98
2009-05-19,7.847
2009-05-26,7.830375
2009-06-02,8.229375
2009-06-09,8.0465
2009-06-16,8.029875
2009-06-23,7.680750000000001
2009-06-30,7.820400000000001
2009-07-07,7.9401
2009-07-14,7.620900000000001
2009-07-21,8.9775
2009-07-28,9.127125000000001
2009-08-04,8.645
2009-08-11,8.528625
2009-08-18,10.812899999999999
2009-08-25,11.2917
2009-09-01,12.9276
2009-09-08,11.97
2009-09-15,12.236
2009-09-22,14.214375
2009-09-29,16.425500000000003
2009-10-06,16.907625
2009-10-13,14.364
2009-10-20,14.812875000000002
2009-10-27,15.112125
2009-11-03,14.86275
2009-11-10,28.1694
2009-11-17,17.206875
2009-11-24,12.66825
2009-12-01,11.371500000000001
2009-12-08,10.9725
2009-12-15,10.1745
2009-12-22,11.331600000000002
2009-12-29,11.0922
2010-01-05,10.839500000000001
2010-01-12,10.423875
2010-01-19,11.571000000000002
2010-01-26,12.236
2010-02-02,12.169500000000001
2010-02-09,10.2942
2010-02-16,8.5785
2010-02-23,8.5785
2010-03-02,10.453800000000001
2010-03-09,9.07725
2010-03-16,7.98
2010-03-23,7.847
2010-03-30,7.930125
2010-04-06,7.930125
2010-04-13,7.880250000000001
2010-04-20,7.714000000000001
2010-04-27,7.913500000000002
2010-05-04,9.6425
2010-05-11,10.922625
2010-05-18,11.97
2010-05-25,9.177
2010-06-01,8.618400000000001
2010-06-08,7.930125
2010-06-15,8.029875
2010-06-22,7.98
2010-06-29,7.98
2010-07-06,8.9376
2010-07-13,11.720625
2010-07-20,12.9675
2010-07-27,11.9035
2010-08-03,11.820375000000002
2010-08-10,15.042300000000001
2010-08-17,15.640800000000002
2010-08-24,17.955
2010-08-31,20.9475
2010-09-07,20.199375
2010-09-14,18.9525
2010-09-21,19.95
2010-09-28,19.850250000000003
2010-10-05,21.496125000000003
2010-10-12,21.44625
2010-10-19,20.698125
2010-10-26,18.9525
2010-11-02,15.261750000000001
2010-11-09,16.2925
2010-11-16,12.817875
2010-11-23,14.812875000000002
2010-11-30,14.563500000000001
2010-12-07,17.476200000000002
2010-12-14,18.902625
2010-12-21,15.228500000000002
2010-12-28,13.566
2011-01-04,12.019874999999999
2011-01-11,15.162
2011-01-18,15.810375
2011-01-25,15.86025
2011-02-01,18.902625
2011-02-08,17.107125
2011-02-15,19.45125
2011-02-22,17.556
2011-03-01,15.162
2011-03-08,20.698125
2011-03-15,18.9525
2011-03-22,14.9625
2011-03-29,15.295
2011-04-05,14.497
2011-04-12,12.518625
2011-04-19,11.97
2011-04-26,11.97
2011-05-03,13.067250000000001
2011-05-10,12.9675
2011-05-17,12.568500000000002
2011-05-24,13.216875
2011-05-31,13.965
2011-06-07,13.699000000000002
2011-06-14,13.46625
2011-06-21,14.430500000000002
2011-06-28,13.433000000000002
2011-07-05,13.632500000000002
2011-07-12,13.316625000000002
2011-07-19,12.488700000000001
2011-07-26,11.238500000000002
2011-08-02,10.3075
2011-08-09,11.571000000000002
2011-08-16,14.563500000000001
2011-08-23,15.162
2011-08-30,14.763000000000002
2011-09-06,16.359
2011-09-13,15.96
2011-09-20,16.226000000000003
2011-09-27,18.221
2011-10-04,18.9525
2011-10-11,18.304125000000003
2011-10-18,17.0772
2011-10-25,15.46125
2011-11-01,16.359
2011-11-08,14.231000000000002
2011-11-15,13.832
2011-11-22,12.4488
2011-11-29,11.637500000000003
2011-12-06,12.0897
2011-12-13,11.0922
2011-12-20,10.374
2011-12-27,9.6425
2012-01-03,9.908500000000002
2012-01-10,10.640000000000002
2012-01-17,11.837
2012-01-24,12.369000000000002
2012-01-31,14.2443
2012-02-07,11.7705
2012-02-14,13.433000000000002
2012-02-21,11.97
2012-02-28,11.251800000000001
2012-03-06,10.1745
2012-03-13,10.0548
2012-03-20,10.2942
2012-03-27,10.0149
2012-04-03,9.4962
2012-04-10,9.47625
2012-04-17,9.4563
2012-04-24,9.3765
2012-05-01,9.655800000000001
2012-05-08,9.655800000000001
2012-05-15,9.975
2012-05-22,9.655800000000001
2012-05-29,9.576
2012-06-05,8.778
2012-06-12,8.67825
2012-06-19,9.243500000000001
2012-06-26,9.509500000000001
2012-07-03,11.690700000000001
2012-07-10,12.901
2012-07-17,15.162
2012-07-24,13.499500000000001
2012-07-31,13.167
2012-08-07,12.488700000000001
2012-08-14,13.898499999999999
2012-08-21,14.097999999999999
2012-08-28,19.95
2012-09-04,21.280000000000005
2012-09-11,23.94
2012-09-18,24.43875
2012-09-25,23.94
2012-10-02,23.94
2012-10-09,19.750500000000002
2012-10-16,19.95
2012-10-23,24.43875
2012-10-30,25.270000000000003
2012-11-06,24.9375
2012-11-13,19.95
2012-11-20,21.280000000000005
2012-11-27,20.468700000000002
2012-12-04,20.9475
2012-12-11,19.95
2012-12-18,19.95
2012-12-25,19.95
2013-01-01,17.955
2013-01-08,13.566
2013-01-15,11.271749999999999
2013-01-22,11.172
2013-01-29,10.872750000000002
2013-02-05,9.908500000000002
2013-02-12,9.975
2013-02-19,9.975
2013-02-26,10.1346
2013-03-05,9.975
2013-03-12,9.975
2013-03-19,9.975
2013-03-26,9.775500000000001
2013-04-02,9.27675
2013-04-09,9.07725
2013-04-16,8.9775
2013-04-23,8.8977
2013-04-30,8.778
2013-05-07,8.778
2013-05-14,8.778
2013-05-21,8.711500000000001
2013-05-28,8.645
2013-06-04,8.8445
2013-06-11,8.67825
2013-06-18,8.778
2013-06-25,9.31
2013-07-02,8.9775
2013-07-09,9.044
2013-07-16,8.911000000000001
2013-07-23,8.778
2013-07-30,8.645
2013-08-06,9.177
2013-08-13,12.3025
2013-08-20,12.3025
2013-08-27,14.1645
2013-09-03,15.46125
2013-09-10,17.622500000000002
2013-09-17,21.4795
2013-09-24,23.6075
2013-10-01,23.541
2013-10-08,20.9475
2013-10-15,21.745500000000003
2013-10-22,22.6765
2013-10-29,22.344
2013-11-05,21.546
2013-11-12,23.94
2013-11-19,24.605
2013-11-26,18.354
2013-12-03,18.4205
2013-12-10,17.157
2013-12-17,18.9525
2013-12-24,19.551000000000002
2013-12-31,17.955
2014-01-07,16.9575
2014-01-14,15.361500000000001
2014-01-21,17.689
2014-01-28,19.617500000000003
2014-02-04,19.617500000000003
2014-02-11,18.2343
2014-02-18,18.487000000000002
2014-02-25,19.3515
2014-03-04,23.7405
2014-03-11,23.7405
2014-03-18,18.487000000000002
2014-03-25,13.965
2014-04-01,11.97
2014-04-08,10.0415
2014-04-15,10.523625
2014-04-22,9.4962
2014-04-29,9.709000000000001
2014-05-06,9.709000000000001
2014-05-13,9.875250000000001
2014-05-20,9.67575
2014-05-27,9.509500000000001
2014-06-03,9.576
2014-06-10,9.775500000000001
2014-06-17,9.908500000000002
2014-06-24,9.925125000000001
2014-07-01,10.374
2014-07-08,9.775500000000001
2014-07-15,11.172
2014-07-22,15.760500000000002
2014-07-29,16.2925
2014-08-05,16.65825
2014-08-12,15.4945
2014-08-19,15.96
2014-08-26,18.204375
2014-09-02,23.275000000000006
2014-09-09,24.272500000000004
2014-09-16,26.267500000000005
2014-09-23,34.663125
2014-09-30,41.23
2014-10-07,33.25000000000001
2014-10-14,27.265000000000004
2014-10-21,29.176875
2014-10-28,31.255000000000006
2014-11-04,28.877625000000002
2014-11-11,26.9325
2014-11-18,21.695625
2014-11-25,16.9575
2014-12-02,15.710625
2014-12-09,13.3
2014-12-16,14.064750000000002
2014-12-23,12.0365
2014-12-30,10.573500000000001
2015-01-06,12.46875
2015-01-13,13.3665
2015-01-20,15.4014
2015-01-27,14.66325
2015-02-03,13.965
2015-02-10,11.97
2015-02-17,10.9725
2015-02-24,10.9725
2015-03-03,10.773
2015-03-10,9.975
2015-03-17,12.435500000000001
2015-03-24,15.295
2015-03-31,13.665750000000001
2015-04-07,13.765500000000001
2015-04-14,14.895999999999999
2015-04-21,13.3665
2015-04-28,11.87025
2015-05-05,10.872750000000002
2015-05-12,10.47375
2015-05-19,10.1745
2015-05-26,9.842
2015-06-02,9.975
2015-06-09,10.3075
2015-06-16,12.768000000000002
2015-06-23,14.264250000000002
2015-06-30,13.167
2015-07-07,11.97
2015-07-14,10.773
2015-07-21,10.673250000000001
2015-07-28,10.27425
2015-08-04,9.775500000000001
2015-08-11,9.709000000000001
2015-08-18,10.3075
2015-08-25,11.97
2015-09-01,15.561000000000002
2015-09-08,16.9575
2015-09-15,17.955
2015-09-22,21.280000000000005
2015-09-29,21.346500000000002
2015-10-06,19.95
2015-10-13,16.9575
2015-10-20,20.881000000000004
2015-10-27,13.3665
2015-11-03,10.573500000000001
2015-11-10,9.177
2015-11-17,9.27675
2015-11-24,7.581
2015-12-01,7.581
2015-12-08,7.182
2015-12-15,7.581
2015-12-22,8.113000000000001
2016-01-05,7.780500000000001
2016-01-12,6.9825
2016-01-19,7.48125
2016-01-26,7.880250000000001
2016-02-02,7.780500000000001
2016-02-09,7.581
2016-02-16,7.08225
2016-02-23,6.882750000000001
2016-03-01,6.284250000000001
2016-03-08,6.0847500000000005
2016-03-15,6.384000000000001
2016-03-22,7.1022
2016-03-29,8.379000000000001
2016-04-05,8.379000000000001
2016-04-12,7.98
2016-04-19,8.9775
2016-04-26,7.880250000000001
2016-05-03,7.680750000000001
2016-05-10,7.780500000000001
2016-05-17,7.2485
2016-05-24,6.849500000000001
2016-05-31,6.916
2016-06-07,7.182
2016-06-14,8.5785
2016-06-21,11.97
2016-06-28,10.9725
2016-07-05,12.06975
2016-07-12,10.773
2016-07-19,11.97
2016-07-26,11.571000000000002
2016-08-02,11.67075
2016-08-09,10.9725
2016-08-16,10.47375
2016-08-23,10.673250000000001
2016-08-30,11.072250000000002
2016-09-06,12.06975
2016-09-13,13.266750000000002
2016-09-20,12.46875
2016-09-27,16.758000000000003
2016-10-04,14.9625
2016-10-11,11.67075
2016-10-18,11.571000000000002
2016-10-25,15.46125
2016-11-01,13.965
2016-11-08,9.47625
2016-11-15,7.98
2016-11-22,7.780500000000001
2016-11-29,7.281750000000001
2016-12-06,7.182
2016-12-13,7.4479999999999995
2016-12-20,7.48125
2016-12-27,7.381500000000001
2017-01-03,7.381500000000001
2017-01-10,8.47875
2017-01-17,8.5785
2017-01-24,11.97
2017-01-31,8.8445
2017-02-07,9.67575
2017-02-14,8.67825
2017-02-21,8.47875
2017-02-28,8.47875
2017-03-07,8.5785
2017-03-14,8.67825
2017-03-21,8.47875
2017-03-28,7.182
2017-04-04,7.182
2017-04-11,6.9825
2017-04-18,6.9825
2017-04-25,6.783
2017-05-02,7.315000000000001
2017-05-09,7.98
2017-05-16,7.08225
2017-05-23,7.182
2017-05-30,7.98
2017-06-06,7.381500000000001
2017-06-13,7.281750000000001
2017-06-20,7.880250000000001
2017-06-27,8.5785
2017-07-04,8.0465
2017-07-11,8.512
2017-07-18,9.177
2017-07-25,8.9775
2017-08-01,8.379000000000001
2017-08-08,7.98
2017-08-15,8.379000000000001
2017-08-22,9.3765
2017-08-29,9.177
2017-09-05,8.778
2017-09-12,10.27425
2017-09-19,14.9625
2017-09-26,20.44875
2017-10-03,31.92
2017-10-10,14.46375
2017-10-17,13.167
2017-10-24,12.768000000000002
2017-10-31,13.46625
2017-11-07,11.47125
2017-11-14,10.1745
2017-11-21,8.5785
2017-11-28,8.113000000000001
2017-12-05,7.780500000000001
2017-12-12,8.279250000000001
2017-12-19,8.8445
2017-12-26,8.87775
2018-01-02,9.67575
2018-01-09,10.9725
2018-01-16,11.072250000000002
2018-01-23,10.623375000000001
2018-01-30,11.47125
2018-02-06,11.072250000000002
2018-02-13,10.872750000000002
2018-02-20,11.67075
2018-02-27,11.830350000000001
2018-03-06,15.5211
2018-03-13,18.2875
2018-03-20,13.965
2018-03-27,15.361500000000001
2018-04-03,19.750500000000002
2018-04-10,19.617500000000003
2018-04-17,21.280000000000005
2018-04-24,16.758000000000003
2018-05-01,13.965
2018-05-08,13.965
2018-05-15,13.46625
2018-05-22,13.2468
2018-05-29,13.699000000000002
2018-06-05,17.45625
2018-06-12,16.9176
2018-06-19,13.965
2018-06-26,13.516125000000002
2018-07-03,12.70815
2018-07-10,12.568500000000002
2018-07-17,12.2094
2018-07-24,12.26925
2018-07-31,14.9625
2018-08-07,15.96
2018-08-14,13.965
2018-08-21,12.9675
2018-08-28,18.0215
2018-09-04,16.758000000000003
2018-09-11,15.96
2018-09-18,17.25675
2018-09-25,15.66075
2018-10-02,17.955
2018-10-09,18.487000000000002
2018-10-16,19.95
2018-10-23,17.7555
2018-10-30,14.763000000000002
2018-11-06,10.673250000000001
2018-11-13,10.573500000000001
2018-11-20,11.271749999999999
2018-11-27,9.3765
2018-12-04,9.975
2018-12-11,13.566
2018-12-18,11.97
2018-12-25,11.371500000000001
2019-01-01,12.369000000000002
2019-01-08,13.46625
2019-01-15,14.763000000000002
2019-01-22,14.1645
2019-01-29,13.765500000000001
2019-02-05,13.665750000000001
2019-02-12,17.45625
2019-02-19,17.622500000000002
2019-02-26,18.2875
2019-03-05,15.96
2019-03-12,15.96
2019-03-19,14.763000000000002
2019-03-26,18.221
2019-04-02,13.965
2019-04-09,12.169500000000001
2019-04-16,11.271749999999999
2019-04-23,11.1055
2019-04-30,10.839500000000001
2019-05-21,11.2917
2019-06-18,12.369000000000002
2019-07-02,11.97
2019-07-09,11.704
2019-07-16,14.124600000000001
2019-07-23,17.622500000000002
2019-07-30,18.7131
2019-08-06,18.753
2019-08-13,15.600900000000001
2019-08-20,14.9226
2019-08-27,15.441300000000002
2019-09-03,13.805399999999999
2019-09-10,14.643300000000002
2019-09-17,14.9625
2019-09-24,14.0847
2019-10-01,13.566
2019-10-08,14.1645
2019-10-15,12.568500000000002
2019-10-22,11.172
2019-10-29,10.413900000000002
2019-11-05,9.8154
2019-11-12,10.812899999999999
2019-11-19,11.2917
2019-11-26,10.1745
2019-12-03,9.975
2019-12-10,9.7356
2019-12-17,9.3765
2019-12-24,8.9775
2019-12-31,8.817900000000002
2020-01-07,8.738100000000001
2020-01-14,9.0972
2020-01-21,9.47625
2020-01-28,8.6982
2020-02-04,8.1396
2020-02-11,7.6608
2020-02-18,7.581
2020-02-25,7.4214
2020-03-03,7.381500000000001
2020-03-10,7.341600000000001
2020-03-17,7.3017
2020-03-24,8.259300000000001
2020-03-31,9.0174
2020-04-07,8.5785
2020-04-14,8.1795
2020-04-21,7.221900000000001
2020-04-28,6.9825
2020-05-05,7.0224
2020-05-12,7.1022
2020-05-19,7.9401
2020-05-26,7.98
2020-06-02,7.581
2020-06-09,7.620900000000001
2020-06-16,7.620900000000001
2020-06-23,7.98
2020-06-30,7.3017
2020-07-07,7.6608
2020-07-14,7.6665
2020-07-21,8.5386
2020-07-28,10.334100000000001
2020-08-04,9.576
2020-08-11,9.296700000000001
2020-08-18,9.7356
2020-08-25,10.453800000000001
2020-09-01,10.214400000000001
2020-09-08,10.54025
2020-09-15,11.571000000000002
2020-09-22,14.097999999999999
2020-09-29,14.3925
2020-10-06,17.157
2020-10-13,21.4263
2020-10-20,21.695625
2020-10-27,17.67
2020-11-03,19.118750000000002
2020-11-10,26.812800000000003
2020-11-17,16.558500000000002
2020-11-24,13.965
2020-12-01,14.8827
2020-12-08,12.5286
2020-12-15,12.0099
2020-12-22,12.26925
2020-12-29,12.867750000000001
2021-01-05,12.119625000000001
2021-01-12,12.06975
2021-01-19,13.416375
2021-01-26,11.271749999999999
2021-02-02,11.7705
2021-02-09,11.132100000000001
2021-02-16,10.922625
2021-02-23,10.822875000000002
2021-03-02,10.573500000000001
2021-03-09,10.533600000000002
2021-03-16,10.872750000000002
2021-03-23,11.122125
2021-03-30,10.440500000000002
2021-04-06,9.975
2021-04-13,9.177
2021-04-20,9.47625
2021-04-27,9.47625
2021-05-04,9.6957
2021-05-11,10.653300000000002
2021-05-18,11.122125
2021-05-25,10.653300000000002
2021-06-01,9.426375
2021-06-08,8.4987
2021-06-15,8.329125
2021-06-22,8.0997
2021-06-29,7.98
2021-07-06,7.94675
2021-07-13,7.98
2021-07-20,8.07975
2021-07-27,8.059800000000001
2021-08-03,10.214400000000001
2021-08-10,10.374
2021-08-17,11.251800000000001
2021-08-24,12.236
2021-08-31,15.2019
2021-09-07,22.593375
2021-09-14,22.9425
2021-09-21,27.451200000000004
2021-09-28,33.74875
2021-10-05,28.42875
2021-10-12,21.9051
2021-10-19,31.487750000000002
2021-10-26,22.9425
2021-11-02,16.126250000000002
2021-11-09,16.5984
2021-11-16,14.443800000000001
2021-11-23,14.8827
2021-11-30,14.9226
2021-12-07,18.121250000000003
2021-12-14,25.3365
2021-12-21,28.9275
2021-12-28,26.134500000000003
2022-01-04,18.886000000000003
2022-01-11,26.9325
2022-01-18,29.127000000000002
2022-01-25,30.9225
2022-02-01,28.761250000000004
2022-02-08,25.0572
2022-02-15,22.6233
2022-02-22,18.753
2022-03-01,19.152
2022-03-08,30.637500000000003
2022-03-15,34.74625
2022-03-22,29.42625
2022-03-29,27.93
2022-04-05,28.82775
2022-04-12,26.134500000000003
2022-04-19,20.049750000000003
2022-04-26,18.78625
2022-05-03,16.0455
2022-05-10,15.2817
2022-05-17,13.640812500000003
2022-05-24,12.219375
2022-05-31,12.055500000000002
2022-06-07,12.398925000000002
2022-06-14,14.430500000000002
2022-06-21,16.017633333333336
2022-06-28,14.111300000000002
2022-07-05,12.9325875
2022-07-12,13.252500000000003
2022-07-19,14.8777125
2022-07-26,16.014862500000003
2022-08-02,16.017633333333336
2022-08-09,15.051166666666667
2022-08-16,15.555299999999999
2022-08-23,15.486187500000002
2022-08-30,16.4388
2022-09-06,22.383900000000004
2022-09-13,27.683950000000003
2022-09-20,38.094525000000004
2022-09-27,49.875
2022-10-04,90.44
2022-10-11,105.8596875
2022-10-18,72.568125
2022-10-25,88.445
2022-11-01,80.11421250000001
2022-11-08,40.73125
2022-11-15,40.8975
2022-11-22,33.915
2022-11-29,33.60926625
2022-12-06,32.14166666666667
2022-12-13,33.97734375
2022-12-20,33.63
2022-12-27,32.9175
2023-01-03,28.9275
2023-01-10,21.5709375
2023-01-17,19.2766875
2023-01-24,17.833083333333335
2023-01-31,18.7815
2023-02-07,18.542416666666668
2023-02-14,15.46125
2023-02-21,14.956265625
2023-02-28,14.242083333333335
2023-03-07,14.083453125
2023-03-14,15.625125
2023-03-21,17.413500000000003
2023-03-28,17.5310625
2023-04-04,16.1345625
2023-04-11,15.193171875
2023-04-18,13.765500000000001
2023-04-25,12.283499999999998
2023-05-02,10.58596875
2023-05-09,8.87775
2023-05-16,9.027375000000001
2023-05-23,8.436
2023-05-30,8.1046875
2023-06-06,8.0655
2023-06-13,8.243625000000002
2023-06-20,8.721000000000002
2023-06-27,8.911000000000001
2023-07-04,9.703458333333334
2023-07-11,10.760531250000001
2023-07-18,12.518625
2023-07-25,13.566
2023-08-01,14.114625
2023-08-08,14.139562500000002
2023-08-15,14.307
2023-08-22,15.653625
2023-08-29,23.329031250000003
2023-09-05,25.4505
2023-09-12,28.761250000000004
2023-09-19,38.348333333333336
2023-09-26,52.92291666666667
2023-10-03,38.154375
2023-10-10,25.6025
2023-10-17,23.0565
2023-10-24,23.156250000000004
2023-10-31,21.88265625
2023-11-07,18.62
2023-11-14,17.78875
2023-11-21,15.685687500000002
2023-11-28,15.0373125
2023-12-05,13.734328125000001
2023-12-12,13.042312500000001
2023-12-19,12.85528125
2023-12-26,12.728100000000001
2024-01-02,12.75553125
2024-01-09,13.017375000000001
2024-01-16,13.067250000000001
2024-01-23,12.89625
2024-01-30,13.790437500000001
2024-02-06,14.079
2024-02-13,14.600906250000001
2024-02-20,12.9675
2024-02-27,11.147062499999999
2024-03-05,10.6875
2024-03-12,10.523625
2024-03-19,10.822875000000002
2024-03-26,10.3455
2024-04-02,9.61340625
2024-04-09,9.084375
2024-04-16,8.647078125
2024-04-23,8.273708333333333
2024-04-30,8.435109375000001
2024-05-07,9.127125000000001
2024-05-14,9.837843750000001
2024-05-21,9.2019375
2024-05-28,8.81540625
2024-06-04,8.66578125
2024-06-11,8.86528125
2024-06-18,8.63835
2024-06-25,8.528625
2024-07-02,8.59096875
2024-07-09,8.61590625
2024-07-16,10.374
2024-07-23,12.169500000000001
2024-07-30,12.52575
2024-08-06,14.014875000000002
2024-08-13,15.048000000000002
2024-08-20,21.09
2024-08-27,24.62578125
2024-09-03,27.49359375
2024-09-10,31.670625
2024-09-17,32.3475
2024-09-24,29.36390625
2024-10-01,29.925
2024-10-08,31.184343750000004
2024-10-15,27.246000000000002
2024-10-22,30.0675
2024-10-29,33.84375
2024-11-05,23.66291666666667
2024-11-12,17.76796875
2024-11-19,16.24678125
2024-11-26,15.926750000000002
2024-12-03,15.4030625
2024-12-10,15.635812500000002
2024-12-17,15.577625000000001
2024-12-24,15.702312500000003
2024-12-31,15.361500000000001
2025-01-07,15.224343750000001
2025-01-14,14.981203125000002
2025-01-21,14.763000000000002
2025-01-28,14.763000000000002
2025-02-04,15.8935
2025-02-11,18.869375
2025-02-18,18.703125
2025-02-25,18.442666666666668
2025-03-04,18.346875
2025-03-11,17.31909375
2025-03-18,17.69315625
2025-03-25,18.01734375
2025-04-01,17.09465625
2025-04-08,16.137333333333334
2025-04-15,15.849166666666667
2025-04-22,13.922250000000002
2025-04-29,14.002406250000002
2025-05-06,14.65078125
2025-05-13,13.444083333333335
2025-05-20,12.535250000000001
2025-05-27,12.60590625
2025-06-03,12.506156250000002
2025-06-10,12.136250000000002
2025-06-17,12.52575
2025-06-24,13.3415625
2025-07-01,12.557416666666668
2025-07-08,13.23825
2025-07-15,15.96
2025-07-22,18.241781250000003
2025-07-29,18.88125
2025-08-05,18.31125
2025-08-12,17.91225
2025-08-19,18.52025
2025-08-26,18.64078125
2025-09-02,20.171666666666667
2025-09-09,23.204343750000003
2025-09-16,24.549583333333334
2025-09-23,24.682583333333334
2025-09-30,24.011250000000004
2025-10-07,18.89708333333333
2025-10-14,20.00541666666667
2025-10-21,19.672916666666666
2025-10-28,19.672916666666666
2025-11-04,19.894583333333333
2025-11-11,19.606416666666668
2025-11-18,18.80841666666667
2025-11-25,18.21684375
2025-12-02,17.59340625
2025-12-09,18.099083333333333
2025-12-16,20.08715625
2025-12-23,19.850250000000003
2025-12-30,19.937531250000003
2026-01-06,20.33653125
2026-01-13,20.60391666666667
2026-01-20,21.531750000000002
2026-01-27,24.355625
2026-02-03,24.66041666666667
2026-02-10,24.217083333333335
2026-02-17,24.90009375
2026-02-24,24.726916666666668
2026-03-03,23.079656250000003
2026-03-10,20.23678125
2026-03-17,19.229583333333334
2026-03-24,17.89265625
2026-03-31,18.092156250000002
2026-04-07,18.232083333333335
2026-04-14,18.26671875
2026-04-21,18.117093750000002
2026-04-28,18.14203125
2026-05-05,18.241781250000003
2026-05-12,18.067218750000002
2026-05-19,18.092156250000002
2026-05-26,17.967468750000002
2026-06-02,16.303583333333332
2026-06-09,16.126250000000002
2026-06-16,15.217416666666669
2026-06-23,14.751916666666668
2026-06-30,14.973583333333334
