week,contract_month_label,fwd_rate_per_ton
2004-01-07,Apr 2004,5.7456000000000005
2004-01-14,Apr 2004,5.7456000000000005
2004-01-21,Apr 2004,5.4663
2004-01-28,Apr 2004,5.5062
2004-02-04,May 2004,5.4264
2004-02-11,May 2004,5.5461
2004-02-18,May 2004,5.2269000000000005
2004-02-25,May 2004,5.2269000000000005
2004-03-03,Jun 2004,5.3865
2004-03-10,Jun 2004,5.306700000000001
2004-03-17,Jun 2004,5.1471
2004-03-24,Jun 2004,5.187
2004-03-31,Jun 2004,5.1471
2004-04-07,Jul 2004,5.3466000000000005
2004-04-14,Jul 2004,5.3466000000000005
2004-04-21,Jul 2004,5.3865
2004-04-28,Jul 2004,5.3865
2004-05-05,Aug 2004,6.384000000000001
2004-05-12,Aug 2004,6.5436000000000005
2004-05-19,Aug 2004,6.9426
2004-05-26,Aug 2004,6.9426
2004-06-02,Sep 2004,8.817900000000002
2004-06-09,Sep 2004,8.8977
2004-06-16,Sep 2004,8.778
2004-06-23,Sep 2004,8.8977
2004-06-30,Sep 2004,8.9775
2004-07-07,Oct 2004,9.655800000000001
2004-07-14,Oct 2004,9.7356
2004-07-21,Oct 2004,9.775500000000001
2004-07-28,Oct 2004,10.413900000000002
2004-08-04,Nov 2004,7.4613
2004-08-11,Nov 2004,7.4613
2004-08-18,Nov 2004,7.4214
2004-08-25,Nov 2004,7.4214
2004-09-01,Dec 2004,6.304200000000001
2004-09-08,Dec 2004,6.4239
2004-09-15,Dec 2004,6.5835
2004-09-22,Dec 2004,6.6234
2004-09-29,Dec 2004,7.0224
2004-10-06,Jan 2005,7.221900000000001
2004-10-13,Jan 2005,6.9825
2004-10-20,Jan 2005,7.261800000000001
2004-10-27,Jan 2005,7.900200000000001
2004-11-03,Feb 2005,7.5411
2004-11-10,Feb 2005,7.740600000000001
2004-11-17,Feb 2005,7.620900000000001
2004-11-24,Feb 2005,7.620900000000001
2004-12-01,Mar 2005,7.1421
2004-12-08,Mar 2005,7.182
2004-12-15,Mar 2005,7.4214
2004-12-22,Mar 2005,7.780500000000001
2004-12-29,Mar 2005,7.780500000000001
2005-01-05,Apr 2005,7.1022
2005-01-12,Apr 2005,7.261800000000001
2005-01-19,Apr 2005,7.182
2005-01-26,Apr 2005,7.7007
2005-02-02,May 2005,7.221900000000001
2005-02-09,May 2005,6.9426
2005-02-16,May 2005,7.341600000000001
2005-02-23,May 2005,7.5411
2005-03-02,Jun 2005,8.9775
2005-03-09,Jun 2005,9.0972
2005-03-16,Jun 2005,9.177
2005-03-23,Jun 2005,8.4987
2005-03-30,Jun 2005,7.620900000000001
2005-04-06,Jul 2005,8.618400000000001
2005-04-13,Jul 2005,8.4189
2005-04-20,Jul 2005,8.2992
2005-04-27,Jul 2005,8.1396
2005-05-04,Aug 2005,10.0947
2005-05-11,Aug 2005,10.334100000000001
2005-05-18,Aug 2005,10.2942
2005-05-25,Aug 2005,10.573500000000001
2005-06-01,Sep 2005,12.2493
2005-06-08,Sep 2005,12.8079
2005-06-15,Sep 2005,12.488700000000001
2005-06-22,Sep 2005,12.2094
2005-06-29,Sep 2005,12.369000000000002
2005-07-06,Oct 2005,13.1271
2005-07-13,Oct 2005,13.0473
2005-07-20,Oct 2005,13.526100000000001
2005-07-27,Oct 2005,13.406400000000001
2005-08-03,Nov 2005,10.9326
2005-08-10,Nov 2005,11.251800000000001
2005-08-17,Nov 2005,11.2119
2005-08-24,Nov 2005,11.331600000000002
2005-08-31,Nov 2005,13.685700000000002
2005-09-07,Dec 2005,12.9675
2005-09-14,Dec 2005,13.486200000000002
2005-09-21,Dec 2005,13.167
2005-09-28,Dec 2005,13.326600000000001
2005-10-05,Jan 2006,13.685700000000002
2005-10-12,Jan 2006,14.124600000000001
2005-10-19,Jan 2006,14.324100000000001
2005-10-26,Jan 2006,14.124600000000001
2005-11-02,Feb 2006,12.688200000000002
2005-11-09,Feb 2006,11.730600000000003
2005-11-16,Feb 2006,12.488700000000001
2005-11-23,Feb 2006,12.488700000000001
2005-11-30,Feb 2006,12.6483
2005-12-07,Mar 2006,12.768000000000002
2005-12-14,Mar 2006,13.406400000000001
2005-12-21,Mar 2006,13.4463
2005-12-28,Mar 2006,13.566
2006-01-04,Apr 2006,12.0897
2006-01-11,Apr 2006,12.2493
2006-01-18,Apr 2006,12.369000000000002
2006-01-25,Apr 2006,12.2493
2006-02-01,May 2006,12.0498
2006-02-08,May 2006,12.5286
2006-02-15,May 2006,12.5286
2006-02-22,May 2006,12.1296
2006-03-01,Jun 2006,12.2493
2006-03-08,Jun 2006,12.1296
2006-03-15,Jun 2006,12.0897
2006-03-22,Jun 2006,11.850299999999999
2006-03-29,Jun 2006,11.571000000000002
2006-04-05,Jul 2006,11.331600000000002
2006-04-12,Jul 2006,11.97
2006-04-19,Jul 2006,11.571000000000002
2006-04-26,Jul 2006,11.2119
2006-05-03,Aug 2006,14.8827
2006-05-10,Aug 2006,15.361500000000001
2006-05-17,Aug 2006,16.1595
2006-05-24,Aug 2006,16.5984
2006-05-31,Aug 2006,16.718100000000003
2006-06-07,Sep 2006,21.745500000000003
2006-06-14,Sep 2006,21.1869
2006-06-21,Sep 2006,21.9051
2006-06-28,Sep 2006,22.5834
2006-07-05,Oct 2006,24.458700000000004
2006-07-12,Oct 2006,24.219300000000004
2006-07-19,Oct 2006,25.7754
2006-07-26,Oct 2006,25.536000000000005
2006-08-02,Nov 2006,20.229300000000002
2006-08-09,Nov 2006,20.0697
2006-08-16,Nov 2006,20.0697
2006-08-23,Nov 2006,20.349
2006-08-30,Nov 2006,20.349
2006-09-06,Dec 2006,17.1171
2006-09-13,Dec 2006,16.9575
2006-09-19,Dec 2006,16.797900000000002
2006-09-26,Dec 2006,16.558500000000002
2006-10-03,Jan 2007,16.1595
2006-10-10,Jan 2007,15.720600000000001
2006-10-17,Jan 2007,15.800400000000002
2006-10-24,Jan 2007,14.763000000000002
2006-10-31,Jan 2007,15.241800000000001
2006-11-07,Feb 2007,14.9226
2006-11-14,Feb 2007,14.9226
2006-11-21,Feb 2007,14.9226
2006-11-28,Feb 2007,14.802900000000001
2006-12-05,Mar 2007,12.568500000000002
2006-12-12,Mar 2007,12.2094
2006-12-19,Mar 2007,10.453800000000001
2006-12-26,Mar 2007,10.533600000000002
2007-01-02,Apr 2007,10.1745
2007-01-09,Apr 2007,10.1346
2007-01-16,Apr 2007,12.4488
2007-01-23,Apr 2007,11.571000000000002
2007-01-30,Apr 2007,11.2119
2007-02-06,May 2007,10.693200000000001
2007-02-13,May 2007,11.0922
2007-02-20,May 2007,10.773
2007-02-27,May 2007,10.533600000000002
2007-03-06,Jun 2007,10.453800000000001
2007-03-13,Jun 2007,9.7356
2007-03-20,Jun 2007,9.416400000000001
2007-03-27,Jun 2007,8.9376
2007-04-03,Jul 2007,9.6159
2007-04-10,Jul 2007,10.27425
2007-04-17,Jul 2007,9.825375000000001
2007-04-24,Jul 2007,9.576
2007-05-01,Aug 2007,12.768000000000002
2007-05-08,Aug 2007,12.488700000000001
2007-05-15,Aug 2007,13.0074
2007-05-22,Aug 2007,13.087200000000001
2007-05-29,Aug 2007,13.915125
2007-06-05,Sep 2007,18.8195
2007-06-12,Sep 2007,18.503625000000003
2007-06-19,Sep 2007,19.152
2007-06-26,Sep 2007,19.152
2007-07-03,Oct 2007,19.8702
2007-07-10,Oct 2007,20.7879
2007-07-17,Oct 2007,22.344
2007-07-24,Oct 2007,22.9425
2007-07-31,Oct 2007,22.4238
2007-08-07,Nov 2007,17.3964
2007-08-14,Nov 2007,18.45375
2007-08-21,Nov 2007,19.152
2007-08-28,Nov 2007,19.0722
2007-09-04,Dec 2007,15.0822
2007-09-11,Dec 2007,15.441300000000002
2007-09-18,Dec 2007,14.683200000000001
2007-09-25,Dec 2007,14.643300000000002
2007-10-02,Jan 2008,14.683200000000001
2007-10-09,Jan 2008,14.0448
2007-10-16,Jan 2008,14.2842
2007-10-23,Jan 2008,13.685700000000002
2007-10-30,Jan 2008,13.0074
2007-11-06,Feb 2008,12.568500000000002
2007-11-13,Feb 2008,13.685700000000002
2007-11-20,Feb 2008,13.615875
2007-11-27,Feb 2008,12.817875
2007-12-04,Mar 2008,13.067250000000001
2007-12-11,Mar 2008,13.216875
2007-12-18,Mar 2008,12.2493
2007-12-25,Mar 2008,11.7705
2008-01-01,Apr 2008,11.637500000000003
2008-01-08,Apr 2008,11.371500000000001
2008-01-15,Apr 2008,12.289200000000001
2008-01-22,Apr 2008,13.206900000000001
2008-01-29,Apr 2008,12.6483
2008-02-05,May 2008,12.0897
2008-02-12,May 2008,12.688200000000002
2008-02-19,May 2008,12.8478
2008-02-26,May 2008,13.3665
2008-03-04,Jun 2008,13.965
2008-03-11,Jun 2008,13.8453
2008-03-18,Jun 2008,14.0847
2008-03-25,Jun 2008,13.526100000000001
2008-04-01,Jul 2008,14.364
2008-04-08,Jul 2008,13.715625
2008-04-15,Jul 2008,14.895999999999999
2008-04-22,Jul 2008,14.2443
2008-04-29,Jul 2008,14.683200000000001
2008-05-06,Aug 2008,17.9151
2008-05-13,Aug 2008,17.835300000000004
2008-05-20,Aug 2008,18.5535
2008-05-27,Aug 2008,19.750500000000002
2008-06-03,Sep 2008,23.062200000000004
2008-06-10,Sep 2008,26.294100000000004
2008-06-17,Sep 2008,27.4113
2008-06-24,Sep 2008,25.256700000000002
2008-07-01,Oct 2008,25.935
2008-07-08,Oct 2008,25.456200000000003
2008-07-15,Oct 2008,24.6981
2008-07-22,Oct 2008,23.1819
2008-07-29,Oct 2008,24.9375
2008-08-05,Nov 2008,19.0722
2008-08-12,Nov 2008,19.0722
2008-08-19,Nov 2008,20.428800000000003
2008-08-26,Nov 2008,19.152
2008-09-02,Dec 2008,17.9949
2008-09-09,Dec 2008,17.835300000000004
2008-09-16,Dec 2008,16.8777
2008-09-23,Dec 2008,16.9575
2008-09-30,Dec 2008,16.9575
2008-10-07,Jan 2009,17.835300000000004
2008-10-14,Jan 2009,17.556
2008-10-21,Jan 2009,16.0797
2008-10-28,Jan 2009,17.436300000000003
2008-11-04,Feb 2009,17.2767
2008-11-11,Feb 2009,15.640800000000002
2008-11-18,Feb 2009,13.965
2008-11-25,Feb 2009,12.488700000000001
2008-12-02,Mar 2009,12.768000000000002
2008-12-09,Mar 2009,14.364
2008-12-16,Mar 2009,14.6034
2008-12-23,Mar 2009,13.416375
2008-12-30,Mar 2009,11.97
2009-01-06,Apr 2009,10.812899999999999
2009-01-13,Apr 2009,12.0498
2009-01-20,Apr 2009,13.965
2009-01-27,Apr 2009,11.9301
2009-02-03,May 2009,12.289200000000001
2009-02-10,May 2009,10.653300000000002
2009-02-17,May 2009,9.576
2009-02-24,May 2009,9.2568
2009-03-03,Jun 2009,9.8154
2009-03-10,Jun 2009,9.4962
2009-03-17,Jun 2009,9.4962
2009-03-24,Jun 2009,10.024875000000002
2009-03-31,Jun 2009,9.443000000000001
2009-04-07,Jul 2009,9.975
2009-04-14,Jul 2009,10.0415
2009-04-21,Jul 2009,10.1745
2009-04-28,Jul 2009,10.693200000000001
2009-05-05,Aug 2009,12.9675
2009-05-12,Aug 2009,13.765500000000001
2009-05-19,Aug 2009,11.080562500000001
2009-05-26,Aug 2009,13.167
2009-06-02,Sep 2009,18.753
2009-06-09,Sep 2009,18.4205
2009-06-16,Sep 2009,18.1545
2009-06-23,Sep 2009,18.0215
2009-06-30,Sep 2009,16.9575
2009-07-07,Oct 2009,19.8303
2009-07-14,Oct 2009,18.45375
2009-07-21,Oct 2009,19.4712
2009-07-28,Oct 2009,19.95
2009-08-04,Nov 2009,14.9625
2009-08-11,Nov 2009,14.314125
2009-08-18,Nov 2009,15.3216
2009-08-25,Nov 2009,15.029000000000002
2009-09-01,Dec 2009,12.369000000000002
2009-09-08,Dec 2009,12.817875
2009-09-15,Dec 2009,12.768000000000002
2009-09-22,Dec 2009,12.518625
2009-09-29,Dec 2009,13.034
2009-10-06,Jan 2010,12.568500000000002
2009-10-13,Jan 2010,12.369000000000002
2009-10-20,Jan 2010,12.369000000000002
2009-10-27,Jan 2010,12.06975
2009-11-03,Feb 2010,12.06975
2009-11-10,Feb 2010,13.406400000000001
2009-11-17,Feb 2010,12.369000000000002
2009-11-24,Feb 2010,11.172
2009-12-01,Mar 2010,10.872750000000002
2009-12-08,Mar 2010,11.5045
2009-12-15,Mar 2010,10.773
2009-12-22,Mar 2010,10.613400000000002
2009-12-29,Mar 2010,10.453800000000001
2010-01-05,Apr 2010,10.108
2010-01-12,Apr 2010,9.925125000000001
2010-01-19,Apr 2010,10.07475
2010-01-26,Apr 2010,10.507
2010-02-02,May 2010,10.440500000000002
2010-02-09,May 2010,9.975
2010-02-16,May 2010,9.576
2010-02-23,May 2010,8.4189
2010-03-02,Jun 2010,9.775500000000001
2010-03-09,Jun 2010,10.0415
2010-03-16,Jun 2010,8.87775
2010-03-23,Jun 2010,9.044
2010-03-30,Jun 2010,8.279250000000001
2010-04-06,Jul 2010,9.127125000000001
2010-04-13,Jul 2010,8.87775
2010-04-20,Jul 2010,9.1105
2010-04-27,Jul 2010,9.509500000000001
2010-05-04,Aug 2010,12.103
2010-05-11,Aug 2010,14.46375
2010-05-18,Aug 2010,14.763000000000002
2010-05-25,Aug 2010,14.214375
2010-06-01,Sep 2010,19.6707
2010-06-08,Sep 2010,19.3515
2010-06-15,Sep 2010,19.750500000000002
2010-06-22,Sep 2010,19.684
2010-06-29,Sep 2010,19.511100000000003
2010-07-06,Oct 2010,19.8303
2010-07-13,Oct 2010,20.648250000000004
2010-07-20,Oct 2010,21.246750000000002
2010-07-27,Oct 2010,21.413
2010-08-03,Nov 2010,15.162
2010-08-10,Nov 2010,15.3216
2010-08-17,Nov 2010,14.66325
2010-08-24,Nov 2010,15.411375
2010-08-31,Nov 2010,15.411375
2010-09-07,Dec 2010,12.9675
2010-09-14,Dec 2010,12.8877
2010-09-21,Dec 2010,12.768000000000002
2010-09-28,Dec 2010,12.319125000000001
2010-10-05,Jan 2011,12.169500000000001
2010-10-12,Jan 2011,12.06975
2010-10-19,Jan 2011,12.236
2010-10-26,Jan 2011,12.019874999999999
2010-11-02,Feb 2011,12.119625000000001
2010-11-09,Feb 2011,12.502
2010-11-16,Feb 2011,12.26925
2010-11-23,Feb 2011,13.117125000000001
2010-11-30,Feb 2011,13.316625000000002
2010-12-07,Mar 2011,11.97
2010-12-14,Mar 2011,12.369000000000002
2010-12-21,Mar 2011,12.46875
2010-12-28,Mar 2011,11.7705
2011-01-04,Apr 2011,11.172
2011-01-11,Apr 2011,11.321625000000001
2011-01-18,Apr 2011,11.571000000000002
2011-01-25,Apr 2011,11.321625000000001
2011-02-01,May 2011,13.316625000000002
2011-02-08,May 2011,11.97
2011-02-15,May 2011,13.216875
2011-02-22,May 2011,12.701500000000001
2011-03-01,Jun 2011,12.435500000000001
2011-03-08,Jun 2011,15.827000000000004
2011-03-15,Jun 2011,15.029000000000002
2011-03-22,Jun 2011,14.430500000000002
2011-03-29,Jun 2011,14.097999999999999
2011-04-05,Jul 2011,14.497
2011-04-12,Jul 2011,14.895999999999999
2011-04-19,Jul 2011,14.9625
2011-04-26,Jul 2011,14.443800000000001
2011-05-03,Aug 2011,14.9625
2011-05-10,Aug 2011,19.617500000000003
2011-05-17,Aug 2011,16.758000000000003
2011-05-24,Aug 2011,16.9575
2011-05-31,Aug 2011,16.8777
2011-06-07,Sep 2011,24.039749999999998
2011-06-14,Sep 2011,24.9375
2011-06-21,Sep 2011,22.44375
2011-06-28,Sep 2011,22.344
2011-07-05,Oct 2011,24.272500000000004
2011-07-12,Oct 2011,25.3365
2011-07-19,Oct 2011,23.94
2011-07-26,Oct 2011,23.640750000000004
2011-08-02,Nov 2011,24.472
2011-08-09,Nov 2011,19.45125
2011-08-16,Nov 2011,17.65575
2011-08-23,Nov 2011,17.689
2011-08-30,Nov 2011,16.891
2011-09-06,Dec 2011,15.96
2011-09-13,Dec 2011,15.361500000000001
2011-09-20,Dec 2011,15.4945
2011-09-27,Dec 2011,15.162
2011-10-04,Jan 2012,14.763000000000002
2011-10-11,Jan 2012,14.364
2011-10-18,Jan 2012,14.4837
2011-10-25,Jan 2012,13.167
2011-11-01,Feb 2012,13.087200000000001
2011-11-08,Feb 2012,13.499500000000001
2011-11-15,Feb 2012,12.768000000000002
2011-11-22,Feb 2012,11.7705
2011-11-29,Feb 2012,12.0365
2011-12-06,Mar 2012,11.97
2011-12-13,Mar 2012,11.371500000000001
2011-12-20,Mar 2012,11.0523
2011-12-27,Mar 2012,9.775500000000001
2012-01-03,Apr 2012,10.374
2012-01-10,Apr 2012,10.573500000000001
2012-01-17,Apr 2012,11.1055
2012-01-24,Apr 2012,12.568500000000002
2012-01-31,Apr 2012,11.8902
2012-02-07,May 2012,11.321625000000001
2012-02-14,May 2012,11.172
2012-02-21,May 2012,10.374
2012-02-28,May 2012,10.8528
2012-03-06,Jun 2012,10.653300000000002
2012-03-13,Jun 2012,10.4937
2012-03-20,Jun 2012,10.374
2012-03-27,Jun 2012,10.27425
2012-04-03,Jul 2012,11.0523
2012-04-10,Jul 2012,9.875250000000001
2012-04-17,Jul 2012,10.2942
2012-04-24,Jul 2012,10.1745
2012-05-01,Aug 2012,15.2817
2012-05-08,Aug 2012,15.2817
2012-05-15,Aug 2012,15.627500000000003
2012-05-22,Aug 2012,15.96
2012-05-29,Aug 2012,15.261750000000001
2012-06-05,Sep 2012,19.102125
2012-06-12,Sep 2012,18.204375
2012-06-19,Sep 2012,16.25925
2012-06-26,Sep 2012,16.824500000000004
2012-07-03,Oct 2012,15.760500000000002
2012-07-10,Oct 2012,17.955
2012-07-17,Oct 2012,18.45375
2012-07-24,Oct 2012,18.62
2012-07-31,Oct 2012,16.758000000000003
2012-08-07,Nov 2012,13.3
2012-08-14,Nov 2012,14.430500000000002
2012-08-21,Nov 2012,13.499500000000001
2012-08-28,Nov 2012,14.264250000000002
2012-09-04,Dec 2012,12.9675
2012-09-11,Dec 2012,13.665750000000001
2012-09-18,Dec 2012,13.965
2012-09-25,Dec 2012,13.3
2012-10-02,Jan 2013,13.645800000000001
2012-10-09,Jan 2013,12.46875
2012-10-16,Jan 2013,13.965
2012-10-23,Jan 2013,13.765500000000001
2012-10-30,Jan 2013,14.630000000000003
2012-11-06,Feb 2013,14.763000000000002
2012-11-13,Feb 2013,14.9625
2012-11-20,Feb 2013,16.2925
2012-11-27,Feb 2013,16.2792
2012-12-04,Mar 2013,13.486200000000002
2012-12-11,Mar 2013,13.087200000000001
2012-12-18,Mar 2013,13.167
2012-12-25,Mar 2013,12.9675
2013-01-01,Apr 2013,11.67075
2013-01-08,Apr 2013,11.7705
2013-01-15,Apr 2013,10.9725
2013-01-22,Apr 2013,10.9725
2013-01-29,Apr 2013,10.374
2013-02-05,May 2013,9.975
2013-02-12,May 2013,9.842
2013-02-19,May 2013,9.975
2013-02-26,May 2013,9.975
2013-03-05,Jun 2013,9.975
2013-03-12,Jun 2013,9.975
2013-03-19,Jun 2013,9.8952
2013-03-26,Jun 2013,9.576
2013-04-02,Jul 2013,9.27675
2013-04-09,Jul 2013,9.775500000000001
2013-04-16,Jul 2013,9.243500000000001
2013-04-23,Jul 2013,14.9625
2013-04-30,Jul 2013,8.9775
2013-05-07,Aug 2013,12.66825
2013-05-14,Aug 2013,11.47125
2013-05-21,Aug 2013,12.8345
2013-05-28,Aug 2013,13.167
2013-06-04,Sep 2013,16.824500000000004
2013-06-11,Sep 2013,14.9625
2013-06-18,Sep 2013,15.481200000000001
2013-06-25,Sep 2013,16.226000000000003
2013-07-02,Oct 2013,19.617500000000003
2013-07-09,Oct 2013,19.750500000000002
2013-07-16,Oct 2013,19.617500000000003
2013-07-23,Oct 2013,20.4155
2013-07-30,Oct 2013,20.4155
2013-08-06,Nov 2013,18.487000000000002
2013-08-13,Nov 2013,17.157
2013-08-20,Nov 2013,17.955
2013-08-27,Nov 2013,18.487000000000002
2013-09-03,Dec 2013,13.965
2013-09-10,Dec 2013,13.765500000000001
2013-09-17,Dec 2013,14.1645
2013-09-24,Dec 2013,14.097999999999999
2013-10-01,Jan 2014,13.8453
2013-10-08,Jan 2014,14.1645
2013-10-15,Jan 2014,14.1645
2013-10-22,Jan 2014,14.46375
2013-10-29,Jan 2014,14.430500000000002
2013-11-05,Feb 2014,13.832
2013-11-12,Feb 2014,14.630000000000003
2013-11-19,Feb 2014,15.428000000000003
2013-11-26,Feb 2014,14.613375000000001
2013-12-03,Mar 2014,14.430500000000002
2013-12-10,Mar 2014,13.034
2013-12-17,Mar 2014,14.097999999999999
2013-12-24,Mar 2014,14.2975
2013-12-31,Mar 2014,14.097999999999999
2014-01-07,Apr 2014,13.3
2014-01-14,Apr 2014,12.8345
2014-01-21,Apr 2014,13.699000000000002
2014-01-28,Apr 2014,13.3665
2014-02-04,May 2014,12.9675
2014-02-11,May 2014,12.6483
2014-02-18,May 2014,13.632500000000002
2014-02-25,May 2014,13.715625
2014-03-04,Jun 2014,15.029000000000002
2014-03-11,Jun 2014,15.96
2014-03-18,Jun 2014,14.763000000000002
2014-03-25,Jun 2014,12.9675
2014-04-01,Jul 2014,11.67075
2014-04-08,Jul 2014,11.67075
2014-04-15,Jul 2014,10.440500000000002
2014-04-22,Jul 2014,10.024875000000002
2014-04-29,Jul 2014,9.775500000000001
2014-05-06,Aug 2014,13.3
2014-05-13,Aug 2014,12.9675
2014-05-20,Aug 2014,12.66825
2014-05-27,Aug 2014,13.898499999999999
2014-06-03,Sep 2014,18.62
2014-06-10,Sep 2014,18.2875
2014-06-17,Sep 2014,18.5535
2014-06-24,Sep 2014,19.999875000000003
2014-07-01,Oct 2014,23.94
2014-07-08,Oct 2014,24.239250000000002
2014-07-15,Oct 2014,25.6025
2014-07-22,Oct 2014,25.835250000000002
2014-07-29,Oct 2014,26.9325
2014-08-05,Nov 2014,22.144500000000004
2014-08-12,Nov 2014,22.44375
2014-08-19,Nov 2014,23.6075
2014-08-26,Nov 2014,23.690625
2014-09-02,Dec 2014,19.750500000000002
2014-09-09,Dec 2014,19.817000000000004
2014-09-16,Dec 2014,20.083
2014-09-23,Dec 2014,21.4795
2014-09-30,Dec 2014,21.945
2014-10-07,Jan 2015,20.2825
2014-10-14,Jan 2015,18.62
2014-10-21,Jan 2015,18.703125
2014-10-28,Jan 2015,19.152
2014-11-04,Feb 2015,17.476200000000002
2014-11-11,Feb 2015,16.492
2014-11-18,Feb 2015,16.209375
2014-11-25,Feb 2015,16.1595
2014-12-02,Mar 2015,13.965
2014-12-09,Mar 2015,12.568500000000002
2014-12-16,Mar 2015,12.718125
2014-12-23,Mar 2015,11.9035
2014-12-30,Mar 2015,11.072250000000002
2015-01-06,Apr 2015,11.47125
2015-01-13,Apr 2015,11.637500000000003
2015-01-20,Apr 2015,11.47125
2015-01-27,Apr 2015,10.9725
2015-02-03,May 2015,10.9725
2015-02-10,May 2015,10.573500000000001
2015-02-17,May 2015,9.509500000000001
2015-02-24,May 2015,9.31
2015-03-03,Jun 2015,9.243500000000001
2015-03-10,Jun 2015,9.3765
2015-03-17,Jun 2015,9.709000000000001
2015-03-24,Jun 2015,10.9725
2015-03-31,Jun 2015,10.1745
2015-04-07,Jul 2015,10.773
2015-04-14,Jul 2015,10.9725
2015-04-21,Jul 2015,10.9725
2015-04-28,Jul 2015,10.573500000000001
2015-05-05,Aug 2015,14.46375
2015-05-12,Aug 2015,14.46375
2015-05-19,Aug 2015,15.295
2015-05-26,Aug 2015,15.361500000000001
2015-06-02,Sep 2015,22.743000000000002
2015-06-09,Sep 2015,22.277500000000003
2015-06-16,Sep 2015,21.945
2015-06-23,Sep 2015,23.44125
2015-06-30,Sep 2015,25.735500000000002
2015-07-07,Oct 2015,25.935
2015-07-14,Oct 2015,24.272500000000004
2015-07-21,Oct 2015,23.7405
2015-07-28,Oct 2015,21.44625
2015-08-04,Nov 2015,17.622500000000002
2015-08-11,Nov 2015,16.9575
2015-08-18,Nov 2015,17.29
2015-08-25,Nov 2015,16.824500000000004
2015-09-01,Dec 2015,13.965
2015-09-08,Dec 2015,13.46625
2015-09-15,Dec 2015,12.9675
2015-09-22,Dec 2015,13.1005
2015-09-29,Dec 2015,13.765500000000001
2015-10-06,Jan 2016,13.499500000000001
2015-10-13,Jan 2016,12.169500000000001
2015-10-20,Jan 2016,12.568500000000002
2015-10-27,Jan 2016,11.97
2015-11-03,Feb 2016,10.108
2015-11-10,Feb 2016,9.3765
2015-11-17,Feb 2016,9.576
2015-11-24,Feb 2016,8.1795
2015-12-01,Mar 2016,8.4987
2015-12-08,Mar 2016,7.98
2015-12-15,Mar 2016,7.581
2015-12-22,Mar 2016,7.714000000000001
2015-12-29,Mar 2016,7.780500000000001
2016-01-05,Apr 2016,7.98
2016-01-12,Apr 2016,7.281750000000001
2016-01-19,Apr 2016,7.281750000000001
2016-01-26,Apr 2016,7.581
2016-02-02,May 2016,7.281750000000001
2016-02-09,May 2016,7.182
2016-02-16,May 2016,6.9825
2016-02-23,May 2016,6.783
2016-03-01,Jun 2016,6.284250000000001
2016-03-08,Jun 2016,6.0847500000000005
2016-03-15,Jun 2016,6.284250000000001
2016-03-22,Jun 2016,6.902699999999999
2016-03-29,Jun 2016,7.780500000000001
2016-04-05,Jul 2016,7.182
2016-04-12,Jul 2016,7.48125
2016-04-19,Jul 2016,8.47875
2016-04-26,Jul 2016,8.1795
2016-05-03,Aug 2016,10.47375
2016-05-10,Aug 2016,11.7705
2016-05-17,Aug 2016,11.97
2016-05-24,Aug 2016,11.398100000000001
2016-05-31,Aug 2016,10.905999999999999
2016-06-07,Sep 2016,16.625000000000004
2016-06-14,Sep 2016,18.9525
2016-06-21,Sep 2016,18.753
2016-06-28,Sep 2016,19.152
2016-07-05,Oct 2016,21.147000000000002
2016-07-12,Oct 2016,16.9575
2016-07-19,Oct 2016,20.748
2016-07-26,Oct 2016,20.748
2016-08-02,Nov 2016,17.955
2016-08-09,Nov 2016,16.9575
2016-08-16,Nov 2016,17.45625
2016-08-23,Nov 2016,16.9575
2016-08-30,Nov 2016,19.650750000000002
2016-09-06,Dec 2016,11.371500000000001
2016-09-13,Dec 2016,11.67075
2016-09-20,Dec 2016,10.9725
2016-09-27,Dec 2016,13.167
2016-10-04,Jan 2017,10.693200000000001
2016-10-11,Jan 2017,9.975
2016-10-18,Jan 2017,9.576
2016-10-25,Jan 2017,9.975
2016-11-01,Feb 2017,9.47625
2016-11-08,Feb 2017,8.9775
2016-11-15,Feb 2017,7.581
2016-11-22,Feb 2017,7.581
2016-11-29,Feb 2017,7.48125
2016-12-06,Mar 2017,7.381500000000001
2016-12-13,Mar 2017,7.115500000000001
2016-12-20,Mar 2017,7.182
2016-12-27,Mar 2017,7.381500000000001
2017-01-03,Apr 2017,7.281750000000001
2017-01-10,Apr 2017,7.381500000000001
2017-01-17,Apr 2017,7.780500000000001
2017-01-24,Apr 2017,8.07975
2017-01-31,Apr 2017,7.714000000000001
2017-02-07,May 2017,7.780500000000001
2017-02-14,May 2017,7.780500000000001
2017-02-21,May 2017,7.98
2017-02-28,May 2017,8.1795
2017-03-07,Jun 2017,7.880250000000001
2017-03-14,Jun 2017,7.880250000000001
2017-03-21,Jun 2017,7.780500000000001
2017-03-28,Jun 2017,7.581
2017-04-04,Jul 2017,7.98
2017-04-11,Jul 2017,7.680750000000001
2017-04-18,Jul 2017,7.780500000000001
2017-04-25,Jul 2017,7.381500000000001
2017-05-02,Aug 2017,10.3075
2017-05-09,Aug 2017,9.07725
2017-05-16,Aug 2017,9.875250000000001
2017-05-23,Aug 2017,9.509500000000001
2017-05-30,Aug 2017,12.06975
2017-06-06,Sep 2017,11.47125
2017-06-13,Sep 2017,10.9725
2017-06-20,Sep 2017,10.9725
2017-06-27,Sep 2017,11.97
2017-07-04,Oct 2017,12.9675
2017-07-11,Oct 2017,13.3665
2017-07-18,Oct 2017,13.3665
2017-07-25,Oct 2017,12.9675
2017-08-01,Nov 2017,10.9725
2017-08-08,Nov 2017,10.9725
2017-08-15,Nov 2017,10.47375
2017-08-22,Nov 2017,11.172
2017-08-29,Nov 2017,11.172
2017-09-05,Dec 2017,11.371500000000001
2017-09-12,Dec 2017,9.975
2017-09-19,Dec 2017,11.7705
2017-09-26,Dec 2017,9.975
2017-10-03,Jan 2018,10.9725
2017-10-10,Jan 2018,9.27675
2017-10-17,Jan 2018,9.177
2017-10-24,Jan 2018,9.177
2017-10-31,Jan 2018,8.778
2017-11-07,Feb 2018,9.47625
2017-11-14,Feb 2018,8.67825
2017-11-21,Feb 2018,8.279250000000001
2017-11-28,Feb 2018,8.113000000000001
2017-12-05,Mar 2018,7.48125
2017-12-12,Mar 2018,8.279250000000001
2017-12-19,Mar 2018,8.279250000000001
2017-12-26,Mar 2018,8.778
2018-01-02,Apr 2018,8.5785
2018-01-09,Apr 2018,8.778
2018-01-16,Apr 2018,9.07725
2018-01-23,Apr 2018,8.47875
2018-01-30,Apr 2018,9.07725
2018-02-06,May 2018,8.9775
2018-02-13,May 2018,8.5785
2018-02-20,May 2018,10.07475
2018-02-27,May 2018,10.812899999999999
2018-03-06,Jun 2018,13.266750000000002
2018-03-13,Jun 2018,13.46625
2018-03-20,Jun 2018,11.47125
2018-03-27,Jun 2018,13.566
2018-04-03,Jul 2018,13.632500000000002
2018-04-10,Jul 2018,14.2975
2018-04-17,Jul 2018,15.627500000000003
2018-04-24,Jul 2018,14.46375
2018-05-01,Aug 2018,13.3
2018-05-08,Aug 2018,12.9675
2018-05-15,Aug 2018,12.768000000000002
2018-05-22,Aug 2018,12.9675
2018-05-29,Aug 2018,13.416375
2018-06-05,Sep 2018,18.45375
2018-06-12,Sep 2018,18.354
2018-06-19,Sep 2018,17.685675
2018-06-26,Sep 2018,16.2925
2018-07-03,Oct 2018,17.45625
2018-07-10,Oct 2018,17.05725
2018-07-17,Oct 2018,17.05725
2018-07-24,Oct 2018,17.822000000000003
2018-07-31,Oct 2018,15.0955
2018-08-07,Nov 2018,15.760500000000002
2018-08-14,Nov 2018,15.760500000000002
2018-08-21,Nov 2018,14.9625
2018-08-28,Nov 2018,14.9625
2018-09-04,Dec 2018,12.9675
2018-09-11,Dec 2018,12.66825
2018-09-18,Dec 2018,12.9675
2018-09-25,Dec 2018,12.46875
2018-10-02,Jan 2019,12.46875
2018-10-09,Jan 2019,12.435500000000001
2018-10-16,Jan 2019,12.06975
2018-10-23,Jan 2019,12.46875
2018-10-30,Jan 2019,11.637500000000003
2018-11-06,Feb 2019,10.673250000000001
2018-11-13,Feb 2019,10.573500000000001
2018-11-20,Feb 2019,9.975
2018-11-27,Feb 2019,9.576
2018-12-04,Mar 2019,9.775500000000001
2018-12-11,Mar 2019,10.9725
2018-12-18,Mar 2019,10.673250000000001
2018-12-25,Mar 2019,10.573500000000001
2019-01-01,Apr 2019,10.374
2019-01-08,Apr 2019,10.773
2019-01-15,Apr 2019,10.773
2019-01-22,Apr 2019,10.773
2019-01-29,Apr 2019,11.072250000000002
2019-02-05,May 2019,11.39366666666667
2019-02-12,May 2019,13.46625
2019-02-19,May 2019,12.8345
2019-02-26,May 2019,15.627500000000003
2019-03-05,Jun 2019,13.499500000000001
2019-03-12,Jun 2019,13.167
2019-03-19,Jun 2019,12.768000000000002
2019-03-26,Jun 2019,14.497
2019-04-02,Jul 2019,13.1005
2019-04-09,Jul 2019,11.97
2019-04-16,Jul 2019,11.97
2019-04-23,Jul 2019,11.238500000000002
2019-04-30,Jul 2019,12.263708333333334
2019-05-07,Aug 2019,11.67075
2019-05-14,Aug 2019,11.7705
2019-05-21,Aug 2019,11.7705
2019-05-28,Aug 2019,14.9625
2019-06-04,Sep 2019,15.295
2019-06-11,Sep 2019,13.765500000000001
2019-06-18,Sep 2019,13.3
2019-06-25,Sep 2019,13.167
2019-07-02,Oct 2019,13.067250000000001
2019-07-09,Oct 2019,13.433000000000002
2019-07-16,Oct 2019,13.765500000000001
2019-07-23,Oct 2019,14.2975
2019-07-30,Oct 2019,15.0024
2019-08-06,Nov 2019,12.1296
2019-08-13,Nov 2019,12.608400000000001
2019-08-20,Nov 2019,12.369000000000002
2019-08-27,Nov 2019,12.4488
2019-09-03,Dec 2019,11.2917
2019-09-10,Dec 2019,10.8927
2019-09-17,Dec 2019,11.491200000000001
2019-09-24,Dec 2019,11.2917
2019-10-01,Jan 2020,10.9725
2019-10-08,Jan 2020,11.0922
2019-10-15,Jan 2020,10.693200000000001
2019-10-22,Jan 2020,10.573500000000001
2019-10-29,Jan 2020,10.2543
2019-11-05,Feb 2020,9.8154
2019-11-12,Feb 2020,10.4937
2019-11-19,Feb 2020,10.573500000000001
2019-11-26,Feb 2020,10.1745
2019-12-03,Mar 2020,10.1346
2019-12-10,Mar 2020,9.6957
2019-12-17,Mar 2020,9.67575
2019-12-24,Mar 2020,9.47625
2019-12-31,Mar 2020,9.576
2020-01-07,Apr 2020,9.6159
2020-01-14,Apr 2020,9.6159
2020-01-21,Apr 2020,9.526125
2020-01-28,Apr 2020,9.3366
2020-02-04,May 2020,8.9775
2020-02-11,May 2020,8.5785
2020-02-18,May 2020,8.2992
2020-02-25,May 2020,8.1795
2020-03-03,Jun 2020,8.1795
2020-03-10,Jun 2020,7.9401
2020-03-17,Jun 2020,7.780500000000001
2020-03-24,Jun 2020,8.3391
2020-03-31,Jun 2020,8.9775
2020-04-07,Jul 2020,8.778
2020-04-14,Jul 2020,8.2992
2020-04-21,Jul 2020,7.740600000000001
2020-04-28,Jul 2020,7.5411
2020-05-05,Aug 2020,8.2992
2020-05-12,Aug 2020,8.2992
2020-05-19,Aug 2020,9.3366
2020-05-26,Aug 2020,9.0573
2020-06-02,Sep 2020,13.406400000000001
2020-06-09,Sep 2020,13.765500000000001
2020-06-16,Sep 2020,14.2443
2020-06-23,Sep 2020,14.324100000000001
2020-06-30,Sep 2020,14.4837
2020-07-07,Oct 2020,14.8827
2020-07-14,Oct 2020,14.620500000000002
2020-07-21,Oct 2020,15.481200000000001
2020-07-28,Oct 2020,15.680700000000002
2020-08-04,Nov 2020,11.132100000000001
2020-08-11,Nov 2020,10.9725
2020-08-18,Nov 2020,11.0124
2020-08-25,Nov 2020,11.2119
2020-09-01,Dec 2020,10.374
2020-09-08,Dec 2020,10.507
2020-09-15,Dec 2020,10.9725
2020-09-22,Dec 2020,11.072250000000002
2020-09-29,Dec 2020,10.9725
2020-10-06,Jan 2021,11.0922
2020-10-13,Jan 2021,12.3291
2020-10-20,Jan 2021,13.516125000000002
2020-10-27,Jan 2021,13.737
2020-11-03,Feb 2021,13.566
2020-11-10,Feb 2021,13.566
2020-11-17,Feb 2021,12.568500000000002
2020-11-24,Feb 2021,12.236
2020-12-01,Mar 2021,12.0897
2020-12-08,Mar 2021,11.2119
2020-12-15,Mar 2021,10.8528
2020-12-22,Mar 2021,10.9725
2020-12-29,Mar 2021,11.271749999999999
2021-01-05,Apr 2021,10.374
2021-01-12,Apr 2021,10.723125
2021-01-19,Apr 2021,11.371500000000001
2021-01-26,Apr 2021,10.523625
2021-02-02,May 2021,10.693200000000001
2021-02-09,May 2021,10.7331
2021-02-16,May 2021,10.723125
2021-02-23,May 2021,10.523625
2021-03-02,Jun 2021,10.324125000000002
2021-03-09,Jun 2021,10.334100000000001
2021-03-16,Jun 2021,10.224375
2021-03-23,Jun 2021,10.523625
2021-03-30,Jun 2021,10.1745
2021-04-06,Jul 2021,9.3366
2021-04-13,Jul 2021,9.027375000000001
2021-04-20,Jul 2021,9.127125000000001
2021-04-27,Jul 2021,9.14375
2021-05-04,Aug 2021,9.975
2021-05-11,Aug 2021,10.693200000000001
2021-05-18,Aug 2021,11.072250000000002
2021-05-25,Aug 2021,10.8927
2021-06-01,Sep 2021,17.157
2021-06-08,Sep 2021,17.436300000000003
2021-06-15,Sep 2021,17.65575
2021-06-22,Sep 2021,16.797900000000002
2021-06-29,Sep 2021,16.708125
2021-07-06,Oct 2021,17.78875
2021-07-13,Oct 2021,17.29
2021-07-20,Oct 2021,17.45625
2021-07-27,Oct 2021,17.0772
2021-08-03,Nov 2021,13.087200000000001
2021-08-10,Nov 2021,13.965
2021-08-17,Nov 2021,14.2443
2021-08-24,Nov 2021,13.99825
2021-08-31,Nov 2021,14.6034
2021-09-07,Dec 2021,13.865250000000001
2021-09-14,Dec 2021,13.898499999999999
2021-09-21,Dec 2021,13.8852
2021-09-28,Dec 2021,14.231000000000002
2021-10-05,Jan 2022,13.3
2021-10-12,Jan 2022,12.728100000000001
2021-10-19,Jan 2022,12.8345
2021-10-26,Jan 2022,12.8478
2021-11-02,Feb 2022,12.169500000000001
2021-11-09,Feb 2022,12.0498
2021-11-16,Feb 2022,12.0498
2021-11-23,Feb 2022,12.0897
2021-11-30,Feb 2022,12.568500000000002
2021-12-07,Mar 2022,12.701500000000001
2021-12-14,Mar 2022,12.8079
2021-12-21,Mar 2022,13.266750000000002
2021-12-28,Mar 2022,13.725600000000002
2022-01-04,Apr 2022,12.202750000000002
2022-01-11,Apr 2022,12.488700000000001
2022-01-18,Apr 2022,13.087200000000001
2022-01-25,Apr 2022,15.4014
2022-02-01,May 2022,14.66325
2022-02-08,May 2022,15.0822
2022-02-15,May 2022,14.4837
2022-02-22,May 2022,14.0448
2022-03-01,Jun 2022,14.563500000000001
2022-03-08,Jun 2022,19.95
2022-03-15,Jun 2022,20.9475
2022-03-22,Jun 2022,19.617500000000003
2022-03-29,Jun 2022,19.095
2022-04-05,Jul 2022,19.05225
2022-04-12,Jul 2022,18.9525
2022-04-19,Jul 2022,16.9575
2022-04-26,Jul 2022,15.79375
2022-05-03,Aug 2022,20.805
2022-05-10,Aug 2022,20.1495
2022-05-17,Aug 2022,20.478675
2022-05-24,Aug 2022,20.543512500000002
2022-05-31,Aug 2022,20.6283
2022-06-07,Sep 2022,27.959925000000002
2022-06-14,Sep 2022,29.260000000000005
2022-06-21,Sep 2022,29.42846666666667
2022-06-28,Sep 2022,29.42846666666667
2022-07-05,Oct 2022,32.358900000000006
2022-07-12,Oct 2022,31.8972
2022-07-19,Oct 2022,31.9349625
2022-07-26,Oct 2022,31.860150000000004
2022-08-02,Nov 2022,24.80893333333334
2022-08-09,Nov 2022,23.92226666666667
2022-08-16,Nov 2022,23.016600000000004
2022-08-23,Nov 2022,23.132025000000002
2022-08-30,Nov 2022,23.411325
2022-09-06,Dec 2022,21.635775000000002
2022-09-13,Dec 2022,21.945
2022-09-20,Dec 2022,22.5684375
2022-09-27,Dec 2022,22.458000000000002
2022-10-04,Jan 2023,25.0458
2022-10-11,Jan 2023,27.7875
2022-10-18,Jan 2023,30.3525
2022-10-25,Jan 2023,33.981500000000004
2022-11-01,Feb 2023,30.2990625
2022-11-08,Feb 2023,30.09125
2022-11-15,Feb 2023,29.3015625
2022-11-22,Feb 2023,27.708333333333336
2022-11-29,Feb 2023,27.8053125
2022-12-06,Mar 2023,23.053333333333335
2022-12-13,Mar 2023,22.04475
2022-12-20,Mar 2023,21.631500000000003
2022-12-27,Mar 2023,20.531875000000003
2023-01-03,Apr 2023,18.029812500000002
2023-01-10,Apr 2023,16.8328125
2023-01-17,Apr 2023,15.984937500000001
2023-01-24,Apr 2023,15.405833333333332
2023-01-31,Apr 2023,15.789000000000001
2023-02-07,May 2023,15.472333333333333
2023-02-14,May 2023,14.66325
2023-02-21,May 2023,14.501156250000001
2023-02-28,May 2023,14.231000000000002
2023-03-07,Jun 2023,13.559765625
2023-03-14,Jun 2023,14.264250000000002
2023-03-21,Jun 2023,14.748750000000003
2023-03-28,Jun 2023,14.738062500000002
2023-04-04,Jul 2023,14.482453125000001
2023-04-11,Jul 2023,14.258015625
2023-04-18,Jul 2023,13.8403125
2023-04-25,Jul 2023,12.1125
2023-05-02,Aug 2023,17.3315625
2023-05-09,Aug 2023,16.02234375
2023-05-16,Aug 2023,15.02484375
2023-05-23,Aug 2023,15.276
2023-05-30,Aug 2023,14.214375
2023-06-06,Sep 2023,20.02125
2023-06-13,Sep 2023,20.02125
2023-06-20,Sep 2023,20.16375
2023-06-27,Sep 2023,21.6125
2023-07-04,Oct 2023,23.6075
2023-07-11,Oct 2023,23.0671875
2023-07-18,Oct 2023,24.331875
2023-07-25,Oct 2023,25.186875
2023-08-01,Nov 2023,20.9475
2023-08-08,Nov 2023,20.44875
2023-08-15,Nov 2023,19.79325
2023-08-22,Nov 2023,19.79325
2023-08-29,Nov 2023,22.38140625
2023-09-05,Dec 2023,18.738750000000003
2023-09-12,Dec 2023,18.536875
2023-09-19,Dec 2023,18.675416666666667
2023-09-26,Dec 2023,18.89708333333333
2023-10-03,Jan 2024,17.5809375
2023-10-10,Jan 2024,16.802333333333333
2023-10-17,Jan 2024,16.6725
2023-10-24,Jan 2024,16.1025
2023-10-31,Jan 2024,15.411375
2023-11-07,Feb 2024,14.729750000000001
2023-11-14,Feb 2024,14.807333333333334
2023-11-21,Feb 2024,14.326593750000002
2023-11-28,Feb 2024,13.927593750000002
2023-12-05,Mar 2024,13.10465625
2023-12-12,Mar 2024,12.55603125
2023-12-19,Mar 2024,12.450046875
2023-12-26,Mar 2024,12.019874999999999
2024-01-02,Apr 2024,11.78296875
2024-01-09,Apr 2024,11.85778125
2024-01-16,Apr 2024,11.72775
2024-01-23,Apr 2024,11.98425
2024-01-30,Apr 2024,11.83284375
2024-02-06,May 2024,11.87025
2024-02-13,May 2024,11.70815625
2024-02-20,May 2024,11.60840625
2024-02-27,May 2024,10.4986875
2024-03-05,Jun 2024,9.975
2024-03-12,Jun 2024,9.900187500000001
2024-03-19,Jun 2024,10.07475
2024-03-26,Jun 2024,9.8895
2024-04-02,Jul 2024,9.63834375
2024-04-09,Jul 2024,9.348
2024-04-16,Jul 2024,8.9026875
2024-04-23,Jul 2024,8.4455
2024-04-30,Jul 2024,8.628375
2024-05-07,Aug 2024,12.884375000000002
2024-05-14,Aug 2024,13.02984375
2024-05-21,Aug 2024,12.78046875
2024-05-28,Aug 2024,13.02984375
2024-06-04,Sep 2024,19.83778125
2024-06-11,Sep 2024,19.83778125
2024-06-18,Sep 2024,19.57095
2024-06-25,Sep 2024,19.850250000000003
2024-07-02,Oct 2024,21.3215625
2024-07-09,Oct 2024,21.38390625
2024-07-16,Oct 2024,22.23
2024-07-23,Oct 2024,22.8
2024-07-30,Oct 2024,23.569499999999998
2024-08-06,Nov 2024,18.45375
2024-08-13,Nov 2024,18.02625
2024-08-20,Nov 2024,20.641125000000002
2024-08-27,Nov 2024,20.604609375
2024-09-03,Dec 2024,17.3565
2024-09-10,Dec 2024,18.09465
2024-09-17,Dec 2024,17.499000000000002
2024-09-24,Dec 2024,16.820343750000003
2024-10-01,Jan 2025,16.0455
2024-10-08,Jan 2025,16.0846875
2024-10-15,Jan 2025,16.1025
2024-10-22,Jan 2025,16.302
2024-10-29,Jan 2025,17.67
2024-11-05,Feb 2025,15.738333333333335
2024-11-12,Feb 2025,15.118359375
2024-11-19,Feb 2025,15.06225
2024-11-26,Feb 2025,14.6965
2024-12-03,Mar 2025,13.965
2024-12-10,Mar 2025,13.715625
2024-12-17,Mar 2025,13.79875
2024-12-24,Mar 2025,13.79875
2024-12-31,Mar 2025,13.805399999999999
2025-01-07,Apr 2025,12.867750000000001
2025-01-14,Apr 2025,12.7929375
2025-01-21,Apr 2025,13.233500000000001
2025-01-28,Apr 2025,12.917625000000001
2025-02-04,May 2025,12.723666666666668
2025-02-11,May 2025,13.53275
2025-02-18,May 2025,13.482875000000002
2025-02-25,May 2025,13.377583333333334
2025-03-04,Jun 2025,12.853500000000002
2025-03-11,Jun 2025,12.369000000000002
2025-03-18,Jun 2025,12.119625000000001
2025-03-25,Jun 2025,12.568500000000002
2025-04-01,Jul 2025,12.319125000000001
2025-04-08,Jul 2025,12.308041666666668
2025-04-15,Jul 2025,12.612833333333333
2025-04-22,Jul 2025,12.354750000000001
2025-04-29,Jul 2025,12.45628125
2025-05-06,Aug 2025,15.09965625
2025-05-13,Aug 2025,16.19275
2025-05-20,Aug 2025,16.081916666666665
2025-05-27,Aug 2025,16.471218750000002
2025-06-03,Sep 2025,24.526031250000003
2025-06-10,Sep 2025,24.43875
2025-06-17,Sep 2025,24.29625
2025-06-24,Sep 2025,26.8078125
2025-07-01,Oct 2025,27.542083333333334
2025-07-08,Oct 2025,28.143750000000004
2025-07-15,Oct 2025,29.23921875
2025-07-22,Oct 2025,29.86265625
2025-07-29,Oct 2025,30.56625
2025-08-05,Nov 2025,21.816750000000003
2025-08-12,Nov 2025,21.95925
2025-08-19,Nov 2025,22.421583333333334
2025-08-26,Nov 2025,22.28165625
2025-09-02,Dec 2025,18.60891666666667
2025-09-09,Dec 2025,18.76546875
2025-09-16,Dec 2025,18.45375
2025-09-23,Dec 2025,18.564583333333335
2025-09-30,Dec 2025,17.883750000000003
2025-10-07,Jan 2026,17.09465625
2025-10-14,Jan 2026,16.96996875
2025-10-21,Jan 2026,16.945031250000003
2025-10-28,Jan 2026,17.29415625
2025-11-04,Feb 2026,16.769083333333334
2025-11-11,Feb 2026,16.835583333333332
2025-11-18,Feb 2026,17.12375
2025-11-25,Feb 2026,16.820343750000003
2025-12-02,Mar 2026,15.47371875
2025-12-09,Mar 2026,16.19275
2025-12-16,Mar 2026,16.670718750000002
2025-12-23,Mar 2026,16.9575
2025-12-30,Mar 2026,17.157
2026-01-06,Apr 2026,15.86025
2026-01-13,Apr 2026,16.84528125
2026-01-20,Apr 2026,17.373125
2026-01-27,Apr 2026,18.204375
2026-02-03,May 2026,18.065833333333334
2026-02-10,May 2026,18.354
2026-02-17,May 2026,18.204375
2026-02-24,May 2026,18.298583333333333
2026-03-03,Jun 2026,16.77046875
2026-03-10,Jun 2026,16.89515625
2026-03-17,Jun 2026,16.902083333333334
2026-03-24,Jun 2026,16.52109375
2026-03-31,Jun 2026,16.64578125
2026-04-07,Jul 2026,16.680416666666666
2026-04-14,Jul 2026,16.89515625
2026-04-21,Jul 2026,16.64578125
2026-04-28,Jul 2026,17.09465625
2026-05-05,Aug 2026,22.05721875
2026-05-12,Aug 2026,21.75796875
2026-05-19,Aug 2026,21.88265625
2026-05-26,Aug 2026,21.88265625
2026-06-02,Sep 2026,29.537083333333335
2026-06-09,Sep 2026,29.758750000000006
2026-06-16,Sep 2026,29.42625
2026-06-23,Sep 2026,29.64791666666667
2026-06-30,Sep 2026,29.315416666666664
2026-07-07,Oct 2026,31.35890625
2026-07-14,Oct 2026,32.85515625
2026-07-21,Oct 2026,32.97984375
2026-07-28,Oct 2026,35.47359375
2026-08-04,Nov 2026,27.36890625
