date,year,stage_memphis_ft,stage_greenville_ft,n_active,n_used,width_ft
2021-08-01,2021,5.67,27.59,50,5,1261.6399999999999
2021-08-02,2021,5.01,25.75,51,5,1232.8200000000002
2021-08-03,2021,4.99,24.35,52,5,1221.64
2021-08-04,2021,5.21,23.49,53,5,1213.42
2021-08-05,2021,5.55,23.23,53,5,1236.3400000000001
2021-08-06,2021,5.34,22.94,54,5,1213.42
2021-08-07,2021,4.3,22.95,55,5,1202.7599999999998
2021-08-08,2021,2.91,22.51,56,5,1193.1200000000001
2021-08-09,2021,1.76,21.65,57,5,1177.08
2021-08-10,2021,1.0,21.08,57,5,1159.56
2021-08-11,2021,0.77,20.12,58,5,1148.78
2021-08-12,2021,0.52,19.15,59,5,1092.98
2021-08-13,2021,0.08,18.64,59,5,1085.8200000000002
2021-08-14,2021,-0.23,17.77,59,5,1064.26
2021-08-15,2021,0.02,17.99,59,5,1064.26
2021-08-16,2021,0.32,17.99,60,5,1064.26
2021-08-17,2021,1.15,17.26,61,5,1062.48
2021-08-18,2021,1.59,16.89,61,5,1069.9
2021-08-19,2021,1.65,17.51,61,5,1078.84
2021-08-20,2021,1.97,18.52,62,5,1100.4
2021-08-21,2021,3.03,18.7,61,5,1134.3
2021-08-22,2021,5.03,18.97,61,5,1142.48
2021-08-23,2021,6.9,19.44,61,5,1158.2199999999998
2021-08-24,2021,8.61,20.39,61,5,1213.24
2021-08-25,2021,9.62,21.58,61,5,1252.8799999999999
2021-08-26,2021,9.78,23.06,61,5,1269.0600000000002
2021-08-27,2021,8.75,23.73,60,5,1287.3600000000001
2021-08-28,2021,6.75,23.88,60,5,1284.76
2021-08-29,2021,4.24,23.69,60,5,1280.8600000000001
2021-08-30,2021,2.36,22.32,60,5,1248.8399999999997
2021-08-31,2021,1.74,21.29,60,5,1230.52
2021-09-01,2021,1.82,20.41,60,5,1213.24
2021-09-02,2021,2.04,19.01,60,5,1158.2199999999998
2021-09-03,2021,2.91,18.15,60,5,1131.34
2021-09-04,2021,4.1,17.83,60,5,1131.34
2021-09-05,2021,5.49,18.5,60,5,1131.34
2021-09-06,2021,7.63,18.9,60,5,1158.2199999999998
2021-09-07,2021,9.88,20.14,60,5,1213.24
2021-09-08,2021,11.6,21.85,60,5,1252.8799999999999
2021-09-09,2021,12.02,23.59,60,5,1292.8799999999999
2021-09-10,2021,10.83,25.45,60,5,1303.3
2021-09-11,2021,9.03,25.69,60,5,1309.6799999999998
2021-09-12,2021,6.94,25.35,60,5,1298.1200000000001
2021-09-13,2021,4.82,24.38,60,5,1282.16
2021-09-14,2021,3.11,23.42,60,5,1262.56
2021-09-15,2021,1.64,21.81,60,5,1248.8399999999997
2021-09-16,2021,0.21,20.63,60,5,1228.52
2021-09-17,2021,-0.68,19.04,60,5,1158.2199999999998
2021-09-18,2021,-1.73,17.62,60,5,1131.34
2021-09-19,2021,-2.49,16.8,60,5,1117.22
2021-09-20,2021,-1.92,15.64,60,5,1105.5
2021-09-21,2021,-0.87,14.81,60,5,1093.44
2021-09-22,2021,-0.09,14.67,60,5,1093.44
2021-09-23,2021,0.98,15.16,60,5,1093.44
2021-09-24,2021,2.64,15.46,60,5,1093.44
2021-09-25,2021,4.76,16.28,60,5,1105.5
2021-09-26,2021,6.31,17.03,60,5,1117.22
2021-09-27,2021,7.2,18.31,60,5,1131.34
2021-09-28,2021,8.0,19.55,60,5,1213.24
2021-09-29,2021,8.31,20.58,60,5,1231.1
2021-09-30,2021,7.19,21.68,60,5,1252.8799999999999
2021-10-01,2021,5.1,21.85,60,5,1252.2199999999998
2021-10-02,2021,2.41,22.08,60,5,1248.8399999999997
2021-10-03,2021,0.29,21.08,60,5,1228.52
2021-10-04,2021,-0.61,19.48,60,5,1158.2199999999998
2021-10-05,2021,-1.13,17.97,60,5,1131.34
2021-10-06,2021,-2.01,16.4,60,5,1105.5
2021-10-07,2021,-2.08,15.63,59,5,1105.5
2021-10-08,2021,-1.42,14.92,59,5,1093.44
2021-10-09,2021,-0.78,14.73,59,5,1093.44
2021-10-10,2021,0.83,14.3,59,5,1078.72
2021-10-11,2021,2.61,14.78,59,5,1093.44
2021-10-12,2021,3.85,15.81,59,5,1105.5
2021-10-13,2021,4.65,16.8,59,5,1117.22
2021-10-14,2021,4.98,17.84,59,5,1131.34
2021-10-15,2021,4.68,19.2,59,5,1158.2199999999998
2021-10-16,2021,3.71,20.01,59,5,1213.24
2021-10-17,2021,2.57,19.96,58,5,1213.24
2021-10-18,2021,1.87,19.42,58,5,1158.2199999999998
2021-10-19,2021,1.65,18.28,58,5,1131.34
2021-10-20,2021,1.79,17.42,58,5,1117.22
2021-10-21,2021,2.0,17.55,58,5,1131.34
2021-10-22,2021,2.02,17.37,58,5,1117.22
2021-10-23,2021,2.1,17.17,58,5,1117.22
2021-10-24,2021,1.94,17.36,58,5,1117.22
2021-10-25,2021,1.53,17.43,58,5,1117.22
2021-10-26,2021,1.04,16.91,58,5,1117.22
2021-10-27,2021,0.74,16.29,58,5,1105.5
2021-10-28,2021,0.73,16.48,58,5,1105.5
2021-10-29,2021,1.26,16.24,58,5,1105.5
2021-10-30,2021,2.22,17.15,58,5,1117.22
2021-10-31,2021,4.02,17.08,57,5,1117.22
2021-11-01,2021,6.07,17.04,57,5,1117.22
2021-11-02,2021,7.99,18.27,57,5,1131.34
2021-11-03,2021,9.61,19.89,57,5,1213.24
2021-11-04,2021,10.7,21.45,57,5,1231.1
2021-11-05,2021,11.7,23.08,57,5,1269.0600000000002
2021-11-06,2021,12.2,25.03,57,5,1306.24
2021-11-07,2021,11.92,25.75,57,5,1315.1999999999998
2021-11-08,2021,11.05,26.05,57,5,1312.26
2021-11-09,2021,10.0,25.98,57,5,1310.96
2021-11-10,2021,8.81,25.52,57,5,1309.6799999999998
2021-11-11,2021,7.65,25.16,57,5,1299.42
2021-11-12,2021,6.52,24.42,57,5,1284.76
2021-11-13,2021,5.51,23.03,57,5,1266.2400000000002
2021-11-14,2021,4.63,22.61,57,5,1264.94
2021-11-15,2021,3.58,21.22,57,5,1231.1
2021-11-16,2021,3.13,19.8,57,5,1213.24
2021-11-17,2021,3.0,19.24,56,5,1158.2199999999998
2021-11-18,2021,2.79,18.27,56,5,1131.34
2021-11-19,2021,2.9,18.2,57,5,1131.34
2021-11-20,2021,3.69,18.02,57,5,1131.34
2021-11-21,2021,3.99,17.73,57,5,1131.34
2021-11-22,2021,3.77,17.55,57,5,1131.34
2021-11-23,2021,3.14,17.84,57,5,1131.34
2021-11-24,2021,2.72,18.23,57,5,1131.34
2021-11-25,2021,2.95,17.77,57,5,1131.34
2021-11-26,2021,3.45,17.46,57,5,1117.22
2021-11-27,2021,3.84,18.04,57,5,1131.34
2021-11-28,2021,3.73,18.03,57,5,1131.34
2021-11-29,2021,3.05,18.13,57,5,1131.34
2021-11-30,2021,2.05,18.31,57,5,1131.34
2022-08-01,2022,,19.1,34,5,1453.9600000000003
2022-08-02,2022,,20.29,34,5,1466.5600000000002
2022-08-03,2022,8.99,22.21,34,5,1346.3399999999997
2022-08-04,2022,9.18,23.38,34,5,1351.3999999999999
2022-08-05,2022,9.23,24.03,34,5,1356.4599999999998
2022-08-06,2022,9.03,24.43,34,5,1356.4599999999998
2022-08-07,2022,8.34,24.64,34,5,1356.94
2022-08-08,2022,7.99,24.85,34,5,1356.94
2022-08-09,2022,7.72,24.42,34,5,1351.6599999999999
2022-08-10,2022,6.92,24.16,34,5,1343.7599999999998
2022-08-11,2022,6.01,23.81,34,5,1339.86
2022-08-12,2022,5.47,23.18,34,5,1332.4199999999998
2022-08-13,2022,5.01,22.6,34,5,1332.4199999999998
2022-08-14,2022,4.64,22.28,34,5,1327.3600000000001
2022-08-15,2022,4.82,21.7,34,5,1327.3600000000001
2022-08-16,2022,5.18,20.85,34,5,1321.94
2022-08-17,2022,5.42,20.83,32,5,1329.48
2022-08-18,2022,5.08,21.25,32,5,1329.48
2022-08-19,2022,3.75,21.59,32,5,1321.8999999999999
2022-08-20,2022,1.92,21.04,32,5,1303.6599999999999
2022-08-21,2022,,,32,0,
2022-08-22,2022,-0.02,19.24,32,5,1244.58
2022-08-23,2022,-1.06,17.92,32,5,1209.04
2022-08-24,2022,-1.5,17.27,32,5,1194.44
2022-08-25,2022,-1.91,16.29,32,5,1186.6399999999999
2022-08-26,2022,-1.66,15.48,32,5,1178.8
2022-08-27,2022,-0.8,15.49,32,5,1187.4599999999998
2022-08-28,2022,-0.11,14.91,32,5,1212.7
2022-08-29,2022,-0.41,15.37,32,5,1212.7
2022-08-30,2022,-1.81,15.74,32,5,1186.6399999999999
2022-08-31,2022,-2.62,15.91,32,5,1169.58
2022-09-01,2022,-3.11,14.91,32,5,1166.6200000000001
2022-09-02,2022,-3.67,14.0,32,5,1125.1399999999999
2022-09-03,2022,-3.57,13.3,32,5,1123.34
2022-09-04,2022,-3.41,13.85,32,5,1163.8799999999999
2022-09-05,2022,-3.7,13.09,32,5,1123.34
2022-09-06,2022,-3.49,12.82,32,5,1158.4199999999998
2022-09-07,2022,-2.34,12.63,32,5,1167.8799999999999
2022-09-08,2022,-1.04,12.4,32,5,1171.06
2022-09-09,2022,-0.12,13.24,32,5,1201.7800000000002
2022-09-10,2022,0.64,14.14,32,5,1239.02
2022-09-11,2022,0.91,14.95,32,5,1244.48
2022-09-12,2022,0.71,15.21,32,5,1244.48
2022-09-13,2022,-0.22,15.49,32,5,1212.7
2022-09-14,2022,-1.54,15.75,30,5,1189.8799999999999
2022-09-15,2022,-3.04,15.29,30,5,1166.6200000000001
2022-09-16,2022,-4.04,14.39,30,5,1125.1399999999999
2022-09-17,2022,-3.86,12.77,30,5,1123.34
2022-09-18,2022,-3.6,12.06,30,5,1120.6
2022-09-19,2022,-4.01,11.85,30,5,1120.6
2022-09-20,2022,-4.54,11.87,30,5,1055.5
2022-09-21,2022,-5.22,11.7,30,5,1055.5
2022-09-22,2022,-5.6,11.22,30,5,1026.04
2022-09-23,2022,-5.85,10.76,30,5,1026.04
2022-09-24,2022,-5.73,10.45,30,5,1026.04
2022-09-25,2022,-6.19,9.72,30,5,1026.04
2022-09-26,2022,-6.7,9.6,30,5,992.5799999999999
2022-09-27,2022,-6.26,9.53,30,5,1026.04
2022-09-28,2022,-6.24,9.08,30,5,1011.8
2022-09-29,2022,-7.34,9.04,30,5,981.9399999999999
2022-09-30,2022,-7.37,8.96,30,5,981.9399999999999
2022-10-01,2022,-7.37,8.65,30,5,981.9399999999999
2022-10-02,2022,-7.45,8.29,30,5,922.4
2022-10-03,2022,-7.96,7.98,30,5,875.3399999999999
2022-10-04,2022,-8.05,8.04,30,5,875.3399999999999
2022-10-05,2022,-7.21,8.43,30,5,922.4
2022-10-06,2022,-6.78,8.16,30,5,922.4
2022-10-07,2022,-6.27,8.63,30,5,1011.8
2022-10-08,2022,-5.78,8.29,30,5,944.3
2022-10-09,2022,-5.35,9.08,30,5,1031.5
2022-10-10,2022,-5.72,9.39,30,5,1011.8
2022-10-11,2022,-7.04,9.28,30,5,981.9399999999999
2022-10-12,2022,-8.07,9.54,30,5,927.9200000000001
2022-10-13,2022,-8.6,8.68,30,5,898.8
2022-10-14,2022,-8.86,8.68,30,5,898.8
2022-10-15,2022,-9.19,7.82,30,5,851.9399999999999
2022-10-16,2022,-9.69,7.4,30,5,804.3800000000001
2022-10-17,2022,0.0,6.48,30,5,756.1800000000001
2022-10-18,2022,-10.65,6.47,30,5,734.24
2022-10-19,2022,,5.78,30,5,826.3799999999999
2022-10-20,2022,-10.74,5.95,30,5,734.24
2022-10-21,2022,,5.52,30,5,826.3799999999999
2022-10-22,2022,,5.67,30,5,826.3799999999999
2022-10-23,2022,-10.52,5.72,30,5,734.24
2022-10-24,2022,-9.91,5.48,30,5,641.7
2022-10-25,2022,-9.5,5.5,30,5,739.0800000000002
2022-10-26,2022,-9.25,6.23,30,5,741.74
2022-10-27,2022,-9.63,7.47,30,5,804.3800000000001
2022-10-28,2022,-9.88,7.09,30,5,804.3800000000001
2022-10-29,2022,-9.68,6.62,30,5,804.3800000000001
2022-10-30,2022,-8.42,6.85,30,5,831.26
2022-10-31,2022,-8.18,7.03,30,5,831.26
2022-11-01,2022,-8.13,7.42,30,5,831.26
2022-11-02,2022,-8.19,7.71,30,5,875.3399999999999
2022-11-03,2022,-8.35,7.75,30,5,875.3399999999999
2022-11-04,2022,-8.11,7.47,30,5,831.26
2022-11-05,2022,-7.14,7.66,30,5,922.4
2022-11-06,2022,-7.33,8.15,30,5,922.4
2022-11-07,2022,-8.09,8.98,30,5,924.32
2022-11-08,2022,-8.37,9.52,30,5,927.9200000000001
2022-11-09,2022,-8.5,8.58,30,5,924.32
2022-11-10,2022,-8.27,8.16,30,5,875.3399999999999
2022-11-11,2022,-8.17,8.12,30,5,875.3399999999999
2022-11-12,2022,-8.18,7.79,30,5,875.3399999999999
2022-11-13,2022,-7.26,8.01,30,5,922.4
2022-11-14,2022,-6.73,8.04,30,5,922.4
2022-11-15,2022,-5.97,8.17,31,5,944.3
2022-11-16,2022,-4.04,8.8,31,5,1041.44
2022-11-17,2022,-2.44,9.51,30,5,1111.98
2022-11-18,2022,-0.93,10.35,30,5,1120.64
2022-11-19,2022,0.45,11.71,30,5,1151.32
2022-11-20,2022,1.41,13.24,30,5,1185.84
2022-11-21,2022,1.0,14.37,30,5,1188.56
2022-11-22,2022,0.06,15.28,30,5,1159.4999999999998
2022-11-23,2022,-0.39,15.62,30,5,1164.6
2022-11-24,2022,-0.67,15.03,30,5,1134.26
2022-11-25,2022,-1.2,14.65,30,5,1134.26
2022-11-26,2022,-2.0,14.15,30,5,1122.8799999999999
2022-11-27,2022,-2.93,14.09,30,5,1113.42
2022-11-28,2022,-3.93,13.6,30,5,1079.66
2022-11-29,2022,-4.63,13.35,30,5,1045.0
2022-11-30,2022,-5.23,12.85,30,5,1045.0
2023-08-01,2023,-3.69,14.64,34,5,757.32
2023-08-02,2023,-4.0,13.95,36,5,757.32
2023-08-03,2023,-4.25,13.3,38,5,757.32
2023-08-04,2023,-4.92,13.36,41,5,754.8199999999999
2023-08-05,2023,-4.35,12.89,41,5,757.32
2023-08-06,2023,-2.22,12.42,41,5,764.0200000000001
2023-08-07,2023,-0.42,12.62,42,5,752.3399999999999
2023-08-08,2023,1.77,13.38,43,5,769.04
2023-08-09,2023,3.6,14.88,45,5,782.4399999999999
2023-08-10,2023,5.94,17.2,45,5,791.86
2023-08-11,2023,6.15,19.16,45,5,796.8800000000001
2023-08-12,2023,5.2,20.51,45,5,797.8799999999999
2023-08-13,2023,4.3,21.07,46,5,794.24
2023-08-14,2023,3.65,21.09,46,5,794.24
2023-08-15,2023,3.21,20.43,47,5,788.5200000000001
2023-08-16,2023,2.68,20.61,48,5,788.5200000000001
2023-08-17,2023,3.67,20.85,48,5,794.24
2023-08-18,2023,4.86,20.78,49,5,797.8799999999999
2023-08-19,2023,5.13,20.47,48,5,797.8799999999999
2023-08-20,2023,4.77,20.9,48,5,797.8799999999999
2023-08-21,2023,4.45,21.14,49,5,794.24
2023-08-22,2023,3.86,21.08,51,5,794.24
2023-08-23,2023,2.98,21.07,52,5,788.5200000000001
2023-08-24,2023,1.62,20.47,53,5,786.8
2023-08-25,2023,-0.73,19.74,54,5,768.3
2023-08-26,2023,-2.58,18.8,56,5,757.9200000000001
2023-08-27,2023,-3.56,16.94,57,5,749.98
2023-08-28,2023,-4.66,15.16,57,5,742.14
2023-08-29,2023,,14.02,57,5,995.0200000000001
2023-08-30,2023,,12.69,57,5,987.5200000000001
2023-08-31,2023,-3.37,12.57,57,5,741.6
2023-09-01,2023,-2.76,12.83,58,5,741.6
2023-09-02,2023,-2.86,12.63,59,5,741.6
2023-09-03,2023,-3.82,12.96,60,5,738.6800000000001
2023-09-04,2023,-4.97,12.86,61,5,736.18
2023-09-05,2023,-5.55,12.48,62,5,717.86
2023-09-06,2023,-6.16,12.02,64,5,696.8800000000001
2023-09-07,2023,-7.19,11.22,66,5,691.4
2023-09-08,2023,-7.6,10.38,67,5,612.12
2023-09-09,2023,-8.54,10.0,67,5,573.1800000000001
2023-09-10,2023,-9.53,9.18,67,5,416.2
2023-09-11,2023,-9.92,8.67,67,5,416.2
2023-09-12,2023,-9.56,7.89,68,5,416.2
2023-09-13,2023,-9.94,7.11,69,5,307.84
2023-09-14,2023,-10.09,6.74,70,5,307.84
2023-09-15,2023,-8.97,6.65,70,5,509.36
2023-09-16,2023,-8.78,6.2,70,5,475.98
2023-09-17,2023,-8.74,7.09,71,5,509.36
2023-09-18,2023,-8.27,7.29,73,5,576.74
2023-09-19,2023,-8.52,6.78,74,5,509.36
2023-09-20,2023,-9.42,7.3,75,5,509.36
2023-09-21,2023,-9.38,7.3,75,5,509.36
2023-09-22,2023,-8.97,6.79,75,5,509.36
2023-09-23,2023,-8.87,6.65,74,5,571.7
2023-09-24,2023,-9.12,6.74,74,5,571.7
2023-09-25,2023,-9.48,7.24,74,5,571.7
2023-09-26,2023,-9.34,7.48,76,5,550.74
2023-09-27,2023,-10.49,7.74,76,5,292.6
2023-09-28,2023,-10.59,6.95,75,5,100.96000000000001
2023-09-29,2023,-10.52,6.5,75,5,100.96000000000001
2023-09-30,2023,-10.31,6.35,75,5,283.28000000000003
2023-10-01,2023,-10.0,6.63,75,5,292.6
2023-10-02,2023,-9.95,6.34,75,5,283.28000000000003
2023-10-03,2023,-9.62,6.5,74,5,283.28000000000003
2023-10-04,2023,-9.49,6.19,74,5,517.36
2023-10-05,2023,-9.16,6.54,74,5,550.74
2023-10-06,2023,-9.04,7.11,74,5,550.74
2023-10-07,2023,-9.61,7.42,74,5,292.6
2023-10-08,2023,-10.12,7.58,74,5,292.6
2023-10-09,2023,-10.24,7.52,74,5,292.6
2023-10-10,2023,-10.85,6.56,74,5,100.96000000000001
2023-10-11,2023,-9.76,6.34,74,5,283.28000000000003
2023-10-12,2023,-11.25,6.05,74,5,100.96000000000001
2023-10-13,2023,-11.18,5.66,74,5,100.96000000000001
2023-10-14,2023,-11.0,5.21,74,5,100.96000000000001
2023-10-15,2023,-11.24,5.13,74,5,100.96000000000001
2023-10-16,2023,-11.78,5.06,74,5,17.44
2023-10-17,2023,-11.97,5.59,74,5,17.44
2023-10-18,2023,,5.18,74,5,722.5600000000001
2023-10-19,2023,,4.75,74,5,722.5600000000001
2023-10-20,2023,-11.47,4.97,74,5,100.96000000000001
2023-10-21,2023,-11.04,5.21,74,5,100.96000000000001
2023-10-22,2023,-10.49,5.27,73,5,287.1
2023-10-23,2023,-9.97,5.14,73,5,287.1
2023-10-24,2023,-9.87,5.11,73,5,287.1
2023-10-25,2023,-9.85,5.53,71,5,289.5
2023-10-26,2023,-9.41,6.02,71,5,535.6400000000001
2023-10-27,2023,-8.99,5.92,71,5,535.6400000000001
2023-10-28,2023,-8.83,6.85,71,5,571.7
2023-10-29,2023,-8.71,7.07,71,5,571.7
2023-10-30,2023,-8.94,7.69,71,5,573.1800000000001
2023-10-31,2023,-9.15,8.71,70,5,573.1800000000001
2023-11-01,2023,-8.64,7.86,70,5,573.1800000000001
2023-11-02,2023,-7.96,7.57,70,5,612.12
2023-11-03,2023,-7.48,7.87,70,5,684.5
2023-11-04,2023,-6.75,8.71,70,5,686.8
2023-11-05,2023,-5.68,9.06,70,5,690.0
2023-11-06,2023,-5.02,9.42,70,5,726.52
2023-11-07,2023,-4.97,10.14,70,5,728.8199999999999
2023-11-08,2023,-5.31,10.96,70,5,731.12
2023-11-09,2023,-5.45,11.13,70,5,731.12
2023-11-10,2023,-5.37,10.72,70,5,731.12
2023-11-11,2023,-5.66,11.2,70,5,694.6
2023-11-12,2023,-6.43,10.85,70,5,694.6
2023-11-13,2023,-7.21,10.21,70,5,689.1
2023-11-14,2023,-7.51,9.86,70,5,612.12
2023-11-15,2023,-7.65,9.7,70,5,612.12
2023-11-16,2023,-8.2,8.67,70,5,612.12
2023-11-17,2023,-8.91,8.47,70,5,573.1800000000001
2023-11-18,2023,-9.15,8.1,70,5,573.1800000000001
2023-11-19,2023,,7.91,70,5,897.9200000000001
2023-11-20,2023,-9.22,7.21,70,5,571.7
2023-11-21,2023,-9.15,6.72,70,5,571.7
2023-11-22,2023,-9.07,7.75,70,5,573.1800000000001
2023-11-23,2023,-8.55,7.46,70,5,571.7
2023-11-24,2023,-7.85,7.34,70,5,610.6
2023-11-25,2023,-6.92,7.22,70,5,682.4399999999999
2023-11-26,2023,-5.94,7.77,70,5,687.7
2023-11-27,2023,-4.98,8.07,70,5,724.22
2023-11-28,2023,-4.64,9.01,70,5,726.52
2023-11-29,2023,-4.66,10.12,70,5,728.8199999999999
2023-11-30,2023,-4.57,10.18,70,5,728.8199999999999
2024-08-01,2024,9.23,26.94,41,5,1305.86
2024-08-02,2024,8.67,26.36,41,5,1299.94
2024-08-03,2024,8.59,25.59,42,5,1299.94
2024-08-04,2024,8.65,24.95,43,5,1281.1399999999999
2024-08-05,2024,8.96,24.4,45,5,1276.3799999999999
2024-08-06,2024,8.6,24.05,47,5,1214.9599999999998
2024-08-07,2024,8.17,24.53,49,5,1214.92
2024-08-08,2024,7.49,24.05,50,5,1190.74
2024-08-09,2024,6.35,23.67,51,5,1183.44
2024-08-10,2024,5.11,22.95,51,5,1172.56
2024-08-11,2024,4.07,22.33,51,5,1161.3799999999999
2024-08-12,2024,3.44,21.2,52,5,1149.2199999999998
2024-08-13,2024,2.48,21.12,54,5,1140.7000000000003
2024-08-14,2024,1.16,20.44,54,5,1129.9
2024-08-15,2024,0.34,19.43,55,5,1098.1200000000001
2024-08-16,2024,0.09,18.6,56,5,1098.1200000000001
2024-08-17,2024,-0.05,17.55,57,5,1097.1
2024-08-18,2024,-0.83,16.75,58,5,1058.48
2024-08-19,2024,-1.51,16.88,59,5,1045.6600000000003
2024-08-20,2024,-1.88,16.69,59,5,1045.6600000000003
2024-08-21,2024,-2.18,15.56,59,5,1042.1200000000001
2024-08-22,2024,-2.35,15.21,59,5,978.78
2024-08-23,2024,-1.77,14.55,59,5,978.78
2024-08-24,2024,-1.22,14.17,59,5,981.68
2024-08-25,2024,-1.0,14.3,59,5,981.68
2024-08-26,2024,-1.42,14.86,59,5,991.4400000000002
2024-08-27,2024,-2.35,14.89,59,5,978.78
2024-08-28,2024,-3.35,14.98,59,5,955.9400000000002
2024-08-29,2024,-4.36,14.14,59,5,963.5600000000001
2024-08-30,2024,-5.2,13.27,59,5,946.8
2024-08-31,2024,-5.62,12.55,59,5,936.1800000000001
2024-09-01,2024,-5.99,11.83,59,5,929.9799999999999
2024-09-02,2024,-6.05,10.98,59,5,923.9400000000002
2024-09-03,2024,-5.87,10.63,60,5,923.9400000000002
2024-09-04,2024,-6.11,10.23,60,5,907.9800000000001
2024-09-05,2024,-6.73,10.42,60,5,901.4
2024-09-06,2024,-6.75,10.61,60,5,917.3599999999999
2024-09-07,2024,-6.5,9.99,60,5,907.9800000000001
2024-09-08,2024,-6.72,9.41,60,5,879.5600000000001
2024-09-09,2024,-7.08,9.14,60,5,879.5600000000001
2024-09-10,2024,-7.62,9.01,60,5,875.0600000000001
2024-09-11,2024,-7.81,8.8,60,5,875.0600000000001
2024-09-12,2024,-7.87,8.62,60,5,875.0600000000001
2024-09-13,2024,-6.81,8.95,60,5,879.5600000000001
2024-09-14,2024,-7.25,9.1,60,5,879.5600000000001
2024-09-15,2024,-7.15,9.6,60,5,901.4
2024-09-16,2024,-5.64,9.88,59,5,907.9800000000001
2024-09-17,2024,-6.2,10.03,59,5,907.9800000000001
2024-09-18,2024,-6.89,10.64,59,5,917.3599999999999
2024-09-19,2024,-6.88,11.14,58,5,917.3599999999999
2024-09-20,2024,-7.67,10.75,58,5,911.1400000000001
2024-09-21,2024,-8.13,10.8,58,5,911.1400000000001
2024-09-22,2024,-8.98,10.07,58,5,845.1000000000001
2024-09-23,2024,-9.88,9.76,58,5,822.0
2024-09-24,2024,-10.3,9.24,58,5,807.78
2024-09-25,2024,-9.81,8.01,59,5,666.56
2024-09-26,2024,-9.15,7.42,59,5,692.54
2024-09-27,2024,-7.99,7.39,59,5,826.74
2024-09-28,2024,-4.96,7.98,59,5,858.1199999999999
2024-09-29,2024,-3.18,8.92,59,5,868.18
2024-09-30,2024,0.34,10.35,59,5,895.2
2024-10-01,2024,3.68,12.43,58,5,928.4799999999999
2024-10-02,2024,5.64,14.81,58,5,963.6
2024-10-03,2024,6.46,17.5,58,5,1092.5
2024-10-04,2024,6.19,19.23,58,5,1095.7600000000002
2024-10-05,2024,5.25,20.37,58,5,1089.22
2024-10-06,2024,3.77,20.92,58,5,1082.34
2024-10-07,2024,1.81,20.23,58,5,1063.94
2024-10-08,2024,0.1,19.36,58,5,1046.2800000000002
2024-10-09,2024,-0.78,18.34,58,5,1031.52
2024-10-10,2024,-1.52,16.75,58,5,1007.3599999999999
2024-10-11,2024,-2.61,15.81,58,5,985.5
2024-10-12,2024,-3.76,14.69,58,5,929.6600000000001
2024-10-13,2024,-4.99,13.87,58,5,915.46
2024-10-14,2024,-6.02,12.67,58,5,897.5
2024-10-15,2024,-6.63,11.59,58,5,887.22
2024-10-16,2024,-7.18,10.49,58,5,873.6800000000001
2024-10-17,2024,-7.9,9.66,58,5,860.1600000000001
2024-10-18,2024,-8.22,9.08,58,5,844.0199999999999
2024-10-19,2024,-8.31,8.62,58,5,844.0199999999999
2024-10-20,2024,-8.53,8.18,58,5,718.4
2024-10-21,2024,-8.73,7.79,58,5,718.4
2024-10-22,2024,-8.77,7.43,58,5,713.68
2024-10-23,2024,-8.7,7.41,58,5,713.68
2024-10-24,2024,-8.72,7.24,58,5,713.68
2024-10-25,2024,-9.34,7.46,58,5,713.68
2024-10-26,2024,-9.68,7.37,58,5,696.9599999999999
2024-10-27,2024,-9.79,6.73,57,5,838.3799999999999
2024-10-28,2024,-9.74,6.55,57,5,838.3799999999999
2024-10-29,2024,-9.37,5.93,57,5,833.8799999999999
2024-10-30,2024,-9.37,5.86,57,5,833.8799999999999
2024-10-31,2024,-9.85,6.14,57,5,827.9
2024-11-01,2024,-9.91,6.64,57,5,838.3799999999999
2024-11-02,2024,-10.08,6.36,57,5,827.9
2024-11-03,2024,-10.31,5.92,57,5,827.9
2024-11-04,2024,-10.24,5.79,56,5,827.9
2024-11-05,2024,-10.12,6.77,56,5,838.3799999999999
2024-11-06,2024,-9.71,9.27,56,5,855.3799999999999
2024-11-07,2024,-8.47,11.54,56,5,916.9399999999999
2024-11-08,2024,-6.11,13.84,56,5,946.0
2024-11-09,2024,-1.68,13.05,56,5,964.18
2024-11-10,2024,2.08,12.85,56,5,989.0
2024-11-11,2024,3.99,15.82,56,5,1085.6200000000001
2024-11-12,2024,,19.69,56,5,1199.04
2024-11-13,2024,5.41,21.93,56,5,1169.28
2024-11-14,2024,7.16,21.89,56,5,1184.1799999999998
2024-11-15,2024,6.41,23.02,56,5,1180.16
2024-11-16,2024,5.01,23.87,56,5,1175.84
2024-11-17,2024,4.39,23.49,56,5,1164.66
2024-11-18,2024,4.61,22.86,56,5,1172.56
2024-11-19,2024,4.77,22.69,56,5,1172.56
2024-11-20,2024,3.8,22.7,56,5,1164.66
2024-11-21,2024,2.05,23.73,56,5,1150.56
2024-11-22,2024,0.56,23.5,56,5,1142.6399999999999
2024-11-23,2024,-0.38,22.92,56,5,1102.28
2024-11-24,2024,-0.91,21.09,56,5,1085.98
2024-11-25,2024,-1.36,20.05,56,5,1084.96
2024-11-26,2024,-1.53,19.38,56,5,1071.0800000000002
2024-11-27,2024,-2.08,18.43,56,5,1070.06
2024-11-28,2024,-2.26,17.16,56,5,1045.6600000000003
2024-11-29,2024,-1.61,16.61,56,5,1045.6600000000003
2024-11-30,2024,-1.25,16.59,56,5,1058.48
2025-08-01,2025,10.98,28.08,51,5,1329.2400000000002
2025-08-02,2025,12.33,27.84,51,5,1329.2400000000002
2025-08-03,2025,12.73,28.4,51,5,1329.2400000000002
2025-08-04,2025,11.77,28.97,51,5,1354.8600000000001
2025-08-05,2025,10.5,29.26,51,5,1354.8600000000001
2025-08-06,2025,9.66,29.0,51,5,1354.8600000000001
2025-08-07,2025,9.09,28.24,51,5,1329.2400000000002
2025-08-08,2025,8.4,27.4,51,5,1316.44
2025-08-09,2025,7.75,27.05,51,5,1316.44
2025-08-10,2025,7.5,26.51,51,5,1316.44
2025-08-11,2025,7.19,25.34,51,5,1282.0
2025-08-12,2025,6.45,25.14,51,5,1282.0
2025-08-13,2025,5.98,25.14,51,5,1282.0
2025-08-14,2025,5.15,24.77,51,5,1282.0
2025-08-15,2025,4.22,24.14,51,5,1261.06
2025-08-16,2025,4.26,23.31,51,5,1239.1799999999998
2025-08-17,2025,4.24,22.53,51,5,1239.1799999999998
2025-08-18,2025,4.08,22.29,52,5,1172.18
2025-08-19,2025,3.71,22.43,52,5,1172.18
2025-08-20,2025,3.44,22.01,52,5,1172.18
2025-08-21,2025,3.49,21.78,52,5,1172.18
2025-08-22,2025,3.33,21.77,52,5,1172.18
2025-08-23,2025,3.07,21.04,52,5,1119.3400000000001
2025-08-24,2025,2.41,20.71,52,5,1119.3400000000001
2025-08-25,2025,1.78,20.22,52,5,1081.34
2025-08-26,2025,1.35,,52,1,1148.3
2025-08-27,2025,0.88,19.19,52,5,1054.5800000000002
2025-08-28,2025,0.73,18.74,52,5,1054.5800000000002
2025-08-29,2025,0.97,19.15,52,5,1054.5800000000002
2025-08-30,2025,0.8,19.44,52,5,1054.5800000000002
2025-08-31,2025,0.82,19.21,52,5,1054.5800000000002
2025-09-01,2025,0.71,18.46,52,5,1027.8200000000002
2025-09-02,2025,-0.1,18.36,52,5,1027.8200000000002
2025-09-03,2025,-0.58,18.47,52,5,1027.8200000000002
2025-09-04,2025,-1.03,17.94,52,5,1027.8200000000002
2025-09-05,2025,-1.79,17.5,52,5,1027.8200000000002
2025-09-06,2025,-2.13,16.78,52,5,997.3799999999999
2025-09-07,2025,-2.72,16.18,52,5,975.3
2025-09-08,2025,-3.39,15.69,52,5,975.3
2025-09-09,2025,-4.07,15.12,52,5,952.64
2025-09-10,2025,-4.05,14.45,52,5,937.32
2025-09-11,2025,-4.25,14.14,52,5,937.32
2025-09-12,2025,-4.54,13.67,52,5,937.32
2025-09-13,2025,-4.39,13.45,52,5,897.3399999999999
2025-09-14,2025,,13.27,52,5,897.3399999999999
2025-09-15,2025,-4.63,13.37,52,5,897.3399999999999
2025-09-16,2025,-5.39,12.87,52,5,897.3399999999999
2025-09-17,2025,-5.68,12.55,52,5,897.3399999999999
2025-09-18,2025,-5.45,12.08,52,5,877.5799999999999
2025-09-19,2025,-5.75,11.76,52,5,877.5799999999999
2025-09-20,2025,-6.46,11.6,52,5,877.5799999999999
2025-09-21,2025,-6.9,11.55,52,5,877.5799999999999
2025-09-22,2025,-7.43,11.27,52,5,825.2
2025-09-23,2025,-7.68,10.86,52,5,825.2
2025-09-24,2025,-7.05,12.23,52,5,877.5799999999999
2025-09-25,2025,-6.73,11.94,52,5,877.5799999999999
2025-09-26,2025,-5.91,12.67,51,5,897.3399999999999
2025-09-27,2025,-5.12,12.47,51,5,877.5799999999999
2025-09-28,2025,-4.76,12.0,50,5,913.5799999999999
2025-09-29,2025,-4.01,12.42,50,5,913.5799999999999
2025-09-30,2025,-2.98,12.55,50,5,926.7400000000001
2025-10-01,2025,-3.0,13.35,50,5,926.7400000000001
2025-10-02,2025,-4.67,13.81,50,5,939.72
2025-10-03,2025,-6.03,13.53,50,5,939.72
2025-10-04,2025,-6.05,12.77,50,5,926.7400000000001
2025-10-05,2025,-5.97,11.48,50,5,900.1800000000001
2025-10-06,2025,-6.23,11.08,50,5,900.1800000000001
2025-10-07,2025,-6.02,10.89,50,5,900.1800000000001
2025-10-08,2025,-6.37,10.88,50,5,900.1800000000001
2025-10-09,2025,-6.62,11.07,50,5,900.1800000000001
2025-10-10,2025,-5.7,11.09,50,5,900.1800000000001
2025-10-11,2025,-3.87,11.11,50,5,900.1800000000001
2025-10-12,2025,-3.52,11.21,50,5,900.1800000000001
2025-10-13,2025,-4.5,12.36,50,5,913.5799999999999
2025-10-14,2025,-5.52,12.77,50,5,926.7400000000001
2025-10-15,2025,-6.86,12.03,50,5,913.5799999999999
2025-10-16,2025,-7.79,11.6,50,5,913.5799999999999
2025-10-17,2025,-8.18,10.53,50,5,900.1800000000001
2025-10-18,2025,-8.51,9.37,50,5,838.32
2025-10-19,2025,-8.66,9.57,50,5,869.1
2025-10-20,2025,-8.83,8.95,50,5,838.32
2025-10-21,2025,-8.59,8.52,50,5,838.32
2025-10-22,2025,-8.37,8.22,50,5,817.0200000000001
2025-10-23,2025,-8.08,8.41,50,5,817.0200000000001
2025-10-24,2025,-7.76,8.32,50,5,817.0200000000001
2025-10-25,2025,-8.13,8.25,50,5,817.0200000000001
2025-10-26,2025,-8.24,9.23,50,5,838.32
2025-10-27,2025,-8.12,10.4,50,5,869.1
2025-10-28,2025,-8.13,10.31,50,5,869.1
2025-10-29,2025,-7.46,9.07,50,5,838.32
2025-10-30,2025,-6.36,9.72,50,5,869.1
2025-10-31,2025,-5.69,11.24,50,5,900.1800000000001
2025-11-01,2025,-5.15,11.49,50,5,900.1800000000001
2025-11-02,2025,-4.64,11.72,50,5,913.5799999999999
2025-11-03,2025,-4.45,12.14,50,5,913.5799999999999
2025-11-04,2025,-4.26,12.51,50,5,926.7400000000001
2025-11-05,2025,-3.97,12.64,50,5,926.7400000000001
2025-11-06,2025,-4.01,12.43,50,5,913.5799999999999
2025-11-07,2025,-4.49,12.39,50,5,913.5799999999999
2025-11-08,2025,-5.27,12.62,50,5,926.7400000000001
2025-11-09,2025,-6.14,12.21,50,5,913.5799999999999
2025-11-10,2025,-6.79,11.81,50,5,913.5799999999999
2025-11-11,2025,-7.09,10.77,50,5,900.1800000000001
2025-11-12,2025,-7.13,10.11,50,5,869.1
2025-11-13,2025,-6.84,9.76,50,5,869.1
2025-11-14,2025,-6.16,9.51,50,5,869.1
2025-11-15,2025,-5.62,9.33,50,5,838.32
2025-11-16,2025,-5.74,9.62,50,5,869.1
2025-11-17,2025,-6.5,9.69,50,5,869.1
2025-11-18,2025,-7.46,9.79,50,5,869.1
2025-11-19,2025,-7.71,9.81,50,5,869.1
2025-11-20,2025,-7.38,9.3,50,5,838.32
2025-11-21,2025,-6.68,9.23,50,5,838.32
2025-11-22,2025,-5.98,9.63,50,5,869.1
2025-11-23,2025,-4.19,9.83,50,5,869.1
2025-11-24,2025,-2.6,10.66,50,5,900.1800000000001
2025-11-25,2025,-1.83,11.4,50,5,900.1800000000001
2025-11-26,2025,-1.65,12.53,50,5,926.7400000000001
2025-11-27,2025,-1.74,13.98,50,5,939.72
2025-11-28,2025,-1.19,14.71,50,5,952.64
2025-11-29,2025,-0.91,14.99,50,5,952.64
2025-11-30,2025,-1.12,14.94,50,5,952.64
