date,corn_dec_futures,soy_nov_futures
2005-09-30,2.055,5.7325
2006-09-22,2.5525,5.4925
2006-09-29,2.625,5.475
2006-10-06,2.71,5.64
2006-10-13,3.145,5.915
2006-10-20,3.1275,6.065
2006-10-27,3.325,6.355
2006-11-03,3.4225,6.6275
2006-11-10,3.4325,6.625
2006-11-17,3.5525,6.605
2006-11-24,3.6925,6.845
2007-08-31,3.4,8.825
2007-09-07,3.475,9.0525
2007-09-14,3.49,9.5475
2007-09-21,3.765,9.79
2007-09-28,3.73,9.9125
2007-10-05,3.4225,9.405
2007-10-12,3.51,9.7675
2007-10-19,3.7025,9.8325
2007-10-26,3.72,9.955
2007-11-02,3.77,10.0175
2007-11-09,3.8675,10.56
2007-11-16,3.795,10.7775
2007-11-23,3.89,11.0025
2008-09-05,5.485,11.77
2008-09-12,5.6325,12.02
2008-09-19,5.4225,11.435
2008-09-26,5.43,11.64
2008-10-03,4.54,9.92
2008-10-10,4.54,9.92
2008-10-17,4.03,8.94
2008-10-24,3.7275,8.6375
2008-10-31,4.015,9.2525
2008-11-07,3.755,9.21
2008-11-14,3.8025,8.96
2008-11-21,3.85,8.4
2008-11-28,3.54,8.86
2009-08-28,3.29,10.11
2009-09-04,3.0625,9.22
2009-09-11,3.1975,9.03
2009-09-18,3.18,9.41
2009-09-25,3.34,9.26
2009-10-02,3.335,8.85
2009-10-09,3.6225,9.64
2009-10-16,3.72,9.775
2009-10-23,3.9775,10.06
2009-10-30,3.66,9.78
2009-11-06,3.67,9.55
2009-11-13,3.905,9.87
2009-11-20,3.91,10.46
2009-11-27,3.9725,10.53
2010-09-03,4.645,10.35
2010-09-10,4.7825,10.31
2010-09-17,5.13,10.69
2010-09-24,5.2175,11.26
2010-10-01,4.6575,10.57
2010-10-08,5.2825,11.35
2010-10-15,5.63,11.85
2010-10-22,5.5975,11.975
2010-10-29,5.82,12.26
2010-11-05,5.8775,12.84
2010-11-12,5.34,12.69
2010-11-19,5.2075,12.015
2010-11-26,5.3825,12.385
2011-09-02,7.6,14.4575
2011-09-09,7.365,14.2675
2011-09-16,6.92,13.555
2011-09-23,6.385,12.58
2011-09-30,5.925,11.79
2011-10-07,6.0,11.5825
2011-10-14,6.4,12.7
2011-10-21,6.4925,12.1225
2011-10-28,6.55,12.17
2011-11-04,6.5575,12.21
2011-11-11,6.385,11.755
2011-11-18,6.1025,11.6825
2011-11-25,5.825,11.065
2012-08-31,7.9975,17.565
2012-09-07,7.995,17.365
2012-09-14,7.82,17.39
2012-09-21,7.485,16.2175
2012-09-28,7.5625,16.01
2012-10-05,7.48,15.515
2012-10-12,7.5275,15.225
2012-10-19,7.615,15.3425
2012-10-26,,
2012-11-02,7.395,15.2675
2012-11-09,7.18,14.05
2012-11-16,7.27,13.8325
2012-11-23,7.455,14.1875
2013-09-06,4.685,13.6775
2013-09-13,4.59,13.845
2013-09-20,4.51,13.1625
2013-09-27,4.54,13.1975
2013-10-04,,
2013-10-11,,
2013-10-18,4.415,12.9125
2013-10-25,4.4,13.0
2013-11-01,4.2725,12.515
2013-11-08,4.2675,12.96
2013-11-15,4.22,12.805
2013-11-22,4.225,13.195
2013-11-29,,
2013-12-06,4.3425,13.255
2014-09-12,3.385,9.8525
2014-09-19,3.315,9.57
2014-09-26,3.23,9.1025
2014-10-03,3.2325,9.1225
2014-10-10,3.34,9.225
2014-10-17,3.48,9.5775
2014-10-24,3.53,9.775
2014-10-31,3.7675,10.465
2014-11-07,3.675,10.3675
2014-11-14,3.8175,10.225
2014-11-21,3.7275,10.39
2014-11-28,,
2015-09-04,3.63,8.665
2015-09-11,3.87,8.8425
2015-09-18,3.7725,8.6725
2015-09-25,3.89,8.8925
2015-10-02,3.8925,8.7425
2015-10-09,3.8275,8.8575
2015-10-16,3.7675,8.9825
2015-10-23,3.7975,8.955
2015-10-30,3.8225,8.8375
2015-11-06,3.73,8.6725
2015-11-13,3.5825,8.5525
2015-11-20,3.6325,8.575
2015-11-27,,
2016-09-02,3.285,9.525
2016-09-09,3.41,9.8025
2016-09-16,3.37,9.66
2016-09-23,3.365,9.55
2016-09-30,3.3675,9.54
2016-10-07,3.3975,9.5675
2016-10-14,3.5425,9.625
2016-10-21,3.525,9.83
2016-10-28,3.55,10.0125
2016-11-04,3.4875,9.9075
2016-11-10,3.435,9.98
2016-11-18,3.455,9.93375
2016-11-23,3.5075,10.3425
2017-09-15,3.5475,9.6875
2017-09-22,3.535,9.8425
2017-09-29,3.5525,9.6825
2017-10-06,3.5,9.7225
2017-10-13,3.5275,10.0025
2017-10-20,3.445,9.7875
2017-10-27,3.4875,9.7525
2017-11-03,3.4825,9.8675
2017-11-10,3.415,9.85
2017-11-17,3.43,9.905
2017-11-24,,
2018-09-07,3.67,8.44
2018-09-14,3.5175,8.305
2018-09-21,3.5725,8.4725
2018-09-28,3.5625,8.455
2018-10-05,3.6825,8.69
2018-10-12,3.7375,8.675
2018-10-19,3.67,8.5675
2018-10-26,3.6775,8.45
2018-11-02,3.7125,8.8775
2018-11-09,3.6975,8.8675
2018-11-16,3.6475,8.9225
2018-11-23,,
2018-11-30,3.665,8.9475
2019-08-09,4.136,8.846
2019-08-16,3.746,8.726
2019-08-23,3.702,8.694
2019-08-30,3.68,8.64
2019-09-06,3.55,8.554
2019-09-13,3.69,8.952
2019-09-20,3.74,8.954
2019-09-27,3.716,8.91
2019-10-04,3.856,9.152
2019-10-11,3.944,9.36
2019-10-18,3.922,9.384
2019-10-25,3.84,9.224
2019-11-01,3.856,9.364
2019-11-08,3.73,9.16
2019-11-15,3.714,9.192
2020-07-10,3.36,8.832
2020-07-17,3.364,8.992
2020-07-24,3.352,9.004
2020-07-27,3.345,8.9975
2020-07-28,3.3,8.875
2020-07-29,3.2625,8.852500000000001
2020-07-30,3.2675,8.8825
2020-07-31,3.272,8.974
2020-08-03,3.285,8.9625
2020-08-04,3.2025,8.8175
2020-08-05,3.2325,8.7875
2020-08-06,3.2375,8.78
2020-08-07,3.21,8.66
2020-08-10,3.23,8.7325
2020-08-11,3.235,8.735
2020-08-12,3.2725,8.83
2020-08-13,3.3875,8.995
2020-08-14,3.376,8.98
2020-08-17,3.4475,9.1525
2020-08-18,3.4175,9.1375
2020-08-19,3.3975,9.14
2020-08-20,3.3925,9.0525
2020-08-21,3.41,9.036
2020-08-24,3.45,9.0575
2020-08-25,3.545,9.2025
2020-08-26,3.5425,9.2425
2020-08-27,3.585,9.42
2020-08-28,3.6,9.52
2020-08-31,3.5715625,9.535
2020-09-01,3.57675,9.5475
2020-09-02,3.5875,9.62
2020-09-03,3.5375,9.66
2020-09-04,3.572,9.69
2020-09-08,3.6175,9.73
2020-09-09,3.6025,9.7875
2020-09-10,3.65,9.775
2020-09-11,3.702,9.994
2020-09-14,3.695,9.995
2020-09-15,3.66,9.915
2020-09-16,3.7175,10.1125
2020-09-17,3.7525,10.285
2020-09-18,3.76,10.394
2020-09-21,3.6975,10.225
2020-09-22,3.6925,10.1975
2020-09-23,3.685,10.145
2020-09-24,3.635,10.0
2020-09-25,3.63,10.036
2020-09-28,3.6675,9.9625
2020-09-29,3.6475,9.93
2020-09-30,3.79,10.235
2020-10-01,3.8275,10.235
2020-10-02,3.802,10.216
2020-10-05,3.795,10.215
2020-10-06,3.85,10.44
2020-10-07,3.8875,10.51
2020-10-08,3.87,10.5
2020-10-09,3.964,10.612
2020-10-13,3.9125,10.44
2020-10-14,3.965,10.5625
2020-10-15,4.0375,10.6225
2020-10-16,4.06,10.564
2020-10-19,4.0525,10.5425
2020-10-20,4.0875,10.64
2020-10-21,4.1375,10.72
2020-10-22,4.1625,10.7375
2020-10-23,4.17,10.512
2020-10-26,4.1775,10.8775
2020-10-27,4.16,10.8225
2020-10-28,4.015,10.5725
2020-10-29,3.985,10.5175
2020-10-30,3.93,10.47
2020-11-02,3.975,10.5075
2020-11-03,4.01,10.59
2020-11-04,4.0525,10.79
2020-11-05,4.0925,11.0175
2020-11-06,4.154,11.164
2020-11-09,4.075,11.05
2020-11-10,4.23,11.3825
2020-11-12,4.0825000000000005,11.37
2020-11-13,4.105,11.415
2020-11-16,4.1625,
2020-11-17,4.2025,
2020-11-18,4.2575,
2020-11-19,4.225,
2020-11-20,4.2325,
2020-11-23,4.265,
2020-11-24,4.257499999999999,
2020-11-25,4.2,
2020-11-30,4.1975,
2021-01-04,4.345,11.2075
2021-01-05,4.385,11.4125
2021-01-06,4.4125,11.5325
2021-01-07,4.41,11.53
2021-01-08,4.404999999999999,11.6175
2021-01-11,4.407500000000001,11.55
2021-01-12,4.574999999999999,11.765
2021-01-13,4.532500000000001,11.76
2021-01-14,4.577500000000001,11.965
2021-01-15,4.6000000000000005,11.9775
2021-01-19,4.550000000000001,11.8875
2021-01-20,4.489999999999999,11.7175
2021-01-21,4.487500000000001,11.685
2021-01-22,4.3025,11.12
2021-01-25,4.3475,11.3025
2021-01-26,4.445,11.485
2021-01-27,4.425000000000001,11.4925
2021-01-28,4.387499999999999,11.3125
2021-01-29,4.4525,11.43
2021-02-01,4.4775,11.54
2021-02-02,4.47,11.505
2021-02-03,4.510000000000001,11.5625
2021-02-04,4.5175,11.6025
2021-02-05,4.5175,11.61
2021-02-08,4.5825,11.7975
2021-02-09,4.5575,11.9075
2021-02-10,4.48,11.635
2021-02-11,4.525,11.7425
2021-02-12,4.487500000000001,11.73
2021-02-16,4.5775,11.8575
2021-02-17,4.6000000000000005,11.89
2021-02-18,4.5925,11.865
2021-02-19,4.6,11.9625
2021-02-22,4.697500000000001,12.1175
2021-02-23,4.697500000000001,12.22
2021-02-24,4.7675,12.3825
2021-02-25,4.74,12.3075
2021-02-26,4.7075,12.23
2021-03-01,4.6875,12.1925
2021-03-02,4.7575,12.2975
2021-03-03,4.735,12.24
2021-03-04,4.755,12.305
2021-03-05,4.815,12.4725
2021-03-08,4.815,12.5425
2021-03-09,4.8475,12.62
2021-03-10,4.8025,12.3875
2021-03-11,4.835,12.4375
2021-03-12,4.7875,12.4375
2021-03-15,4.7875,12.44
2021-03-16,4.7775,12.45
2021-03-17,4.755,12.355
2021-03-18,4.68,12.0625
2021-03-19,4.715,12.2
2021-03-22,4.68,12.16
2021-03-23,4.697500000000001,12.235
2021-03-24,4.69,12.2825
2021-03-25,4.654999999999999,12.1475
2021-03-26,4.665,12.0725
2021-03-29,4.612500000000001,12.045
2021-03-30,4.525,11.8625
2021-03-31,4.775,12.5625
2021-04-01,4.845,12.6375
2021-04-05,4.885000000000001,12.69
2021-04-06,4.8325,12.7125
2021-04-07,4.855,12.7075
2021-04-08,4.947500000000001,12.7325
2021-04-09,4.965,12.6325
2021-04-12,4.965,12.5025
2021-04-13,5.0425,12.5125
2021-04-14,5.112500000000001,12.64
2021-04-15,5.1225,12.69
2021-04-16,5.1225,12.74
2021-04-19,5.2025,12.84
2021-04-20,5.285,12.995
2021-04-21,5.365,13.1025
2021-04-22,5.5325,13.3825
2021-04-23,5.507499999999999,13.415
2021-04-26,5.6825,13.62
2021-04-27,5.6225,13.425
2021-04-28,5.465,13.28
2021-04-29,5.4625,13.1875
2021-04-30,5.637499999999999,13.3975
2021-05-03,5.63,13.4475
2021-05-04,5.805,13.6325
2021-05-05,6.047499999999999,13.8275
2021-05-06,6.255,14.09
2021-05-07,6.364999999999999,14.335
2021-05-10,6.092499999999999,14.1425
2021-05-11,6.112500000000001,14.315
2021-05-12,5.93,14.4375
2021-05-13,5.5825,13.965
2021-05-14,5.427499999999999,14.0075
2021-05-17,5.3725,13.97
2021-05-18,5.4325,13.995
2021-05-19,5.39,13.6925
2021-05-20,5.52,13.6775
2021-05-21,5.465,13.605
2021-05-24,5.4025,13.6225
2021-05-25,5.157500000000001,13.4725
2021-05-26,5.2075,13.47
2021-05-27,5.550000000000001,13.7825
2021-05-28,5.455,13.7275
2021-06-01,5.77,13.97
2021-06-02,5.7275,14.1375
2021-06-03,5.665,14.035
2021-06-04,5.915,14.355
2021-06-07,6.0275,14.4
2021-06-08,6.095,14.57
2021-06-09,6.0975,14.4825
2021-06-10,6.165,14.595
2021-06-11,6.0975,14.3875
2021-06-14,5.8125,13.9525
2021-06-15,5.737500000000001,13.735
2021-06-16,5.725,13.4325
2021-06-17,5.324999999999999,12.5275
2021-06-18,5.474,12.88
2021-06-21,5.57,13.1925
2021-06-22,5.39,13.0225
2021-06-23,5.3575,13.0025
2021-06-24,5.359999999999999,12.9175
2021-06-25,5.192,12.816
2021-06-28,5.4725,13.125
2021-06-29,5.485,13.125
2021-06-30,5.885000000000001,13.99
2021-07-01,5.89,13.955
2021-07-02,,
2021-07-06,5.3975,13.05
2021-07-07,5.31,13.2725
2021-07-08,5.237500000000001,13.195
2021-07-09,5.216,13.35
2021-07-12,5.33,13.5025
2021-07-13,5.407500000000001,13.5175
2021-07-14,5.5875,13.8325
2021-07-15,5.5625,13.8
2021-07-16,5.602,13.974
2021-07-19,5.5225,13.7275
2021-07-20,5.657500000000001,13.885
2021-07-21,5.685,13.8975
2021-07-22,5.612500000000001,13.6225
2021-07-23,5.376,13.392
2021-07-26,5.467499999999999,13.5775
2021-07-27,5.4625,13.595
2021-07-28,5.489999999999999,13.61
2021-07-29,5.565,13.7775
2021-07-30,5.444,13.402
2021-08-02,5.592499999999999,13.535
2021-08-03,5.5175,13.1975
2021-08-04,5.4675,13.2575
2021-08-05,5.53,13.285
2021-08-06,5.504,13.302
2021-08-09,5.5375000000000005,13.2975
2021-08-10,5.5325,13.367499999999998
2021-08-11,5.5925,13.4
2021-08-12,5.7325,13.41
2021-08-13,5.724,13.732
2021-08-16,5.6875,13.6825
2021-08-17,5.635,13.615
2021-08-18,5.65,13.5325
2021-08-19,5.507499999999999,13.2
2021-08-20,5.382,13.034
2021-08-23,5.355,12.9275
2021-08-24,5.4525,13.3175
2021-08-25,5.517499999999999,13.3275
2021-08-26,5.507499999999999,13.2625
2021-08-27,5.514,13.232
2021-08-30,5.427499999999999,13.0325
2021-08-31,5.3425,12.925
2021-09-01,5.2275,12.7775
2021-09-02,5.255000000000001,12.8325
2021-09-03,5.234,13.0
2021-09-07,5.1075,12.77
2021-09-08,5.1025,12.795
2021-09-09,5.1,12.705
2021-09-10,5.11,12.804
2021-09-13,5.1325,12.8475
2021-09-14,5.2025,12.825
2021-09-15,5.335,12.945000000000002
2021-09-16,5.295,12.96
2021-09-17,5.172,12.7
2021-09-20,5.2175,12.625
2021-09-21,5.17,12.74
2021-09-22,5.255,12.8275
2021-09-23,5.2925,12.8425
2021-09-24,5.25,12.886
2021-09-27,5.395,12.875
2021-09-28,5.325,12.77
2021-09-29,5.39,12.8375
2021-09-30,5.3675,12.56
2021-10-01,5.414,12.384
2021-10-04,5.4075,12.3575
2021-10-05,5.375,12.505
2021-10-06,5.3225,12.42
2021-10-07,5.340000000000001,12.472500000000002
2021-10-08,5.304,12.442
2021-10-12,5.2250000000000005,11.9825
2021-10-13,5.1225000000000005,11.9525
2021-10-14,5.1675,12.0625
2021-10-15,5.234,12.194
2021-10-18,5.327500000000001,12.215000000000002
2021-10-19,5.3025,12.28
2021-10-20,5.3925,12.455
2021-10-21,5.3225,12.24
2021-10-22,5.396,12.4
2021-10-25,5.380000000000001,12.3725
2021-10-26,5.4350000000000005,12.38
2021-10-27,5.5725,12.3925
2021-10-28,5.6275,12.3375
2021-10-29,5.696,12.436
2021-11-01,5.79,12.3675
2021-11-02,5.73,12.44
2021-11-03,5.640000000000001,12.315
2021-11-04,5.5925,12.0925
2021-11-05,5.51,11.996
2021-11-08,5.515000000000001,
2021-11-09,5.547499999999999,
2021-11-10,5.692500000000001,
2021-11-12,5.766,12.426
2021-11-15,5.765000000000001,
2021-11-16,5.71,
2021-11-17,5.7525,
2021-11-18,5.73,
2021-11-19,5.814,12.664
2021-11-22,5.7675,
2021-11-23,5.805,
2021-11-24,5.797499999999999,
2021-11-26,,
2021-11-29,5.8100000000000005,
2021-11-30,5.67,
2021-12-01,5.720000000000001,
2021-12-02,5.77,
2021-12-03,5.85,12.694
2021-12-10,5.876,12.61
2021-12-17,5.892,12.84
2021-12-23,6.114,13.514
2022-01-03,5.4750000000000005,12.8375
2022-01-04,5.5575,12.995
2022-01-05,5.5475,13.04
2022-01-06,5.5425,13.065
2022-01-07,5.5775,13.2175
2022-01-10,5.57,13.005
2022-01-11,5.574999999999999,13.0
2022-01-12,5.5825,13.125
2022-01-13,5.5775,13.045
2022-01-14,5.5825,12.93
2022-01-18,5.5775,12.84
2022-01-19,5.6475,13.045
2022-01-20,5.6225,13.2025
2022-01-21,5.6525,13.1625
2022-01-24,5.675000000000001,13.075
2022-01-25,5.697500000000001,13.185
2022-01-26,5.7275,13.34
2022-01-27,5.6675,13.38
2022-01-28,5.695,13.515
2022-01-31,5.734999999999999,13.67
2022-02-01,5.7775,13.82
2022-02-02,5.73,13.8975
2022-02-03,5.6825,13.9275
2022-02-04,5.737500000000001,13.9575
2022-02-07,5.81,14.16
2022-02-08,5.819999999999999,14.13
2022-02-09,5.885000000000001,14.375
2022-02-10,5.8475,14.32
2022-02-11,5.947500000000001,14.44
2022-02-14,5.9825,14.425
2022-02-15,5.8975,14.32
2022-02-16,5.9375,14.555
2022-02-17,5.965,14.6075
2022-02-18,5.9775,14.6375
2022-02-22,6.0575,14.7325
2022-02-23,6.112500000000001,14.875
2022-02-24,6.0475,14.515
2022-02-25,5.7975,14.15
2022-02-28,6.072500000000001,14.3575
2022-03-01,6.2475,14.77
2022-03-02,6.0925,14.525
2022-03-03,6.12,14.54
2022-03-04,6.295,14.5025
2022-03-07,6.427499999999999,14.529999999999998
2022-03-08,6.4375,14.7325
2022-03-09,6.367500000000001,14.7375
2022-03-10,6.5175,14.9225
2022-03-11,6.5525,14.91
2022-03-14,6.525,14.81
2022-03-15,6.5125,14.669999999999998
2022-03-16,6.2975,14.6025
2022-03-17,6.449999999999999,14.6925
2022-03-18,6.455,14.6675
2022-03-21,6.640000000000001,14.9
2022-03-22,6.7,14.98
2022-03-23,6.7225,15.080000000000002
2022-03-24,6.675000000000001,14.93
2022-03-25,6.69,14.9675
2022-03-28,6.645,14.6875
2022-03-29,6.5275,14.485
2022-03-30,6.5600000000000005,14.7025
2022-03-31,6.8375,14.205000000000002
2022-04-01,6.88,14.0675
2022-04-04,6.99,14.3975
2022-04-05,7.065,14.557499999999996
2022-04-06,7.0475,14.44
2022-04-07,7.09,14.6625
2022-04-08,7.16,14.955
2022-04-11,7.180000000000001,14.8575
2022-04-12,7.31,15.07
2022-04-13,7.3575,15.057499999999996
2022-04-14,7.3525,15.015
2022-04-18,7.4975,15.21
2022-04-19,7.470000000000001,15.205
2022-04-20,7.484999999999999,15.295
2022-04-21,7.387499999999999,15.317500000000004
2022-04-22,7.245,15.0525
2022-04-25,7.34,14.942500000000004
2022-04-26,7.434999999999999,15.0275
2022-04-27,7.495,15.2475
2022-04-28,7.5175,15.21
2022-04-29,7.512499999999999,15.1475
2022-05-02,7.422499999999999,14.905
2022-05-03,7.3525,14.7825
2022-05-04,7.362500000000001,14.865
2022-05-05,7.385000000000001,14.9175
2022-05-06,7.2075,14.7075
2022-05-09,7.1075,14.4675
2022-05-10,7.190000000000001,14.5475
2022-05-11,7.3575,14.7225
2022-05-12,7.529999999999999,14.805
2022-05-13,7.487500000000001,14.9825
2022-05-16,7.654999999999999,15.119999999999996
2022-05-17,7.6075,15.255
2022-05-18,7.4025,14.994999999999996
2022-05-19,7.359999999999999,15.145
2022-05-20,7.319999999999999,15.2175
2022-05-23,7.390000000000001,15.1875
2022-05-24,7.252500000000001,15.175
2022-05-25,7.2325,15.1275
2022-05-26,7.1875,15.4475
2022-05-27,7.300000000000001,15.44
2022-05-31,7.114999999999999,15.095
2022-06-01,6.915,15.1525
2022-06-02,6.9425,15.4175
2022-06-03,6.9,15.27
2022-06-06,7.025,15.335
2022-06-07,7.140000000000001,15.4975
2022-06-08,7.177499999999999,15.68
2022-06-09,7.1675,15.8225
2022-06-10,7.205,15.6825
2022-06-13,7.215,15.3375
2022-06-14,7.212499999999999,15.2525
2022-06-15,7.21,15.235
2022-06-16,7.35,15.4325
2022-06-17,7.31,15.375
2022-06-21,7.015000000000001,15.105
2022-06-22,6.9375,14.765
2022-06-23,6.555000000000001,14.155
2022-06-24,6.74,14.2425
2022-06-27,6.53,14.3275
2022-06-28,6.5925,14.625
2022-06-29,6.5375000000000005,14.7825
2022-06-30,6.197500000000001,14.58
2022-07-01,6.074999999999999,13.9525
2022-07-05,5.785,13.16
2022-07-06,5.8500000000000005,13.2275
2022-07-07,5.9625,13.655
2022-07-08,6.254,13.986
2022-07-11,6.29,14.05
2022-07-12,5.865,13.43
2022-07-13,5.952500000000001,13.495
2022-07-14,6.01,13.41
2022-07-15,6.11,13.684
2022-07-18,6.1075,13.8025
2022-07-19,5.952500000000001,13.5825
2022-07-20,5.9,13.3225
2022-07-21,5.735,13.015
2022-07-22,5.786,13.34
2022-07-25,5.8375,13.46
2022-07-26,6.0075,13.8375
2022-07-27,6.029999999999999,14.1
2022-07-28,6.19,14.405
2022-07-29,6.03,14.39
2022-08-01,6.0975,14.06
2022-08-02,5.9425,13.865
2022-08-03,5.9625,13.6975
2022-08-04,6.0625,14.1775
2022-08-05,6.024,13.996
2022-08-08,6.072500000000001,14.0
2022-08-09,6.140000000000001,14.2875
2022-08-10,6.185,14.2775
2022-08-11,6.2775,14.485
2022-08-12,6.272,14.116
2022-08-15,6.282500000000001,14.1225
2022-08-16,6.1025,13.81
2022-08-17,6.12,13.9
2022-08-18,6.157500000000001,14.0525
2022-08-19,6.234,14.126
2022-08-22,6.29,14.3525
2022-08-23,6.552499999999999,14.61
2022-08-24,6.572500000000001,14.570000000000002
2022-08-25,6.5,14.3125
2022-08-26,6.706,14.416
2022-08-29,6.83,14.3775
2022-08-30,6.7725,14.325
2022-08-31,6.705,14.225
2022-09-01,6.58,13.9475
2022-09-02,6.642,14.196
2022-09-06,6.760000000000001,13.9875
2022-09-07,6.71,13.835
2022-09-08,6.685,13.86
2022-09-09,6.832,14.136
2022-09-12,6.96,14.8825
2022-09-13,6.9275,14.7875
2022-09-14,6.8225,14.55
2022-09-15,6.775,14.515
2022-09-16,6.722,14.45
2022-09-19,6.7825,14.6125
2022-09-20,6.92,14.7875
2022-09-21,6.855,14.6125
2022-09-22,6.882499999999999,14.57
2022-09-23,6.734,14.234
2022-09-26,6.6625000000000005,14.1125
2022-09-27,6.675,14.08
2022-09-28,6.705,14.0875
2022-09-29,6.695,14.1075
2022-09-30,6.834,13.656
2022-10-03,6.807499999999999,13.74
2022-10-04,6.83,13.835
2022-10-05,6.840000000000001,13.6975
2022-10-06,6.755,13.58
2022-10-07,6.932,13.94
2022-10-11,6.93,13.7625
2022-10-12,6.93,13.96
2022-10-13,6.9775,13.9575
2022-10-14,6.89,13.872
2022-10-17,6.835,13.8525
2022-10-18,6.81,13.72
2022-10-19,6.7825,13.725
2022-10-20,6.84,13.915
2022-10-21,6.796,13.906
2022-10-24,6.815,13.72
2022-10-25,6.862500000000001,13.82
2022-10-26,6.85,13.8175
2022-10-27,6.8225,13.8225
2022-10-28,6.956,14.046
2022-10-31,6.915,14.07
2022-11-01,6.9775,14.3575
2022-11-02,6.875,14.4
2022-11-03,6.7925,14.2675
2022-11-04,6.802,14.624
2022-11-07,6.757499999999999,14.4
2022-11-08,6.675000000000001,14.44
2022-11-09,6.6450000000000005,14.597500000000002
2022-11-10,6.5325,14.305
2022-11-11,6.542,14.38
2022-11-14,6.5725,14.4175
2022-11-15,6.6675,
2022-11-16,6.6525,
2022-11-17,6.675000000000001,
2022-11-18,6.6775,
2022-11-21,6.595,
2022-11-22,6.5675,
2022-11-23,6.632499999999999,
2022-11-25,6.680000000000001,
2022-11-28,6.6875,
2022-11-29,6.6575,
2022-11-30,6.62,
2023-01-03,6.067500000000001,13.97
2023-01-04,5.9475,13.9075
2023-01-05,5.9125,13.825
2023-01-06,5.91,13.9725
2023-01-09,5.9025,13.9175
2023-01-10,5.8925,13.905
2023-01-11,5.8925,13.87
2023-01-12,5.96,13.9625
2023-01-13,5.985,13.93
2023-01-17,6.0375,13.9325
2023-01-18,6.01,13.7425
2023-01-19,5.9625,13.645
2023-01-20,5.9575000000000005,13.52
2023-01-23,5.86,13.395
2023-01-24,5.9125,13.38
2023-01-25,5.880000000000001,13.4475
2023-01-26,5.9,13.525
2023-01-27,5.8725000000000005,13.5125
2023-01-30,5.8975,13.675
2023-01-31,5.907500000000001,13.63
2023-02-01,5.9625,13.6025
2023-02-02,5.95,13.705000000000002
2023-02-03,5.96,13.6975
2023-02-06,5.9775,13.6725
2023-02-07,5.9350000000000005,13.705000000000002
2023-02-08,5.955,13.7075
2023-02-09,5.905,13.6525
2023-02-10,5.96,13.7875
2023-02-13,5.967499999999999,13.847499999999998
2023-02-14,5.9775,13.83
2023-02-15,5.952500000000001,13.75
2023-02-16,5.9350000000000005,13.8375
2023-02-17,5.9575000000000005,13.8625
2023-02-21,5.965,13.989999999999998
2023-02-22,5.92,13.955
2023-02-23,5.855,13.8775
2023-02-24,5.7625,13.739999999999998
2023-02-27,5.76,13.72
2023-02-28,5.6975,13.472499999999998
2023-03-01,5.692500000000001,13.590000000000002
2023-03-02,5.705,13.675
2023-03-03,5.71,13.73
2023-03-06,5.7,13.7925
2023-03-07,5.67,13.735
2023-03-08,5.58,13.715000000000002
2023-03-09,5.535,13.6
2023-03-10,5.577500000000001,13.575
2023-03-13,5.5725,13.3925
2023-03-14,5.5925,13.385000000000002
2023-03-15,5.57,13.2475
2023-03-16,5.585,13.245
2023-03-17,5.6125,13.135000000000002
2023-03-20,5.6,13.090000000000002
2023-03-21,5.567500000000001,12.96
2023-03-22,5.545,12.725
2023-03-23,5.5225,12.58
2023-03-24,5.6025,12.7325
2023-03-27,5.6975,12.885000000000002
2023-03-28,5.7225,13.0375
2023-03-29,5.705,13.025
2023-03-30,5.67,13.034999999999998
2023-03-31,5.665,13.197500000000002
2023-04-03,5.675,13.3275
2023-04-04,5.6,13.2
2023-04-05,5.6075,13.159999999999998
2023-04-06,5.567500000000001,13.097499999999998
2023-04-10,5.6275,13.097499999999998
2023-04-11,5.5925,13.1425
2023-04-12,5.555,13.0775
2023-04-13,5.5375,13.125
2023-04-14,5.6,13.015
2023-04-17,5.6675,13.114999999999998
2023-04-18,5.71,13.195
2023-04-19,5.630000000000001,13.085
2023-04-20,5.575,13.005
2023-04-21,5.48,12.8525
2023-04-24,5.475,12.7675
2023-04-25,5.4825,12.659999999999998
2023-04-26,5.4350000000000005,12.6675
2023-04-27,5.3075,12.555
2023-04-28,5.2775,12.635
2023-05-01,5.2525,12.75
2023-05-02,5.1975,12.6725
2023-05-03,5.305000000000001,12.722499999999998
2023-05-04,5.285,12.685
2023-05-05,5.3475,12.8
2023-05-08,5.2975,12.725
2023-05-09,5.1825,12.545
2023-05-10,5.2075000000000005,12.5075
2023-05-11,5.1375,12.48
2023-05-12,5.0875,12.2375
2023-05-15,5.15,12.3125
2023-05-16,5.0525,12.07
2023-05-17,4.99,11.875
2023-05-18,5.0075,11.87
2023-05-19,4.9975000000000005,11.755
2023-05-22,5.09,11.97
2023-05-23,5.1675,11.8775
2023-05-24,5.2,11.85
2023-05-25,5.16,11.722499999999998
2023-05-26,5.345000000000001,11.895
2023-05-30,5.2525,11.5325
2023-05-31,5.2175,11.465
2023-06-01,5.3,11.69
2023-06-02,5.4125,11.8375
2023-06-05,5.37,11.7975
2023-06-06,5.41,11.847499999999998
2023-06-07,5.3075,11.784999999999998
2023-06-08,5.33,11.89
2023-06-09,5.305000000000001,12.0425
2023-06-12,5.4925,12.090000000000002
2023-06-13,5.5125,12.395
2023-06-14,5.4925,12.4
2023-06-15,5.745,12.9225
2023-06-16,,
2023-06-20,5.975,13.4275
2023-06-21,6.2875,13.77
2023-06-22,6.2075000000000005,13.395
2023-06-23,5.876,13.2
2023-06-26,5.8825,13.23
2023-06-27,5.61,12.9425
2023-06-28,5.3675,12.65
2023-06-29,5.285,12.6575
2023-06-30,5.002,13.8
2023-07-03,4.9350000000000005,13.5375
2023-07-05,4.9350000000000005,13.55
2023-07-06,5.065,13.395
2023-07-07,5.002,13.394
2023-07-10,4.994999999999999,13.455000000000002
2023-07-11,5.015,13.6025
2023-07-12,4.8375,13.2775
2023-07-13,5.005,13.6975
2023-07-14,5.196,13.842
2023-07-17,5.06,13.78
2023-07-18,5.345,13.9525
2023-07-19,5.53,14.0875
2023-07-20,5.4625,14.0475
2023-07-21,5.602,14.202
2023-07-24,5.682499999999999,14.245
2023-07-25,5.6525,14.2
2023-07-26,5.4825,14.2
2023-07-27,5.4225,13.98
2023-07-28,5.164,13.552
2023-07-31,5.13,13.3175
2023-08-01,5.0725,13.4125
2023-08-02,5.005,13.2125
2023-08-03,4.9350000000000005,13.2525
2023-08-04,4.966,13.082
2023-08-07,4.9575000000000005,13.02
2023-08-08,4.9875,13.06
2023-08-09,4.9425,13.085
2023-08-10,4.9625,13.1825
2023-08-11,4.842,13.204
2023-08-14,4.8775,13.260000000000002
2023-08-15,4.755,13.052499999999998
2023-08-16,4.815,13.235
2023-08-17,4.8575,13.3
2023-08-18,4.96,13.764
2023-08-21,4.825,13.6175
2023-08-22,4.795,13.46
2023-08-23,4.904999999999999,13.605
2023-08-24,4.8825,13.7175
2023-08-25,4.922,13.994
2023-08-28,4.9625,14.0575
2023-08-29,4.8675,13.925
2023-08-30,4.8075,13.8675
2023-08-31,4.782500000000001,13.6875
2023-09-01,4.814,13.636
2023-09-05,4.86,13.65
2023-09-06,4.8575,13.7625
2023-09-07,4.8625,13.595
2023-09-08,4.856,13.686
2023-09-11,4.8575,13.69
2023-09-12,4.765,13.465
2023-09-13,4.8225,13.4975
2023-09-14,4.805,13.605
2023-09-15,4.76,13.364
2023-09-18,4.715000000000001,13.1675
2023-09-19,4.7625,13.155
2023-09-20,4.8225,13.2
2023-09-21,4.7525,12.9375
2023-09-22,4.764,12.946
2023-09-25,4.8125,12.9775
2023-09-26,4.7975,13.0275
2023-09-27,4.8325000000000005,13.0325
2023-09-28,4.885,13.005
2023-09-29,4.792,12.7
2023-10-02,4.8875,12.77
2023-10-03,4.875,12.7275
2023-10-04,4.86,12.73
2023-10-05,4.975,12.8075
2023-10-06,4.94,12.706
2023-10-09,4.8825,12.6425
2023-10-10,4.855,12.715
2023-10-11,4.88,12.525
2023-10-12,4.96,12.9
2023-10-13,4.92,12.806
2023-10-16,4.9,12.8625
2023-10-17,4.89,12.9675
2023-10-18,4.92,13.11
2023-10-19,5.050000000000001,13.155
2023-10-20,4.942,13.102
2023-10-23,4.9025,12.8675
2023-10-24,4.84,12.9525
2023-10-25,4.8,12.8825
2023-10-26,4.7925,12.795
2023-10-27,4.8,13.156
2023-10-30,4.7825,12.8275
2023-10-31,4.7875,12.87
2023-11-01,4.75,12.9125
2023-11-02,4.7,13.04
2023-11-03,4.78,13.54
2023-11-06,4.7725,13.405
2023-11-07,4.6850000000000005,13.4875
2023-11-08,4.76,13.49
2023-11-09,4.680000000000001,13.2775
2023-11-10,4.626,13.58
2023-11-13,4.7725,13.68
2023-11-14,4.7825,13.6875
2023-11-15,4.7075000000000005,
2023-11-16,4.7475000000000005,
2023-11-17,4.852,13.512
2023-11-20,4.694999999999999,
2023-11-21,4.7,
2023-11-22,4.6875,
2023-11-24,4.774,13.314
2023-11-27,4.555,
2023-11-28,4.515,
2023-11-29,4.4975000000000005,
2023-11-30,4.6175,
2023-12-01,4.842,13.266
2023-12-04,4.6025,
2023-12-05,4.6850000000000005,
2023-12-06,4.6475,
2023-12-07,4.6825,
2023-12-08,4.6575,
2023-12-11,4.605,
2023-12-12,4.625,
2024-01-02,4.9825,12.22
2024-01-03,4.985,12.2525
2024-01-04,4.9875,12.2075
2024-01-05,4.94,12.085
2024-01-08,4.8925,12.02
2024-01-09,4.9275,12.085
2024-01-10,4.92,12.055
2024-01-11,4.8975,12.07
2024-01-12,4.8175,12.015
2024-01-16,4.7725,12.0125
2024-01-17,4.75,11.89
2024-01-18,4.757499999999999,11.9125
2024-01-19,4.76,11.9125
2024-01-22,4.7625,11.975
2024-01-23,4.775,12.07
2024-01-24,4.8225,12.08
2024-01-25,4.807499999999999,11.9625
2024-01-26,4.7625,11.85
2024-01-29,4.744999999999999,11.8025
2024-01-30,4.8025,11.9725
2024-01-31,4.8,11.9975
2024-02-01,4.79,11.855
2024-02-02,4.7675,11.71
2024-02-05,4.7775,11.7675
2024-02-06,4.7725,11.775
2024-02-07,4.7375,11.7075
2024-02-08,4.7225,11.7275
2024-02-09,4.682499999999999,11.6375
2024-02-12,4.692500000000001,11.6875
2024-02-13,4.6975,11.6525
2024-02-14,4.6425,11.55
2024-02-15,4.567500000000001,11.4075
2024-02-16,4.5875,11.485
2024-02-20,4.630000000000001,11.5775
2024-02-21,4.5725,11.4575
2024-02-22,4.532500000000001,11.35
2024-02-23,4.495,11.3025
2024-02-26,4.57,11.2975
2024-02-27,4.6,11.2975
2024-02-28,4.6325,11.35
2024-02-29,4.6325,11.3325
2024-03-01,4.592499999999999,11.3975
2024-03-04,4.630000000000001,11.4625
2024-03-05,4.592499999999999,11.4425
2024-03-06,4.61,11.4225
2024-03-07,4.69,11.5375
2024-03-08,4.720000000000001,11.7375
2024-03-11,4.7275,11.7275
2024-03-12,4.7275,11.8725
2024-03-13,4.73,11.86
2024-03-14,4.6775,11.87
2024-03-15,4.7075000000000005,11.9075
2024-03-18,4.7075000000000005,11.805
2024-03-19,4.7325,11.8125
2024-03-20,4.7475000000000005,12.0025
2024-03-21,4.7675,12.0425
2024-03-22,4.7525,11.87
2024-03-25,4.7475000000000005,11.9875
2024-03-26,4.68,11.91
2024-03-27,4.6225000000000005,11.835
2024-03-28,4.7775,11.8625
2024-04-01,4.7475000000000005,11.825
2024-04-02,4.68,11.77
2024-04-03,4.7125,11.8475
2024-04-04,4.7325,11.8375
2024-04-05,4.725,11.8475
2024-04-08,4.73,11.8425
2024-04-09,4.6825,11.7825
2024-04-10,4.7025,11.6925
2024-04-11,4.66,11.6425
2024-04-12,4.720000000000001,11.7625
2024-04-15,4.6925,11.6725
2024-04-16,4.6725,11.585
2024-04-17,4.6475,11.6125
2024-04-18,4.6,11.4925
2024-04-19,4.6625,11.61
2024-04-22,4.725,11.7175
2024-04-23,4.7475000000000005,11.74
2024-04-24,4.7275,11.745
2024-04-25,4.7625,11.755
2024-04-26,4.735,11.7475
2024-04-29,4.7275,11.78
2024-04-30,4.695,11.595
2024-05-01,4.7275,11.65
2024-05-02,4.795,11.8775
2024-05-03,4.827500000000001,12.01
2024-05-06,4.885,12.1975
2024-05-07,4.885,12.28
2024-05-08,4.8125,12.13
2024-05-09,4.8,12.005
2024-05-10,4.92,12.0575
2024-05-13,4.930000000000001,12.1225
2024-05-14,4.91,12.05
2024-05-15,4.87,12.01
2024-05-16,4.8175,11.99
2024-05-17,4.765,12.0325
2024-05-20,4.8425,12.1675
2024-05-21,4.8225,12.13
2024-05-22,4.840000000000001,12.1825
2024-05-23,4.865,12.16
2024-05-24,4.8825,12.195
2024-05-28,4.8525,12.105
2024-05-29,4.7875,11.9675
2024-05-30,4.71,11.9
2024-05-31,4.67,11.845
2024-06-03,4.6275,11.6375
2024-06-04,4.62,11.56
2024-06-05,4.59,11.505
2024-06-06,4.695,11.67
2024-06-07,4.6725,11.5775
2024-06-10,4.6825,11.5875
2024-06-11,4.6525,11.515
2024-06-12,4.6875,11.4725
2024-06-13,4.76,11.6025
2024-06-14,4.7025,11.4975
2024-06-17,4.63,11.3025
2024-06-18,4.6775,11.32
2024-06-20,4.5675,11.1675
2024-06-21,4.532500000000001,11.2
2024-06-24,4.5175,11.305
2024-06-25,4.43,11.115
2024-06-26,4.365,11.07
2024-06-27,4.3375,11.0475
2024-06-28,4.2075000000000005,11.04
2024-07-01,4.205,11.11
2024-07-02,4.2125,11.13
2024-07-03,4.195,11.215
2024-07-05,4.24,11.2975
2024-07-08,4.0775,10.995
2024-07-09,4.085,10.8
2024-07-10,4.0725,10.67
2024-07-11,4.1075,10.6775
2024-07-12,4.1475,10.6525
2024-07-15,4.0425,10.4
2024-07-16,4.0875,10.4325
2024-07-17,4.1175,10.41
2024-07-18,4.05,10.43
2024-07-19,4.0475,10.36
2024-07-22,4.15,10.6875
2024-07-23,4.1725,10.755
2024-07-24,4.18,10.64
2024-07-25,4.2075000000000005,10.795
2024-07-26,4.1,10.485
2024-07-29,4.1225000000000005,10.395
2024-07-30,4.05,10.2125
2024-07-31,3.9975,10.225
2024-08-01,3.985,10.165
2024-08-02,4.032500000000001,10.2725
2024-08-05,4.07,10.4075
2024-08-06,4.0525,10.2675
2024-08-07,4.0075,10.1875
2024-08-08,3.97,10.0825
2024-08-09,3.95,10.025
2024-08-12,4.015,9.86
2024-08-13,3.9725,9.625
2024-08-14,4.0075,9.685
2024-08-15,3.97,9.685
2024-08-16,3.925,9.57
2024-08-19,4.0025,9.76
2024-08-20,3.98,9.76
2024-08-21,3.9825,9.815
2024-08-22,3.935,9.615
2024-08-23,3.912,9.73
2024-08-26,3.865,9.8075
2024-08-27,3.9275,9.865
2024-08-28,3.9075,9.77
2024-08-29,3.96,9.925
2024-08-30,4.014,10.07
2024-09-03,4.0925,10.12
2024-09-04,4.1275,10.215
2024-09-05,4.1075,10.235
2024-09-06,4.056,10.134
2024-09-09,4.0725,10.18
2024-09-10,4.0425,9.9725
2024-09-11,4.0475,10.005
2024-09-12,4.06,10.1075
2024-09-13,4.106,10.08
2024-09-16,4.1075,10.045
2024-09-17,4.125,10.06
2024-09-18,4.1275,10.14
2024-09-19,4.0575,10.1325
2024-09-20,4.112,10.38
2024-09-23,4.135,10.3925
2024-09-24,4.1175,10.4225
2024-09-25,4.1525,10.5325
2024-09-26,4.1325,10.41
2024-09-27,4.17,10.594
2024-09-30,4.2475,10.57
2024-10-01,4.29,10.572500000000002
2024-10-02,4.325,10.56
2024-10-03,4.2825,10.46
2024-10-04,4.244,10.314
2024-10-07,4.26,10.34
2024-10-08,4.2075,10.1625
2024-10-09,4.21,10.2025
2024-10-10,4.1850000000000005,10.1475
2024-10-11,4.11,10.02
2024-10-15,4.0125,9.91
2024-10-16,4.0475,9.8
2024-10-17,4.0675,9.8875
2024-10-18,4.05,9.86
2024-10-21,4.095,9.81
2024-10-22,4.165,9.9175
2024-10-23,4.19,9.975
2024-10-24,4.215,9.9625
2024-10-25,4.14,9.9
2024-10-28,4.1075,9.739999999999998
2024-10-29,4.1375,9.6525
2024-10-30,4.115,9.765
2024-10-31,4.1075,9.825
2024-11-01,4.176,10.046
2024-11-04,4.165,9.8725
2024-11-05,4.1850000000000005,9.9375
2024-11-06,4.2625,9.945
2024-11-07,4.275,10.155
2024-11-08,4.33,10.202
2024-11-11,4.3,10.1175
2024-11-12,4.285,10.035
2024-11-13,4.265,10.0425
2024-11-14,4.19,
2024-11-15,4.366,10.014
2024-11-18,4.2925,
2024-11-19,4.2725,
2024-11-20,4.3025,
2024-11-21,4.2675,
2024-11-22,4.34,9.862
2024-11-25,4.2475000000000005,
2024-11-26,4.199999999999999,
2024-11-27,4.1575,
2024-11-29,4.34,9.79
2024-12-02,4.245,
2024-12-03,4.2325,
2024-12-04,4.22,
2024-12-05,4.265,
2024-12-06,4.4,9.946
2024-12-09,4.34,
2024-12-10,4.404999999999999,
2024-12-11,4.380000000000001,
2024-12-12,4.3175,
2024-12-13,4.434,9.914
2025-01-02,4.465,10.28
2025-01-03,4.407500000000001,10.0825
2025-01-06,4.455,10.13
2025-01-07,4.4625,10.115
2025-01-08,4.45,10.09
2025-01-09,4.470000000000001,10.1375
2025-01-10,4.5025,10.31
2025-01-13,4.5725,10.51
2025-01-14,4.567500000000001,10.495
2025-01-15,4.57,10.3925
2025-01-16,4.5275,10.2075
2025-01-17,4.5600000000000005,10.2775
2025-01-21,4.5975,10.4975
2025-01-22,4.595000000000001,10.4675
2025-01-23,4.6425,10.5325
2025-01-24,4.61,10.4875
2025-01-27,4.5825000000000005,10.4325
2025-01-28,4.61,10.475
2025-01-29,4.6675,10.635
2025-01-30,4.6425,10.535
2025-01-31,4.6025,10.51
2025-02-03,4.6525,10.6325
2025-02-04,4.68,10.735
2025-02-05,4.6850000000000005,10.625
2025-02-06,4.6975,10.66
2025-02-07,4.66,10.575
2025-02-10,4.7125,10.575
2025-02-11,4.702500000000001,10.555
2025-02-12,4.735,10.44
2025-02-13,4.7275,10.4525
2025-02-14,4.73,10.52
2025-02-18,4.775,10.58
2025-02-19,4.765,10.5125
2025-02-20,4.795,10.6125
2025-02-21,4.75,10.5975
2025-02-24,4.7075000000000005,10.5175
2025-02-25,4.7,10.51
2025-02-26,4.67,10.455
2025-02-27,4.6175,10.4175
2025-02-28,4.55,10.295
2025-03-03,4.5125,10.1875
2025-03-04,4.467499999999999,10.035
2025-03-05,4.467499999999999,10.095
2025-03-06,4.51,10.2075
2025-03-07,4.5425,10.255
2025-03-10,4.55,10.1775
2025-03-11,4.545,10.155
2025-03-12,4.4825,10.065
2025-03-13,4.5225,10.1175
2025-03-14,4.51,10.18
2025-03-17,4.54,10.185
2025-03-18,4.5425,10.155
2025-03-19,4.515000000000001,10.1
2025-03-20,4.529999999999999,10.1025
2025-03-21,4.51,10.0775
2025-03-24,4.515000000000001,10.065
2025-03-25,4.49,10.065
2025-03-26,4.445,10.0675
2025-03-27,4.4375,10.205
2025-03-28,4.425,10.29
2025-03-31,4.42,10.1925
2025-04-01,4.495,10.3925
2025-04-02,4.4875,10.3725
2025-04-03,4.475,10.17
2025-04-04,4.467499999999999,9.8425
2025-04-07,4.46,9.81
2025-04-08,4.4575000000000005,9.7775
2025-04-09,4.5075,9.97
2025-04-10,4.5425,10.0475
2025-04-11,4.635,10.255
2025-04-14,4.62,10.285
2025-04-15,4.6425,10.2975
2025-04-16,4.6675,10.3425
2025-04-17,4.66,10.325
2025-04-21,4.6450000000000005,10.2575
2025-04-22,4.58,10.265
2025-04-23,4.545,10.275
2025-04-24,4.565,10.355
2025-04-25,4.5575,10.35
2025-04-28,4.5025,10.3675
2025-04-29,4.445,10.2525
2025-04-30,4.4625,10.1825
2025-05-01,4.4725,10.24
2025-05-02,4.5025,10.305
2025-05-05,4.43,10.2225
2025-05-06,4.4125,10.1925
2025-05-07,4.407500000000001,10.22
2025-05-08,4.3875,10.25
2025-05-09,4.42,10.305
2025-05-12,4.455,10.575
2025-05-13,4.41,10.595
2025-05-14,4.405,10.6125
2025-05-15,4.3875,10.3525
2025-05-16,4.355,10.355
2025-05-19,4.4175,10.37
2025-05-20,4.485,10.41
2025-05-21,4.555,10.5225
2025-05-22,4.532500000000001,10.5525
2025-05-23,4.5075,10.505
2025-05-27,4.465,10.5075
2025-05-28,4.4350000000000005,10.375
2025-05-29,4.4125,10.3725
2025-05-30,4.385,10.2675
2025-06-02,4.3575,10.17
2025-06-03,4.385,10.215
2025-06-04,4.4375,10.25
2025-06-05,4.4825,10.3325
2025-06-06,4.4925,10.37
2025-06-09,4.38,10.3075
2025-06-10,4.4,10.3125
2025-06-11,4.3975,10.2925
2025-06-12,4.404999999999999,10.2725
2025-06-13,4.43,10.5475
2025-06-16,4.35,10.605
2025-06-17,4.3875,10.6775
2025-06-18,4.44,10.6825
2025-06-20,4.4125,10.6075
2025-06-23,4.3375,10.4675
2025-06-24,4.29,10.37
2025-06-25,4.225,10.185
2025-06-26,4.21,10.165
2025-06-27,4.27,10.2475
2025-06-30,4.255,10.27
2025-07-01,4.220000000000001,10.2725
2025-07-02,4.335,10.48
2025-07-03,4.37,10.4925
2025-07-07,4.2075000000000005,10.2075
2025-07-08,4.1425,10.175
2025-07-09,4.155,10.0725
2025-07-10,4.165,10.1375
2025-07-11,4.1225000000000005,10.0725
2025-07-14,4.18,10.07
2025-07-15,4.1975,10.0175
2025-07-16,4.24,10.205
2025-07-17,4.21,10.265
2025-07-18,4.2775,10.3575
2025-07-21,4.2225,10.26
2025-07-22,4.18,10.255
2025-07-23,4.175,10.2275
2025-07-24,4.2075000000000005,10.2425
2025-07-25,4.19,10.21
2025-07-28,4.14,10.115
2025-07-29,4.11,10.095
2025-07-30,4.1225000000000005,9.9575
2025-07-31,4.1375,9.8925
2025-08-01,4.1075,9.8925
2025-08-04,4.07,9.945
2025-08-05,4.0200000000000005,9.9075
2025-08-06,4.0125,9.845
2025-08-07,4.07,9.9375
2025-08-08,4.055,9.875
2025-08-11,4.0775,10.1125
2025-08-12,3.945,10.3275
2025-08-13,3.9725,10.4425
2025-08-14,3.9725,10.285
2025-08-15,4.0525,10.425
2025-08-18,4.065,10.4125
2025-08-19,4.032500000000001,10.3375
2025-08-20,4.04,10.36
2025-08-21,4.1175,10.56
2025-08-22,4.114,10.584
2025-08-25,4.1225000000000005,10.4775
2025-08-26,4.095000000000001,10.495
2025-08-27,4.0600000000000005,10.475
2025-08-28,4.1,10.48
2025-08-29,4.202,10.544
2025-09-02,4.23,10.41
2025-09-03,4.18,10.315
2025-09-04,4.1975,10.33
2025-09-05,4.178,10.27
2025-09-08,4.2175,10.3375
2025-09-09,4.1975,10.3125
2025-09-10,4.17,10.2525
2025-09-11,4.1975,10.335
2025-09-12,4.298,10.462
2025-09-15,4.2325,10.4275
2025-09-16,4.295,10.4975
2025-09-17,4.2675,10.4375
2025-09-18,4.2375,10.375
2025-09-19,4.238,10.254
2025-09-22,4.2175,10.11
2025-09-23,4.2625,10.12
2025-09-24,4.2425,10.09
2025-09-25,4.2575,10.1225
2025-09-26,4.22,10.136
2025-09-29,4.215,10.105
2025-09-30,4.155,10.0175
2025-10-01,4.165,10.13
2025-10-02,4.2175,10.2375
2025-10-03,4.19,10.18
2025-10-06,4.2175,10.1775
2025-10-07,4.1975,10.22
2025-10-08,4.22,10.295
2025-10-09,4.1825,10.2225
2025-10-10,4.128,10.066
2025-10-13,4.1075,10.0775
2025-10-14,4.13,10.065
2025-10-15,4.1675,10.065
2025-10-16,4.2175,10.1075
2025-10-17,4.224,10.368
2025-10-20,4.2325,10.3175
2025-10-21,4.1975,10.3075
2025-10-22,4.23,10.3475
2025-10-23,4.28,10.4475
2025-10-24,4.232,10.602
2025-10-27,4.2875000000000005,10.6725
2025-10-28,4.32,10.7825
2025-10-29,4.34,10.8025
2025-10-30,4.3025,10.9125
2025-10-31,4.314,11.152
2025-11-03,4.3425,11.1975
2025-11-04,4.315,
2025-11-05,4.3525,
2025-11-06,4.2875,10.9175
2025-11-07,4.29,11.242
2025-11-10,4.2975,11.16
2025-11-11,4.319999999999999,11.1325
2025-11-12,4.3525,
2025-11-13,4.415,
2025-11-14,4.366,10.014
2025-11-17,4.3475,
2025-11-18,4.3675,
2025-11-19,4.2975,
2025-11-20,4.265,
2025-11-21,4.374,11.248
2025-11-24,4.2375,
2025-11-25,4.235,
2025-11-26,4.3175,
2025-11-28,4.476,11.376
2025-12-01,4.3275,
2025-12-02,4.38,
2025-12-03,4.315,
2025-12-04,4.3775,
2025-12-05,4.448,11.052
2025-12-08,4.3625,
2025-12-09,4.4075,
2025-12-10,4.3475,
2026-01-02,4.585,10.6275
2026-01-05,4.6325,10.755
2026-01-06,4.6175,10.6775
2026-01-07,4.6375,10.7525
2026-01-08,4.6450000000000005,10.73
2026-01-09,4.64,10.7175
2026-01-12,4.515,10.67
2026-01-13,4.4575000000000005,10.5825
2026-01-14,4.4775,10.58
2026-01-15,4.4675,10.6425
2026-01-16,4.4975000000000005,10.69
2026-01-20,4.505000000000001,10.64
2026-01-21,4.4975000000000005,10.745
2026-01-22,4.5175,10.7725
2026-01-23,4.5525,10.82
2026-01-26,4.55,10.79
2026-01-27,4.5425,10.8275
2026-01-28,4.5775,10.9
2026-01-29,4.59,10.8975
2026-01-30,4.5600000000000005,10.7975
2026-02-02,4.5475,10.7525
2026-02-03,4.567500000000001,10.7925
2026-02-04,4.5725,10.875
2026-02-05,4.61,10.985
2026-02-06,4.5775,10.94
2026-02-09,4.5725,10.9575
2026-02-10,4.5825000000000005,11.065
2026-02-11,4.5975,11.105
2026-02-12,4.640000000000001,11.1625
2026-02-13,4.6450000000000005,11.135
2026-02-17,4.6,11.175
2026-02-18,4.61,11.165
2026-02-19,4.615,11.1825
2026-02-20,4.6450000000000005,11.15
2026-02-23,4.6450000000000005,11.1725
2026-02-24,4.6375,11.2125
2026-02-25,4.67,11.2775
2026-02-26,4.67,11.275
2026-02-27,4.695,11.2825
2026-03-02,4.7,11.2875
2026-03-03,4.7125,11.315
2026-03-04,4.702500000000001,11.305
2026-03-05,4.78,11.365
2026-03-06,4.845000000000001,11.4675
2026-03-09,4.817500000000001,11.4825
2026-03-10,4.7975,11.535
2026-03-11,4.890000000000001,11.6325
2026-03-12,4.9,11.675
2026-03-13,4.915,11.615
2026-03-16,4.8,11.2075
2026-03-17,4.817500000000001,11.3125
2026-03-18,4.8975,11.415
2026-03-19,4.945,11.4625
2026-03-20,4.907500000000001,11.41
2026-03-23,4.865,11.465
2026-03-24,4.890000000000001,11.4375
2026-03-25,4.9325,11.5
2026-03-26,4.945,11.5275
2026-03-27,4.902500000000001,11.44
2026-03-30,4.840000000000001,11.44
2026-03-31,4.842499999999999,11.575
2026-04-01,4.8125,11.555
2026-04-02,4.8125,11.54
2026-04-06,4.83,11.57
2026-04-07,4.78,11.51
2026-04-08,4.76,11.52
2026-04-09,4.742500000000001,11.525
2026-04-10,4.7225,11.5775
2026-04-13,4.71,11.4975
2026-04-14,4.705,11.44
2026-04-15,4.78,11.545
2026-04-16,4.7675,11.56
2026-04-17,4.7700000000000005,11.565
2026-04-20,4.795,11.5775
2026-04-21,4.817500000000001,11.665
2026-04-22,4.8225,11.56
2026-04-23,4.835,11.55
2026-04-24,4.8425,11.5575
2026-04-27,4.8950000000000005,11.6575
2026-04-28,4.9575000000000005,11.67
2026-04-29,4.9775,11.7125
2026-04-30,4.942500000000001,11.73
2026-05-01,4.9875,11.8275
2026-05-04,5.045,11.9675
2026-05-05,5.005000000000001,11.895
2026-05-06,4.9,11.755
2026-05-07,4.8950000000000005,11.735
2026-05-08,4.9350000000000005,11.895
2026-05-11,4.9775,11.9475
2026-05-12,5.0200000000000005,12.05
2026-05-13,5.029999999999999,12.0775
2026-05-14,4.9125,11.835
2026-05-15,4.8100000000000005,11.7075
2026-05-18,4.98,12.01
2026-05-19,4.9775,12.03
2026-05-20,4.8925,11.935
2026-05-21,4.85,11.8675
2026-05-22,4.865,11.8775
2026-05-26,4.82,11.8025
2026-05-27,4.775,11.815
2026-05-28,4.8225,11.94
2026-05-29,4.75,11.9
2026-06-01,4.725,11.8875
2026-06-02,4.665,11.7775
2026-06-03,4.5975,11.6725
2026-06-04,4.5175,11.415
2026-06-05,4.46,11.375
2026-06-08,4.46,11.355
2026-06-09,4.4525,11.32
2026-06-10,4.467499999999999,11.385
2026-06-11,4.3950000000000005,11.34
2026-06-12,4.4025,11.32
2026-06-15,4.4175,11.3475
2026-06-16,4.425,11.465
2026-06-17,4.4875,11.4925
2026-06-18,4.44,11.4275
2026-06-22,4.3950000000000005,11.415
2026-06-23,4.3725000000000005,11.4175
2026-06-24,4.3475,11.35
2026-06-25,4.43,11.57
2026-06-26,4.415,11.5625
2026-06-29,4.3,11.39
2026-06-30,4.36,11.4375
2026-07-01,4.4225,11.4925
2026-07-02,4.415,11.4775
2026-07-06,4.577500000000001,11.9225
2026-07-07,4.6425,11.9775
2026-07-08,4.5625,11.9225
2026-07-09,4.5200000000000005,11.815
2026-07-10,4.61,11.9075
2026-07-13,4.6325,11.9475
2026-07-14,4.605,11.91
2026-07-15,4.695,12.0175
2026-07-16,4.64,11.95
2026-07-17,4.675,12.03
2026-07-20,4.73,12.2625
2026-07-21,4.7525,12.2275
2026-07-22,4.8475,12.39
2026-07-23,4.875,12.4375
2026-07-24,4.875,12.535
2026-07-27,4.74,12.1375
2026-07-28,4.805,12.2
2026-07-29,4.717499999999999,11.9275
2026-07-30,4.6850000000000005,11.8875
2026-07-31,4.64,11.875
2026-08-03,4.7250000000000005,11.9225
2026-08-04,4.655,11.7775
2026-08-05,4.6000000000000005,11.7475
2026-08-06,4.62,11.7775
2026-08-07,4.62,11.7625
2026-08-10,4.617500000000001,11.795
2026-08-11,4.605,11.6875
2026-08-12,4.8075,11.8325
2026-08-13,4.720000000000001,11.822500000000002
2026-08-14,4.8325000000000005,11.925
2026-08-17,4.8950000000000005,12.16
2026-08-18,4.880000000000001,12.1675
2026-08-19,4.98,12.3725
