gage,day_of_year,avg_stage,p25_stage,p75_stage,n_obs
Greenville,1,28.32345744680851,22.48,35.915,188
Greenville,2,28.454095744680846,22.5175,35.915,188
Greenville,3,28.62,22.93,35.815,187
Greenville,4,28.849441340782118,22.66,36.545,179
Greenville,5,29.053575418994413,23.05,36.545,179
Greenville,6,29.35094972067039,23.505000000000003,36.635,179
Greenville,7,29.603798882681563,23.490000000000002,36.635,179
Greenville,8,29.812611111111114,23.45,36.395,180
Greenville,9,30.00266666666667,23.375,36.26,180
Greenville,10,30.185555555555553,23.375,35.61750000000001,180
Greenville,11,30.388111111111105,23.545,35.3775,180
Greenville,12,30.55949720670391,23.82,35.175,179
Greenville,13,30.686966292134834,23.8,35.1575,178
Greenville,14,30.659438202247188,23.9775,35.037499999999994,178
Greenville,15,30.62634831460674,24.4725,35.037499999999994,178
Greenville,16,30.575000000000003,24.5,35.5,178
Greenville,17,30.478268156424583,24.075,35.785,179
Greenville,18,30.343611111111112,23.432499999999997,35.9775,180
Greenville,19,30.228011049723758,22.74,36.42,181
Greenville,20,30.14,22.43,36.42,181
Greenville,21,30.14277777777778,21.7575,36.510000000000005,180
Greenville,22,30.10388888888889,21.3475,36.510000000000005,180
Greenville,23,30.07533333333333,20.9625,36.510000000000005,180
Greenville,24,30.028055555555557,20.7025,36.2325,180
Greenville,25,29.98255555555556,20.6725,36.510000000000005,180
Greenville,26,29.956222222222223,20.5425,36.912499999999994,180
Greenville,27,29.912265193370164,20.68,37.14,181
Greenville,28,29.93587912087912,20.8925,37.2775,182
Greenville,29,29.88655737704918,21.39,37.295,183
Greenville,30,29.932677595628412,21.47,37.295,183
Greenville,31,30.078021978021976,22.012500000000003,37.325,182
Greenville,32,30.181878453038674,22.04,37.5,181
Greenville,33,30.273333333333337,22.3225,37.402499999999996,180
Greenville,34,30.37916201117319,22.505000000000003,37.834999999999994,179
Greenville,35,30.476271186440673,22.64,38.09,177
Greenville,36,30.621428571428567,22.705,38.230000000000004,175
Greenville,37,30.693045977011494,23.1725,38.7875,174
Greenville,38,30.699942857142855,23.68,38.88,175
Greenville,39,30.7996,24.805,38.835,175
Greenville,40,30.931022727272726,25.0375,38.802499999999995,176
Greenville,41,31.069209039548024,25.71,38.75,177
Greenville,42,31.171675977653635,26.095,37.975,179
Greenville,43,31.34522222222222,26.7725,37.5525,180
Greenville,44,31.50033149171271,26.69,37.44,181
Greenville,45,31.646795580110496,26.69,37.38,181
Greenville,46,31.744945054945056,26.3425,37.1025,182
Greenville,47,31.812541436464087,26.21,37.16,181
Greenville,48,31.866629834254148,26.21,37.38,181
Greenville,49,31.9292817679558,26.21,37.87,181
Greenville,50,32.012762430939226,26.18,38.12,181
Greenville,51,32.148618784530385,25.78,38.5,181
Greenville,52,32.330441988950284,25.84,38.58,181
Greenville,53,32.55005524861879,25.85,38.74,181
Greenville,54,32.802582417582414,26.0,39.0525,182
Greenville,55,33.06154696132597,25.98,39.57,181
Greenville,56,33.383591160220995,25.98,40.06,181
Greenville,57,33.72895027624309,26.24,40.61,181
Greenville,58,34.06624309392265,26.32,41.1,181
Greenville,59,34.39132596685083,26.57,41.16,181
Greenville,60,34.710607734806636,26.88,41.27,181
Greenville,61,35.00491712707182,27.27,41.5,181
Greenville,62,35.292252747252746,27.3175,41.989999999999995,182
Greenville,63,35.53214285714286,27.4625,42.2975,182
Greenville,64,35.76779005524862,27.57,42.51,181
Greenville,65,35.92198895027625,28.03,42.51,181
Greenville,66,36.058287292817674,28.43,42.54,181
Greenville,67,36.206077348066295,28.88,42.72,181
Greenville,68,36.36099447513812,29.3,42.9,181
Greenville,69,36.474111111111114,29.345,42.9475,180
Greenville,70,36.59167597765363,29.41,43.105000000000004,179
Greenville,71,36.73138888888889,29.465,43.2025,180
Greenville,72,36.931555555555555,29.549999999999997,43.582499999999996,180
Greenville,73,37.13755555555556,29.8675,44.067499999999995,180
Greenville,74,37.3195,30.455000000000002,44.4675,180
Greenville,75,37.4995,30.84,44.62,180
Greenville,76,37.717845303867406,31.04,44.8,181
Greenville,77,37.930769230769236,31.085,44.92,182
Greenville,78,38.10961538461539,31.285,45.125,182
Greenville,79,38.30648351648352,31.502499999999998,45.1375,182
Greenville,80,38.49884615384615,31.86,45.1625,182
Greenville,81,38.742707182320444,32.38,45.17,181
Greenville,82,38.89182320441989,32.48,45.43,181
Greenville,83,38.98834254143646,32.8,45.43,181
Greenville,84,39.05475138121547,33.0,45.62,181
Greenville,85,39.08298342541436,33.0,45.62,181
Greenville,86,39.04370165745857,32.6,44.59,181
Greenville,87,38.947237569060775,32.41,44.82,181
Greenville,88,38.744670329670335,32.05,44.887499999999996,182
Greenville,89,38.64408839779006,31.5,45.3,181
Greenville,90,38.49093922651934,31.3,45.51,181
Greenville,91,38.33790055248619,31.07,45.72,181
Greenville,92,38.18762430939226,30.7,45.75,181
Greenville,93,38.05955801104973,30.56,45.83,181
Greenville,94,37.97745856353591,30.56,45.83,181
Greenville,95,37.98727777777778,30.59,45.832499999999996,180
Greenville,96,38.00366666666667,30.9,45.7725,180
Greenville,97,38.099944444444446,31.235,45.705,180
Greenville,98,38.18737430167598,31.229999999999997,45.59,179
Greenville,99,38.09575418994414,31.07,45.34,179
Greenville,100,38.289329608938544,31.07,45.129999999999995,179
Greenville,101,38.4895530726257,31.22,45.144999999999996,179
Greenville,102,38.61877094972067,32.165,45.144999999999996,179
Greenville,103,38.76754189944134,32.599999999999994,45.144999999999996,179
Greenville,104,38.89424581005586,32.894999999999996,45.075,179
Greenville,105,39.029388888888896,32.8975,44.415,180
Greenville,106,39.336,33.14,44.315,180
Greenville,107,39.346944444444446,33.004999999999995,43.8425,180
Greenville,108,39.32038888888889,33.004999999999995,43.575,180
Greenville,109,39.283370165745865,33.01,43.35,181
Greenville,110,39.176098901098904,33.055,43.485,182
Greenville,111,39.06802197802198,33.2325,43.485,182
Greenville,112,38.941428571428574,33.1225,43.485,182
Greenville,113,38.785934065934065,32.6525,43.665000000000006,182
Greenville,114,38.64071428571429,31.877499999999998,44.1675,182
Greenville,115,38.51087912087912,31.7175,44.63,182
Greenville,116,38.379945054945054,31.1025,44.74,182
Greenville,117,38.26379120879121,30.78,44.785,182
Greenville,118,38.160879120879116,30.2975,44.807500000000005,182
Greenville,119,38.08758241758242,30.26,44.81,182
Greenville,120,38.06696132596686,30.08,44.81,181
Greenville,121,38.078722222222225,30.215,44.822500000000005,180
Greenville,122,37.8655,30.215,44.8975,180
Greenville,123,37.699888888888886,30.215,45.0925,180
Greenville,124,37.58322222222222,30.6625,45.39,180
Greenville,125,37.75122222222222,31.2925,45.412499999999994,180
Greenville,126,37.937999999999995,31.5625,45.5525,180
Greenville,127,38.13436464088398,31.77,45.65,181
Greenville,128,38.33505494505494,32.405,45.7325,182
Greenville,129,38.79120879120879,32.72,45.7325,182
Greenville,130,39.25933333333333,32.839999999999996,45.7925,180
Greenville,131,39.67805555555555,32.9,45.91,180
Greenville,132,39.834999999999994,33.012499999999996,45.91,180
Greenville,133,39.981944444444444,33.012499999999996,45.7925,180
Greenville,134,40.10655555555555,33.012499999999996,45.765,180
Greenville,135,40.19566666666666,33.1925,45.8275,180
Greenville,136,40.238166666666665,33.285,46.0075,180
Greenville,137,40.19445054945055,33.335,46.1875,182
Greenville,138,40.18723756906078,33.32,47.1,181
Greenville,139,40.05461111111111,33.36,47.472500000000004,180
Greenville,140,39.97966666666667,33.1075,48.105,180
Greenville,141,39.89844444444444,32.912499999999994,48.195,180
Greenville,142,39.800888888888885,32.912499999999994,48.195,180
Greenville,143,39.68727777777777,32.8975,48.195,180
Greenville,144,39.575722222222225,32.5625,48.195,180
Greenville,145,39.4224861878453,32.39,48.18,181
Greenville,146,39.36780219780219,32.457499999999996,48.16,182
Greenville,147,39.21197802197802,32.2075,48.0125,182
Greenville,148,39.0446408839779,31.91,47.98,181
Greenville,149,38.857569060773486,31.31,47.85,181
Greenville,150,38.66972375690608,31.31,47.5,181
Greenville,151,38.48138121546961,31.31,47.4,181
Greenville,152,38.28121546961326,31.61,47.08,181
Greenville,153,38.05104972375691,31.61,46.97,181
Greenville,154,37.795,31.525,46.5175,180
Greenville,155,37.50944444444445,31.377499999999998,45.75,180
Greenville,156,37.208444444444446,30.5325,44.445,180
Greenville,157,36.88777777777777,29.9925,43.125,180
Greenville,158,36.55983333333334,29.9925,42.51,180
Greenville,159,36.18832402234637,29.895,41.945,179
Greenville,160,35.844157303370785,29.7975,41.735,178
Greenville,161,35.56715909090909,29.6125,41.55,176
Greenville,162,35.29201149425287,29.845,40.8975,174
Greenville,163,35.0475,30.135,40.6725,172
Greenville,164,34.79229411764706,30.145000000000003,40.6175,170
Greenville,165,34.537619047619046,29.1975,40.5325,168
Greenville,166,34.37524096385542,29.1725,40.6175,166
Greenville,167,34.107771084337344,27.682499999999997,40.462500000000006,166
Greenville,168,33.8805325443787,27.51,39.69,169
Greenville,169,33.669941860465116,27.495,39.21,172
Greenville,170,33.415114942528746,27.587500000000002,38.9375,174
Greenville,171,33.13422857142857,27.48,38.705,175
Greenville,172,32.9042372881356,27.44,38.66,177
Greenville,173,32.78011173184357,27.445,38.705,179
Greenville,174,32.617888888888885,27.3025,38.795,180
Greenville,175,32.40116666666667,26.612499999999997,38.942499999999995,180
Greenville,176,32.191292134831464,26.270000000000003,38.9675,178
Greenville,177,31.984887640449436,25.785,39.0275,178
Greenville,178,31.84659217877095,25.674999999999997,39.08,179
Greenville,179,31.67469273743017,25.6,39.06,179
Greenville,180,31.421,25.215,38.7575,180
Greenville,181,31.29722222222222,24.755,38.57,180
Greenville,182,31.197039106145255,24.634999999999998,38.295,179
Greenville,183,31.09324022346369,24.345,38.010000000000005,179
Greenville,184,30.982696629213482,24.24,36.879999999999995,178
Greenville,185,30.918418079096043,24.24,36.01,177
Greenville,186,30.851136363636364,24.154999999999998,36.07,176
Greenville,187,30.8076,23.825,36.129999999999995,175
Greenville,188,30.79313953488372,23.7425,36.1825,172
Greenville,189,30.70895953757225,23.72,36.15,173
Greenville,190,30.663333333333334,23.6025,36.1575,174
Greenville,191,30.617758620689653,23.2,36.2275,174
Greenville,192,30.508971428571428,23.0,36.205,175
Greenville,193,30.387386363636367,23.0,36.152499999999996,176
Greenville,194,30.19505681818182,23.0,35.5475,176
Greenville,195,29.939831460674164,23.0,34.3725,178
Greenville,196,29.70819209039548,23.0,33.94,177
Greenville,197,29.426136363636363,23.450000000000003,32.47,176
Greenville,198,29.148465909090906,23.54,32.2325,176
Greenville,199,28.88971590909091,23.54,32.2325,176
Greenville,200,28.619659090909092,23.15,32.215,176
Greenville,201,28.36706214689266,22.52,32.21,177
Greenville,202,28.204374999999995,22.4225,32.245,176
Greenville,203,27.959943502824856,21.94,32.29,177
Greenville,204,27.756292134831465,21.1025,32.26,178
Greenville,205,27.5,20.7725,31.9875,178
Greenville,206,27.181977401129945,20.41,31.29,177
Greenville,207,26.842159090909092,20.292499999999997,30.865,176
Greenville,208,26.548114285714288,20.265,30.634999999999998,175
Greenville,209,26.07751412429379,19.85,30.05,177
Greenville,210,25.710227272727273,19.6025,29.667499999999997,176
Greenville,211,25.36460227272727,19.445,29.01,176
Greenville,212,25.00554285714286,19.369999999999997,28.33,175
Greenville,213,24.70241379310345,19.615,27.955,174
Greenville,214,24.460172413793103,19.8625,27.7575,174
Greenville,215,24.210114285714287,19.73,27.625,175
Greenville,216,24.076321839080457,19.67,27.6175,174
Greenville,217,23.967942857142866,19.564999999999998,27.705,175
Greenville,218,23.807485714285715,19.045,27.965,175
Greenville,219,23.714261363636364,18.4375,28.15,176
Greenville,220,23.557401129943504,18.3,28.15,177
Greenville,221,23.367752808988758,17.8,28.2475,178
Greenville,222,23.113876404494384,17.605,28.2475,178
Greenville,223,22.83558659217877,17.54,28.189999999999998,179
Greenville,224,22.502513966480446,17.53,27.74,179
Greenville,225,22.188044692737428,17.549999999999997,27.295,179
Greenville,226,21.905611111111106,17.5625,26.7775,180
Greenville,227,21.66232044198895,17.54,26.05,181
Greenville,228,21.460333333333335,17.5175,25.502499999999998,180
Greenville,229,21.299385474860337,17.455,25.215,179
Greenville,230,21.11702247191011,17.302500000000002,25.125,178
Greenville,231,20.916348314606743,17.1175,24.682499999999997,178
Greenville,232,20.739888268156424,16.96,24.57,179
Greenville,233,20.496145251396648,16.835,24.495,179
Greenville,234,20.248435754189945,16.47,24.0,179
Greenville,235,19.950558659217876,16.085,23.405,179
Greenville,236,19.643222222222224,15.54,23.212500000000002,180
Greenville,237,19.39817679558011,15.44,22.73,181
Greenville,238,19.187790055248616,15.27,22.73,181
Greenville,239,19.02950276243094,15.2,22.73,181
Greenville,240,18.91635359116022,15.06,22.65,181
Greenville,241,18.820994475138125,14.98,22.55,181
Greenville,242,18.749065934065932,14.995000000000001,22.2675,182
Greenville,243,18.682197802197802,14.995000000000001,21.697499999999998,182
Greenville,244,18.636758241758237,15.055,21.5625,182
Greenville,245,18.610552486187846,15.1,21.69,181
Greenville,246,18.573480662983428,15.1,22.3,181
Greenville,247,18.553204419889504,14.91,22.3,181
Greenville,248,18.55027777777778,14.2725,22.442500000000003,180
Greenville,249,18.588547486033523,14.065000000000001,22.740000000000002,179
Greenville,250,18.628033707865168,13.9925,22.905,178
Greenville,251,18.6564606741573,13.99,23.085,178
Greenville,252,18.64731843575419,13.755,22.965000000000003,179
Greenville,253,18.627541899441344,13.665,23.060000000000002,179
Greenville,254,18.55586592178771,13.54,23.205,179
Greenville,255,18.364804469273743,13.344999999999999,22.975,179
Greenville,256,18.085027932960895,13.09,22.795,179
Greenville,257,17.87794444444444,12.8475,22.7,180
Greenville,258,17.671166666666664,12.6475,22.47,180
Greenville,259,17.495555555555555,12.2375,22.384999999999998,180
Greenville,260,17.371166666666667,12.11,22.0625,180
Greenville,261,17.292777777777776,12.0175,21.81,180
Greenville,262,17.343370165745853,11.91,21.68,181
Greenville,263,17.441593406593405,11.87,21.695,182
Greenville,264,17.433186813186815,11.8425,21.6725,182
Greenville,265,17.43664835164835,11.715,21.695,182
Greenville,266,17.338674033149168,11.6,21.68,181
Greenville,267,17.330773480662984,11.55,21.67,181
Greenville,268,17.328618784530388,11.4,21.83,181
Greenville,269,17.37674033149171,11.52,22.43,181
Greenville,270,17.463259668508286,11.59,22.49,181
Greenville,271,17.526722222222226,11.7775,22.5175,180
Greenville,272,17.70111111111111,11.9925,22.79,180
Greenville,273,18.012651933701658,12.0,23.52,181
Greenville,274,18.190331491712705,12.35,24.07,181
Greenville,275,18.333093922651937,12.55,24.37,181
Greenville,276,18.325698324022344,12.57,23.97,179
Greenville,277,18.324357541899445,12.51,23.735,179
Greenville,278,18.238435754189947,12.425,23.445,179
Greenville,279,18.004213483146067,12.299999999999999,23.225,178
Greenville,280,17.804213483146064,11.942499999999999,22.865000000000002,178
Greenville,281,17.49734463276836,11.88,22.16,177
Greenville,282,17.222670454545455,11.8475,21.6475,176
Greenville,283,17.189157303370788,11.802499999999998,21.3925,178
Greenville,284,17.04361581920904,11.88,20.82,177
Greenville,285,17.04508474576271,12.1,20.5,177
Greenville,286,17.080677966101693,12.2,20.01,177
Greenville,287,17.118135593220337,12.51,19.91,177
Greenville,288,17.250898876404495,12.6175,19.785,178
Greenville,289,17.247808988764042,12.6775,19.677500000000002,178
Greenville,290,17.111581920903955,12.67,19.63,177
Greenville,291,17.028295454545454,12.420000000000002,19.892500000000002,176
Greenville,292,17.060790960451975,12.14,20.09,177
Greenville,293,17.059604519774012,11.95,20.8,177
Greenville,294,17.01502824858757,11.55,20.8,177
Greenville,295,16.87693181818182,11.485,20.830000000000002,176
Greenville,296,17.001761363636362,11.3125,20.830000000000002,176
Greenville,297,17.155511363636364,11.125,20.965,176
Greenville,298,17.22768361581921,11.0,21.02,177
Greenville,299,17.58403409090909,10.9175,21.085,176
Greenville,300,18.10028409090909,10.5125,21.435,176
Greenville,301,18.517028571428572,10.495000000000001,21.689999999999998,175
Greenville,302,18.7084,10.614999999999998,22.799999999999997,175
Greenville,303,18.796,10.99,22.91,175
Greenville,304,18.85367816091954,11.4025,22.915,174
Greenville,305,19.064885057471265,11.5225,22.9525,174
Greenville,306,18.923678160919543,11.645,22.9525,174
Greenville,307,18.691896551724138,11.815,22.795,174
Greenville,308,18.565517241379315,12.1475,22.61,174
Greenville,309,18.751040462427746,12.17,22.37,173
Greenville,310,18.96121387283237,12.43,22.37,173
Greenville,311,19.167758620689654,12.625,22.3925,174
Greenville,312,19.303735632183905,12.865,22.534999999999997,174
Greenville,313,19.379310344827584,13.1525,22.7,174
Greenville,314,19.4014367816092,14.03,22.9425,174
Greenville,315,19.49822857142857,14.690000000000001,22.895,175
Greenville,316,19.473295454545454,14.852500000000001,22.8475,176
Greenville,317,19.375795454545454,14.5825,22.9975,176
Greenville,318,19.29096590909091,14.4825,23.0225,176
Greenville,319,19.202897727272727,14.38,23.130000000000003,176
Greenville,320,19.02274285714286,13.934999999999999,22.939999999999998,175
Greenville,321,18.9876,13.67,22.939999999999998,175
Greenville,322,18.778554913294798,13.51,23.02,173
Greenville,323,18.773313953488373,13.5075,23.625,172
Greenville,324,18.897616279069766,13.89,24.035,172
Greenville,325,19.057151162790696,14.217500000000001,24.192500000000003,172
Greenville,326,19.14456140350877,14.305,24.195,171
Greenville,327,19.37309941520468,14.280000000000001,24.424999999999997,171
Greenville,328,19.50735294117647,14.3775,24.6325,170
Greenville,329,19.703764705882357,14.5075,25.37,170
Greenville,330,19.856705882352944,14.515,26.195,170
Greenville,331,19.908461538461538,14.53,28.1,169
Greenville,332,20.01136094674556,14.25,28.43,169
Greenville,333,20.23264705882353,14.1975,28.685,170
Greenville,334,20.47877192982456,14.39,29.04,171
Greenville,335,20.728546511627908,14.459999999999999,29.205,172
Greenville,336,20.994508670520233,14.41,29.28,173
Greenville,337,21.32485549132948,14.41,29.32,173
Greenville,338,21.674593023255817,14.325,29.5175,172
Greenville,339,21.98953216374269,14.49,30.295,171
Greenville,340,22.33315789473684,14.620000000000001,30.835,171
Greenville,341,22.636432748538013,14.620000000000001,32.14,171
Greenville,342,22.908830409356725,14.620000000000001,32.489999999999995,171
Greenville,343,23.202558139534887,14.7675,32.3275,172
Greenville,344,23.408333333333335,15.079999999999998,32.0075,174
Greenville,345,23.586892655367226,15.14,31.73,177
Greenville,346,23.7559217877095,14.975000000000001,31.520000000000003,179
Greenville,347,23.890111111111114,14.7775,31.2525,180
Greenville,348,24.053867403314918,15.12,31.19,181
Greenville,349,24.254285714285714,15.1775,31.145000000000003,182
Greenville,350,24.455329670329668,15.1775,31.235,182
Greenville,351,24.735219780219776,15.302499999999998,31.235,182
Greenville,352,24.990441988950277,16.35,31.87,181
Greenville,353,25.27972222222222,16.875,32.995000000000005,180
Greenville,354,25.602793296089384,18.305,33.76,179
Greenville,355,25.934101123595507,19.595,34.8175,178
Greenville,356,26.25395480225988,19.98,35.01,177
Greenville,357,26.569375,20.044999999999998,35.235,176
Greenville,358,26.89465909090909,20.06,35.825,176
Greenville,359,27.23316384180791,20.09,36.02,177
Greenville,360,27.513314606741567,20.322499999999998,36.3575,178
Greenville,361,27.745530726256984,20.335,36.575,179
Greenville,362,27.92267379679144,21.05,36.17,187
Greenville,363,28.079999999999995,21.5275,36.332499999999996,188
Greenville,364,28.14994708994709,22.04,36.32,189
Greenville,365,28.219735449735452,22.3,35.96,189
Memphis,1,12.299090909090909,7.300000000000001,20.6,187
Memphis,2,12.404385026737968,6.895,20.865000000000002,187
Memphis,3,12.571290322580644,6.5325,20.7925,186
Memphis,4,12.83754189944134,5.915,20.58,179
Memphis,5,13.17072625698324,6.6,20.56,179
Memphis,6,13.357486033519555,6.665,19.955,179
Memphis,7,13.538379888268155,6.800000000000001,19.335,179
Memphis,8,13.697569060773482,6.87,19.13,181
Memphis,9,13.790055248618785,7.42,19.13,181
Memphis,10,13.817582417582418,7.585,19.127499999999998,182
Memphis,11,13.786923076923076,7.585,19.0975,182
Memphis,12,13.723846153846152,7.585,19.337500000000002,182
Memphis,13,13.634395604395605,7.56,20.035,182
Memphis,14,13.54076923076923,7.154999999999999,20.7425,182
Memphis,15,13.531712707182319,6.51,21.1,181
Memphis,16,13.510777777777776,6.2225,21.66,180
Memphis,17,13.488555555555553,6.115,21.8125,180
Memphis,18,13.466944444444445,5.99,22.0075,180
Memphis,19,13.407166666666667,4.8374999999999995,22.0075,180
Memphis,20,13.352333333333334,4.4,21.79,180
Memphis,21,13.28588888888889,4.005,21.36,180
Memphis,22,13.164419889502762,3.34,20.81,181
Memphis,23,13.067307692307692,3.25,20.5375,182
Memphis,24,13.006483516483518,3.25,20.425,182
Memphis,25,12.979835164835167,3.435,20.6425,182
Memphis,26,12.99164835164835,3.7975000000000003,20.9925,182
Memphis,27,13.00423076923077,3.9025,21.3375,182
Memphis,28,13.032747252747255,3.605,21.9375,182
Memphis,29,13.042747252747251,3.605,22.0675,182
Memphis,30,13.049175824175823,3.415,22.369999999999997,182
Memphis,31,13.05230769230769,3.5975,22.369999999999997,182
Memphis,32,13.051153846153849,3.895,22.4,182
Memphis,33,13.074835164835164,4.0,22.4,182
Memphis,34,13.132087912087911,4.26,22.4,182
Memphis,35,13.076758241758244,4.3925,22.0575,182
Memphis,36,13.228571428571426,6.4225,21.66,182
Memphis,37,13.463791208791209,7.3025,21.6,182
Memphis,38,13.71,8.1125,21.475,182
Memphis,39,13.963867403314918,9.08,21.4,181
Memphis,40,14.116444444444445,9.4375,21.384999999999998,180
Memphis,41,14.23268156424581,9.465,20.96,179
Memphis,42,14.460730337078651,9.7425,20.830000000000002,178
Memphis,43,14.483276836158192,9.75,20.29,177
Memphis,44,14.44653409090909,9.6675,20.095,176
Memphis,45,14.472329545454546,9.397499999999999,20.064999999999998,176
Memphis,46,14.50107344632768,9.24,20.0,177
Memphis,47,14.670621468926553,8.5,20.67,177
Memphis,48,14.902078651685391,8.342500000000001,20.955,178
Memphis,49,15.19949720670391,8.16,21.765,179
Memphis,50,15.594944444444442,8.26,22.135,180
Memphis,51,16.023480662983424,8.5,22.72,181
Memphis,52,16.364364640883977,8.77,23.3,181
Memphis,53,16.712154696132597,8.77,24.06,181
Memphis,54,17.036703296703294,8.9275,24.32,182
Memphis,55,17.368508287292816,8.95,24.61,181
Memphis,56,17.735911602209942,9.2,25.2,181
Memphis,57,18.040333333333333,9.5025,25.4,180
Memphis,58,18.363666666666667,9.4,25.6,180
Memphis,59,18.70738888888889,9.4,25.9375,180
Memphis,60,19.005277777777778,9.7775,26.225,180
Memphis,61,19.24677777777778,10.2225,26.317500000000003,180
Memphis,62,19.43353591160221,10.63,26.5,181
Memphis,63,19.54011049723757,11.19,26.71,181
Memphis,64,19.641868131868137,11.515,26.732499999999998,182
Memphis,65,19.70802197802198,11.57,26.7475,182
Memphis,66,19.722722222222224,11.57,26.997500000000002,180
Memphis,67,19.80377777777778,11.6,26.997500000000002,180
Memphis,68,19.91711111111111,12.1325,26.997500000000002,180
Memphis,69,19.99629213483146,11.7875,27.0125,178
Memphis,70,20.14870786516854,12.0775,27.0125,178
Memphis,71,20.310561797752808,12.16,27.0125,178
Memphis,72,20.464943820224722,12.2225,27.02,178
Memphis,73,20.647944444444445,12.5225,27.1225,180
Memphis,74,20.79,13.055,27.3375,180
Memphis,75,20.904388888888892,13.665,27.4675,180
Memphis,76,21.066318681318684,13.99,27.625,182
Memphis,77,21.18434065934066,14.6475,27.645,182
Memphis,78,21.26291208791209,14.7675,27.645,182
Memphis,79,21.29615384615385,14.75,27.645,182
Memphis,80,21.29978021978022,14.75,27.5325,182
Memphis,81,21.27945054945055,14.69,27.5325,182
Memphis,82,21.241208791208788,14.75,27.5325,182
Memphis,83,21.16956043956044,14.7675,27.86,182
Memphis,84,21.05961538461538,14.75,28.072499999999998,182
Memphis,85,20.93021978021978,14.497499999999999,28.4,182
Memphis,86,20.781813186813185,14.0125,28.482499999999998,182
Memphis,87,20.62456043956044,13.5725,28.4975,182
Memphis,88,20.459395604395606,13.157499999999999,28.555,182
Memphis,89,20.290824175824177,12.665,28.6725,182
Memphis,90,20.118186813186814,12.5025,28.7925,182
Memphis,91,19.953021978021976,12.3825,28.7975,182
Memphis,92,19.82472527472527,12.315,28.6825,182
Memphis,93,19.787362637362637,12.4175,28.53,182
Memphis,94,19.838901098901097,12.4925,28.3125,182
Memphis,95,19.973571428571425,12.4925,27.509999999999998,182
Memphis,96,20.180824175824178,12.8125,27.509999999999998,182
Memphis,97,20.43857142857143,12.8625,27.48,182
Memphis,98,20.72153846153846,13.1125,27.4525,182
Memphis,99,21.01214285714286,14.36,27.3625,182
Memphis,100,21.248186813186813,15.620000000000001,27.22,182
Memphis,101,21.423956043956046,16.12,26.345,182
Memphis,102,21.533021978021978,16.05,26.0675,182
Memphis,103,21.584945054945056,16.2275,26.0075,182
Memphis,104,21.600384615384616,16.2275,26.01,182
Memphis,105,21.624033149171268,16.37,26.13,181
Memphis,106,21.579834254143645,16.37,26.13,181
Memphis,107,21.520662983425414,16.31,26.2,181
Memphis,108,21.436187845303866,16.29,26.53,181
Memphis,109,21.323370165745857,16.0,26.86,181
Memphis,110,21.175911602209947,15.8,26.87,181
Memphis,111,20.99099447513812,15.67,26.95,181
Memphis,112,20.758626373626374,14.9075,27.01,182
Memphis,113,20.546978021978024,14.23,27.150000000000002,182
Memphis,114,20.34692307692308,13.665,27.622500000000002,182
Memphis,115,20.160769230769233,12.6325,27.735,182
Memphis,116,19.98489010989011,12.1075,27.765,182
Memphis,117,19.82010989010989,11.955,27.6825,182
Memphis,118,19.767016574585636,12.41,27.35,181
Memphis,119,19.692762430939226,12.53,26.89,181
Memphis,120,19.671381215469612,12.7,26.48,181
Memphis,121,19.70939226519337,13.67,25.65,181
Memphis,122,19.80414364640884,14.16,25.6,181
Memphis,123,19.963591160220997,14.2,25.55,181
Memphis,124,20.212067039106145,14.2,25.825,179
Memphis,125,20.401675977653632,14.184999999999999,26.325000000000003,179
Memphis,126,20.53106741573034,14.225,26.4475,178
Memphis,127,20.66723163841808,14.2,26.9,177
Memphis,128,20.8108,14.465,27.479999999999997,175
Memphis,129,20.87890804597701,14.34,27.845,174
Memphis,130,20.912732558139535,14.84,28.095,172
Memphis,131,20.88485549132948,15.1,28.23,173
Memphis,132,20.844566473988436,15.1,28.3,173
Memphis,133,21.138381502890176,15.1,28.8,173
Memphis,134,21.270459770114943,15.0775,30.125,174
Memphis,135,21.309034090909094,15.0925,30.5125,176
Memphis,136,21.349491525423726,14.88,31.1,177
Memphis,137,21.349664804469274,14.690000000000001,31.335,179
Memphis,138,21.361117318435753,14.629999999999999,31.765,179
Memphis,139,21.385251396648044,14.344999999999999,32.019999999999996,179
Memphis,140,21.17687150837989,14.07,32.0,179
Memphis,141,21.00575418994413,14.03,31.1,179
Memphis,142,20.835921787709495,13.754999999999999,30.270000000000003,179
Memphis,143,20.655195530726257,13.025,29.1,179
Memphis,144,20.45413407821229,12.670000000000002,28.575000000000003,179
Memphis,145,20.243296089385478,12.465,28.46,179
Memphis,146,19.920833333333334,12.01,28.299999999999997,180
Memphis,147,19.5839226519337,11.63,27.55,181
Memphis,148,19.307444444444446,11.405,27.2625,180
Memphis,149,18.996166666666667,11.325,26.862499999999997,180
Memphis,150,18.679111111111112,11.1,26.67,180
Memphis,151,18.356333333333332,11.067499999999999,26.285,180
Memphis,152,17.942833333333333,10.915000000000001,25.2,180
Memphis,153,17.605333333333334,11.1,24.25,180
Memphis,154,17.263666666666666,11.145,23.5125,180
Memphis,155,16.92209944751381,11.16,23.22,181
Memphis,156,16.595524861878452,11.16,22.67,181
Memphis,157,16.29049723756906,11.16,22.06,181
Memphis,158,15.984444444444444,11.145,21.84,180
Memphis,159,15.770333333333337,11.145,21.505,180
Memphis,160,15.643888888888887,11.23,20.994999999999997,180
Memphis,161,15.56899441340782,11.295,20.73,179
Memphis,162,15.515337078651683,11.375,20.7625,178
Memphis,163,15.43819209039548,11.24,20.95,177
Memphis,164,15.357159090909091,10.3225,20.942500000000003,176
Memphis,165,15.297045454545453,10.3225,21.0425,176
Memphis,166,15.238125000000002,10.3225,21.0425,176
Memphis,167,15.019261363636362,10.265,20.83,176
Memphis,168,14.778474576271186,9.82,20.49,177
Memphis,169,14.53561797752809,9.355,20.467499999999998,178
Memphis,170,14.348603351955308,9.205,20.445,179
Memphis,171,14.085898876404494,8.3525,20.354999999999997,178
Memphis,172,13.942793296089386,8.095,20.439999999999998,179
Memphis,173,13.907430167597767,7.74,20.485,179
Memphis,174,13.774972067039107,7.68,20.61,179
Memphis,175,13.603016759776533,7.27,20.715,179
Memphis,176,13.491061452513964,7.195,20.835,179
Memphis,177,13.397597765363127,7.140000000000001,20.715,179
Memphis,178,13.425690607734808,7.12,20.63,181
Memphis,179,13.369226519337015,6.56,20.16,181
Memphis,180,13.332722222222223,6.359999999999999,20.0375,180
Memphis,181,13.445474860335194,6.375,19.97,179
Memphis,182,13.619322033898305,6.5,19.92,177
Memphis,183,13.722272727272726,6.545,19.945,176
Memphis,184,13.693693181818183,6.4175,19.6125,176
Memphis,185,13.637386363636365,6.3,19.815,176
Memphis,186,13.556874999999998,6.275,19.5775,176
Memphis,187,13.334632768361582,6.19,19.47,177
Memphis,188,13.120168539325842,5.5,19.3375,178
Memphis,189,12.875277777777779,4.875,18.61,180
Memphis,190,12.618950276243092,4.1,18.46,181
Memphis,191,12.46182320441989,3.7,17.62,181
Memphis,192,12.32314917127072,3.93,17.42,181
Memphis,193,12.270944444444444,4.1225,17.1025,180
Memphis,194,12.215166666666669,5.7375,16.9575,180
Memphis,195,12.106368715083802,6.21,16.91,179
Memphis,196,12.106404494382023,6.725,16.91,178
Memphis,197,12.023446327683617,6.67,17.1,177
Memphis,198,11.935738636363636,6.66,16.91,176
Memphis,199,11.80471264367816,6.64,16.905,174
Memphis,200,11.585953757225434,5.58,16.85,173
Memphis,201,11.370755813953489,4.9,16.38,172
Memphis,202,11.18664705882353,4.925000000000001,16.2225,170
Memphis,203,10.800236686390532,4.6,15.81,169
Memphis,204,10.516467065868264,4.5,15.145,167
Memphis,205,10.186424242424241,4.4,14.65,165
Memphis,206,9.854329268292684,4.05,13.705,164
Memphis,207,9.475337423312883,3.945,13.5,163
Memphis,208,9.082147239263803,3.705,13.045,163
Memphis,209,8.696768292682927,3.5875,12.637500000000001,164
Memphis,210,8.38981707317073,3.4625,11.955,164
Memphis,211,8.02144578313253,3.0875,11.71,166
Memphis,212,7.734437869822486,2.9,11.5,169
Memphis,213,7.517906976744186,2.875,11.27,172
Memphis,214,7.3734285714285726,2.0949999999999998,11.635,175
Memphis,215,7.323806818181819,1.3775,11.875,176
Memphis,216,7.267499999999999,1.2575,12.100000000000001,176
Memphis,217,7.202784090909091,1.1,12.445,176
Memphis,218,7.173257142857143,1.205,12.76,175
Memphis,219,7.062601156069364,1.0,12.79,173
Memphis,220,6.79859649122807,0.9199999999999999,12.469999999999999,171
Memphis,221,6.452130177514792,0.89,12.21,169
Memphis,222,6.073571428571429,0.8625,11.765,168
Memphis,223,5.674201183431952,0.91,10.58,169
Memphis,224,5.27229411764706,0.92,9.63,170
Memphis,225,4.910584795321637,0.9,8.715,171
Memphis,226,4.605523255813954,0.905,8.145,172
Memphis,227,4.43,1.15,7.8,173
Memphis,228,4.281954022988505,1.18,7.395,174
Memphis,229,4.048103448275862,1.045,7.205,174
Memphis,230,3.834418604651163,0.5599999999999999,6.955,172
Memphis,231,3.6121052631578947,0.049999999999999996,6.675,171
Memphis,232,3.371705882352941,-0.655,6.3175,170
Memphis,233,3.1271597633136095,-1.5,5.54,169
Memphis,234,2.878690476190476,-1.7,5.3149999999999995,168
Memphis,235,2.6498809523809523,-1.72,4.955,168
Memphis,236,2.4980473372781065,-1.73,4.93,169
Memphis,237,2.3832163742690056,-1.73,4.98,171
Memphis,238,2.373157894736842,-1.725,4.92,171
Memphis,239,2.4030994152046783,-1.68,4.92,171
Memphis,240,2.378197674418604,-1.5625,4.869999999999999,172
Memphis,241,2.352254335260116,-1.43,4.96,173
Memphis,242,2.3322543352601155,-1.42,5.04,173
Memphis,243,2.32728323699422,-1.43,5.05,173
Memphis,244,2.3402890173410404,-1.4,5.21,173
Memphis,245,2.3217241379310347,-1.4224999999999999,5.715,174
Memphis,246,2.2623295454545453,-1.5,6.1925,176
Memphis,247,2.265593220338983,-1.6,6.34,177
Memphis,248,2.260730337078652,-1.7575,6.3825,178
Memphis,249,2.221731843575419,-1.775,6.445,179
Memphis,250,2.119611111111111,-2.3099999999999996,6.3675,180
Memphis,251,1.9757458563535912,-2.6,6.36,181
Memphis,252,1.8153333333333337,-2.92,6.33,180
Memphis,253,1.6381564245810054,-3.295,6.195,179
Memphis,254,1.4662146892655366,-3.5,6.16,177
Memphis,255,1.25625,-3.6375,6.1125,176
Memphis,256,1.0712,-3.74,5.99,175
Memphis,257,0.9537931034482757,-3.8325,5.6450000000000005,174
Memphis,258,0.8803468208092486,-3.75,5.36,173
Memphis,259,0.7976000000000001,-3.9299999999999997,4.795,175
Memphis,260,0.7790909090909092,-4.0024999999999995,4.819999999999999,176
Memphis,261,0.7601685393258427,-4.085,4.859999999999999,178
Memphis,262,0.7828491620111732,-4.3,4.75,179
Memphis,263,0.8132777777777777,-4.4,4.53,180
Memphis,264,0.8338674033149172,-4.6,4.53,181
Memphis,265,0.8745054945054946,-4.675,4.9174999999999995,182
Memphis,266,0.9897802197802197,-4.675,5.3925,182
Memphis,267,1.2165384615384611,-4.7524999999999995,6.7924999999999995,182
Memphis,268,1.4208241758241758,-4.745,7.485,182
Memphis,269,1.6793956043956042,-4.745,7.905,182
Memphis,270,1.971428571428571,-4.5575,7.905,182
Memphis,271,2.279120879120879,-4.195,7.905,182
Memphis,272,2.528461538461539,-3.5925000000000002,8.0875,182
Memphis,273,2.661208791208791,-3.1350000000000002,8.255,182
Memphis,274,2.577967032967033,-2.965,7.89,182
Memphis,275,2.4740331491712713,-2.92,7.4,181
Memphis,276,2.3095027624309394,-2.91,6.87,181
Memphis,277,2.0870165745856357,-2.92,6.46,181
Memphis,278,1.7873333333333334,-3.435,5.755,180
Memphis,279,1.4770949720670392,-3.79,5.51,179
Memphis,280,1.2317318435754192,-3.95,4.915,179
Memphis,281,1.0740782122905028,-3.9,4.16,179
Memphis,282,0.978388888888889,-3.8775,4.0200000000000005,180
Memphis,283,0.9384444444444444,-3.68,3.7725,180
Memphis,284,0.9319999999999999,-3.665,3.6075,180
Memphis,285,0.9623756906077348,-3.3,3.85,181
Memphis,286,1.0018681318681317,-3.2925,4.255,182
Memphis,287,0.9852486187845303,-3.2,4.65,181
Memphis,288,1.0786111111111112,-2.9074999999999998,4.905,180
Memphis,289,1.23123595505618,-2.915,6.27,178
Memphis,290,1.2108426966292134,-3.2625,6.172499999999999,178
Memphis,291,1.2687005649717513,-3.4,6.15,177
Memphis,292,1.3750857142857145,-3.585,6.125,175
Memphis,293,1.4186857142857143,-3.69,5.68,175
Memphis,294,1.5196022727272729,-3.69,5.525,176
Memphis,295,1.517344632768362,-3.9,5.5,177
Memphis,296,1.4688202247191013,-4.9425,5.485,178
Memphis,297,1.5759322033898302,-5.3,5.76,177
Memphis,298,1.6287005649717512,-5.39,6.3,177
Memphis,299,1.6620111731843576,-5.525,7.1,179
Memphis,300,1.8114525139664805,-5.475,7.5600000000000005,179
Memphis,301,1.966033519553073,-5.345,7.984999999999999,179
Memphis,302,2.1407262569832404,-5.145,8.219999999999999,179
Memphis,303,2.2511173184357545,-5.025,8.04,179
Memphis,304,2.3867039106145254,-4.654999999999999,7.845000000000001,179
Memphis,305,2.620888888888889,-4.3825,7.67,180
Memphis,306,2.8895555555555554,-3.9925,7.47,180
Memphis,307,3.1504444444444446,-3.6825,7.455,180
Memphis,308,3.385388888888889,-3.6725,7.574999999999999,180
Memphis,309,3.5361452513966483,-3.4450000000000003,7.625,179
Memphis,310,3.735833333333334,-3.0625,7.895,180
Memphis,311,3.884198895027624,-2.45,8.29,181
Memphis,312,3.918563535911602,-1.68,8.29,181
Memphis,313,3.9023756906077343,-1.55,8.29,181
Memphis,314,3.843722222222222,-1.6724999999999999,8.6475,180
Memphis,315,3.782111111111111,-1.7025,8.3775,180
Memphis,316,3.7717679558011055,-1.8,8.29,181
Memphis,317,3.7406077348066296,-1.8,7.65,181
Memphis,318,3.6964088397790054,-2.09,7.3,181
Memphis,319,3.660441988950276,-2.09,7.22,181
Memphis,320,3.6849720670391055,-1.875,7.455,179
Memphis,321,3.771277777777778,-1.7475,7.7325,180
Memphis,322,3.8655865921787713,-1.73,7.975,179
Memphis,323,3.949039548022599,-1.72,8.1,177
Memphis,324,4.140734463276837,-1.72,9.5,177
Memphis,325,4.364745762711864,-1.61,9.61,177
Memphis,326,4.59221590909091,-1.635,9.94,176
Memphis,327,4.748248587570622,-1.71,11.28,177
Memphis,328,4.84,-1.72,11.465,176
Memphis,329,4.892670454545455,-1.8725,12.09,176
Memphis,330,4.967118644067797,-2.08,12.44,177
Memphis,331,4.973295454545454,-2.3249999999999997,12.5925,176
Memphis,332,5.001314285714285,-2.565,12.594999999999999,175
Memphis,333,5.0834285714285725,-2.785,12.645,175
Memphis,334,5.272272727272727,-2.7775,12.754999999999999,176
Memphis,335,5.5424293785310725,-2.6,12.69,177
Memphis,336,5.912808988764045,-2.005,13.095,178
Memphis,337,6.37252808988764,-1.6475,14.515,178
Memphis,338,6.782960893854749,-1.4649999999999999,16.455,179
Memphis,339,7.163111111111112,-1.3924999999999998,18.435000000000002,180
Memphis,340,7.478176795580109,-1.18,18.42,181
Memphis,341,7.707182320441989,-0.74,17.5,181
Memphis,342,7.876850828729282,-0.15,15.93,181
Memphis,343,7.972707182320442,0.06,15.9,181
Memphis,344,7.9582967032967025,-0.3525,15.825,182
Memphis,345,7.980329670329671,-0.49,15.825,182
Memphis,346,8.01741758241758,-0.49,15.5825,182
Memphis,347,8.10576923076923,-0.49,15.524999999999999,182
Memphis,348,8.28065934065934,-0.49,15.967500000000001,182
Memphis,349,8.52945054945055,-0.49,16.127499999999998,182
Memphis,350,8.855054945054944,0.515,16.235,182
Memphis,351,9.247527472527473,1.7374999999999998,16.36,182
Memphis,352,9.640666666666668,3.53,16.822499999999998,180
Memphis,353,10.03564245810056,4.215,17.61,179
Memphis,354,10.43134831460674,4.53,18.814999999999998,178
Memphis,355,10.773220338983052,4.74,19.08,177
Memphis,356,11.068295454545455,4.7775,19.6275,176
Memphis,357,11.2944,4.765000000000001,19.785,175
Memphis,358,11.510914285714284,4.83,19.925,175
Memphis,359,11.706440677966102,4.87,20.28,177
Memphis,360,11.885561797752809,5.0775,20.405,178
Memphis,361,11.992849162011174,5.234999999999999,20.47,179
Memphis,362,12.054224598930483,6.025,20.225,187
Memphis,363,12.04468085106383,6.555,19.98,188
Memphis,364,12.176719576719575,7.28,20.29,189
Memphis,365,12.256613756613756,7.37,20.56,189
St. Louis,1,6.039844559585492,-0.41,8.2,193
St. Louis,2,6.170979381443299,0.042499999999999996,8.6375,194
St. Louis,3,6.284432989690721,0.265,9.235,194
St. Louis,4,6.358823529411764,0.45999999999999996,9.21,187
St. Louis,5,6.170802139037433,0.45999999999999996,9.21,187
St. Louis,6,6.0218181818181815,0.395,9.219999999999999,187
St. Louis,7,5.964171122994651,0.32999999999999996,9.26,187
St. Louis,8,5.940267379679144,0.3,9.26,187
St. Louis,9,5.927849462365591,0.4125,9.175,186
St. Louis,10,5.841497326203209,0.3,9.04,187
St. Louis,11,5.821117021276597,0.2875,9.0075,188
St. Louis,12,5.891764705882354,0.33499999999999996,8.844999999999999,187
St. Louis,13,5.898870967741936,0.3925,8.754999999999999,186
St. Louis,14,5.81725806451613,0.4525,8.754999999999999,186
St. Louis,15,5.685268817204301,0.4525,8.754999999999999,186
St. Louis,16,5.487700534759359,0.475,8.73,187
St. Louis,17,5.2724064171122995,0.53,8.295,187
St. Louis,18,5.0233155080213905,0.5549999999999999,8.295,187
St. Louis,19,4.812872340425532,0.535,7.6625,188
St. Louis,20,4.634232804232805,0.43,7.57,189
St. Louis,21,4.562116402116402,0.43,7.08,189
St. Louis,22,4.556117021276595,0.435,6.8225,188
St. Louis,23,4.532925531914894,0.245,6.452500000000001,188
St. Louis,24,4.587765957446808,0.15000000000000002,6.365,188
St. Louis,25,4.682978723404255,0.0775,6.3825,188
St. Louis,26,4.7934759358288765,-0.10500000000000001,6.39,187
St. Louis,27,4.941505376344086,0.10250000000000001,6.39,186
St. Louis,28,5.072795698924731,0.10250000000000001,7.7825,186
St. Louis,29,5.238440860215054,0.10250000000000001,9.59,186
St. Louis,30,5.407297297297298,0.14,10.47,185
St. Louis,31,5.5291304347826085,0.2225,10.495000000000001,184
St. Louis,32,5.676373626373626,0.5375,10.455,182
St. Louis,33,5.775384615384615,0.9125000000000001,10.455,182
St. Louis,34,5.888681318681319,0.9125000000000001,10.455,182
St. Louis,35,5.9910000000000005,0.905,10.425,180
St. Louis,36,5.96223463687151,0.8,10.4,179
St. Louis,37,5.945865921787709,0.8,10.065000000000001,179
St. Louis,38,5.957765363128492,0.605,10.254999999999999,179
St. Louis,39,5.994166666666666,0.46249999999999997,10.3225,180
St. Louis,40,6.064111111111111,0.38,11.217500000000001,180
St. Louis,41,6.135307262569833,0.4,11.285,179
St. Louis,42,6.21365168539326,0.4575,11.095,178
St. Louis,43,6.264525139664804,0.495,10.76,179
St. Louis,44,6.332625698324022,0.525,10.365,179
St. Louis,45,6.404357541899441,0.605,9.780000000000001,179
St. Louis,46,6.503687150837989,0.87,9.780000000000001,179
St. Louis,47,6.627430167597765,1.115,10.125,179
St. Louis,48,6.6866666666666665,1.3925,10.3975,180
St. Louis,49,6.753241758241759,1.3375,10.5475,182
St. Louis,50,6.962197802197803,1.7875,11.9275,182
St. Louis,51,7.2481318681318685,1.8975,12.2025,182
St. Louis,52,7.572802197802198,2.0425,13.01,182
St. Louis,53,7.924615384615383,2.1425,13.94,182
St. Louis,54,8.364725274725275,2.4475,14.1375,182
St. Louis,55,8.844615384615386,3.1350000000000002,14.4075,182
St. Louis,56,9.265274725274724,3.1875,14.5825,182
St. Louis,57,9.606318681318681,3.37,15.0,182
St. Louis,58,9.9185635359116,3.64,15.08,181
St. Louis,59,10.158888888888889,3.615,15.235,180
St. Louis,60,10.229055555555556,3.6550000000000002,15.969999999999999,180
St. Louis,61,10.173388888888889,3.81,15.9825,180
St. Louis,62,10.107555555555557,3.81,15.9225,180
St. Louis,63,10.129333333333333,4.17,16.0575,180
St. Louis,64,10.1965,4.17,16.14,180
St. Louis,65,10.24414364640884,4.25,16.03,181
St. Louis,66,10.369065934065933,4.69,15.935,182
St. Louis,67,10.67021978021978,5.470000000000001,16.012500000000003,182
St. Louis,68,11.100384615384614,6.4175,16.205,182
St. Louis,69,11.57401098901099,7.0875,16.295,182
St. Louis,70,12.002527472527472,7.484999999999999,16.295,182
St. Louis,71,12.427142857142858,7.5425,16.322499999999998,182
St. Louis,72,12.848626373626372,7.595,16.380000000000003,182
St. Louis,73,13.286813186813186,7.66,18.307499999999997,182
St. Louis,74,13.647252747252749,7.66,19.13,182
St. Louis,75,13.931263736263737,7.74,19.6225,182
St. Louis,76,14.223296703296706,7.725,19.825,182
St. Louis,77,14.520934065934066,7.8675,20.2275,182
St. Louis,78,14.648895027624308,8.07,19.89,181
St. Louis,79,14.714166666666667,8.395,19.695,180
St. Louis,80,14.80711111111111,8.425,19.695,180
St. Louis,81,14.902722222222222,8.455,19.52,180
St. Louis,82,14.998491620111732,8.57,19.549999999999997,179
St. Louis,83,15.03189944134078,8.805,19.835,179
St. Louis,84,15.038932584269663,8.705,19.865000000000002,178
St. Louis,85,15.330393258426968,9.255,20.49,178
St. Louis,86,15.650393258426964,9.3025,20.7225,178
St. Louis,87,15.835,9.255,20.8525,178
St. Louis,88,16.007247191011235,8.7025,21.05,178
St. Louis,89,16.14240223463687,8.465,21.425,179
St. Louis,90,16.334804469273745,8.605,21.655,179
St. Louis,91,16.581888888888887,8.7075,21.785,180
St. Louis,92,16.76513812154696,8.91,21.96,181
St. Louis,93,16.960549450549454,9.219999999999999,22.064999999999998,182
St. Louis,94,17.18796703296703,10.335,22.11,182
St. Louis,95,17.365384615384617,10.922500000000001,22.11,182
St. Louis,96,17.52736263736264,11.719999999999999,22.11,182
St. Louis,97,17.633956043956044,12.6275,21.985,182
St. Louis,98,17.654725274725273,12.82,21.8725,182
St. Louis,99,17.625824175824174,12.7575,21.93,182
St. Louis,100,17.638626373626373,12.7125,22.03,182
St. Louis,101,17.677967032967032,12.7125,22.29,182
St. Louis,102,17.728516483516483,12.51,22.912499999999998,182
St. Louis,103,17.85383333333333,12.385,23.305,180
St. Louis,104,17.966648044692736,12.364999999999998,23.57,179
St. Louis,105,18.055280898876404,12.362499999999999,23.695,178
St. Louis,106,18.079322033898304,12.39,23.7,177
St. Louis,107,18.07215909090909,12.540000000000001,23.7025,176
St. Louis,108,18.099314285714286,12.645,23.665,175
St. Louis,109,18.225172413793103,13.43,23.6725,174
St. Louis,110,18.291085714285714,13.68,23.645,175
St. Louis,111,18.328400000000002,13.73,23.375,175
St. Louis,112,18.420914285714286,13.905000000000001,22.68,175
St. Louis,113,18.540056818181817,13.9825,22.380000000000003,176
St. Louis,114,18.69542372881356,14.06,22.43,177
St. Louis,115,18.84432584269663,14.0975,23.6075,178
St. Louis,116,18.89949438202247,13.685,23.8725,178
St. Louis,117,19.14122905027933,13.625,24.740000000000002,179
St. Louis,118,19.560333333333332,13.989999999999998,25.3775,180
St. Louis,119,20.05254143646409,14.07,25.83,181
St. Louis,120,20.536022099447514,14.21,27.66,181
St. Louis,121,20.98049723756906,14.45,28.03,181
St. Louis,122,21.393093922651936,14.57,28.05,181
St. Louis,123,21.793956043956044,15.2825,28.784999999999997,182
St. Louis,124,21.989450549450552,15.805,28.784999999999997,182
St. Louis,125,22.014725274725276,15.955,28.83,182
St. Louis,126,22.002527472527472,15.955,28.6725,182
St. Louis,127,21.99681318681319,15.9475,28.5775,182
St. Louis,128,21.921823204419887,15.85,28.36,181
St. Louis,129,21.89723756906077,15.7,28.68,181
St. Louis,130,21.828666666666667,15.6175,28.439999999999998,180
St. Louis,131,21.7736312849162,15.365,28.255,179
St. Louis,132,21.75567415730337,15.155000000000001,28.205,178
St. Louis,133,21.679039548022597,15.07,28.1,177
St. Louis,134,21.623011363636365,15.165,27.9225,176
St. Louis,135,21.66948863636364,15.3475,27.755000000000003,176
St. Louis,136,21.68051428571429,15.56,27.55,175
St. Louis,137,21.773793103448273,15.510000000000002,27.512500000000003,174
St. Louis,138,21.875317919075147,15.66,27.53,173
St. Louis,139,21.93651162790698,15.8025,27.54,172
St. Louis,140,22.04220930232558,16.155,27.58,172
St. Louis,141,22.07630057803468,17.02,27.61,173
St. Louis,142,21.988505747126435,17.2275,27.605,174
St. Louis,143,21.82657142857143,16.57,27.335,175
St. Louis,144,21.61310734463277,16.51,26.89,177
St. Louis,145,21.426201117318435,16.57,26.335,179
St. Louis,146,21.346243093922652,16.63,26.18,181
St. Louis,147,21.274120879120883,16.645,26.0625,182
St. Louis,148,21.231373626373628,16.54,25.7975,182
St. Louis,149,21.24087912087912,16.5175,25.7975,182
St. Louis,150,21.274670329670332,16.5325,25.6925,182
St. Louis,151,21.349010989010992,16.3825,25.64,182
St. Louis,152,21.41379120879121,15.895,25.9925,182
St. Louis,153,21.422857142857143,15.2925,25.9925,182
St. Louis,154,21.40335164835165,14.7675,26.02,182
St. Louis,155,21.42475138121547,14.52,26.02,181
St. Louis,156,21.505580110497235,14.45,26.74,181
St. Louis,157,21.590662983425418,14.07,27.04,181
St. Louis,158,21.605414364640882,13.89,27.29,181
St. Louis,159,21.60038674033149,13.94,27.77,181
St. Louis,160,21.584475138121547,13.94,27.79,181
St. Louis,161,21.565856353591162,14.09,27.93,181
St. Louis,162,21.541988950276245,14.51,27.93,181
St. Louis,163,21.455722222222224,14.8725,27.947499999999998,180
St. Louis,164,21.29413407821229,14.855,27.805,179
St. Louis,165,21.204022346368713,14.9,27.744999999999997,179
St. Louis,166,21.12167597765363,14.9,27.685000000000002,179
St. Louis,167,21.05519553072626,14.9,27.715,179
St. Louis,168,20.95782122905028,14.93,27.775,179
St. Louis,169,20.804333333333332,14.735,27.825,180
St. Louis,170,20.63546961325967,13.98,27.52,181
St. Louis,171,20.469060773480663,13.29,27.27,181
St. Louis,172,20.357016574585636,13.03,27.27,181
St. Louis,173,20.228100558659218,13.155,26.505,179
St. Louis,174,20.143798882681562,13.07,26.200000000000003,179
St. Louis,175,20.046741573033707,13.04,25.9725,178
St. Louis,176,19.982881355932204,12.97,25.36,177
St. Louis,177,19.96272727272727,12.945,24.9425,176
St. Louis,178,19.94085714285714,12.915,24.83,175
St. Louis,179,20.024914285714285,12.915,24.83,175
St. Louis,180,20.145649717514125,12.86,24.85,177
St. Louis,181,20.189717514124293,12.74,24.85,177
St. Louis,182,20.215112359550563,12.5075,25.02,178
St. Louis,183,20.221564245810054,12.6,25.17,179
St. Louis,184,20.22122222222222,12.684999999999999,25.295,180
St. Louis,185,20.274505494505494,12.817499999999999,25.697499999999998,182
St. Louis,186,20.07769230769231,12.515,25.830000000000002,182
St. Louis,187,19.886055555555554,12.405,26.185,180
St. Louis,188,19.683820224719103,12.2625,26.8075,178
St. Louis,189,19.508295454545454,12.1925,28.015,176
St. Louis,190,19.220457142857143,12.035,28.84,175
St. Louis,191,18.90155172413793,11.75,28.605,174
St. Louis,192,18.577803468208092,11.57,28.56,173
St. Louis,193,18.275872093023256,11.0775,28.5325,172
St. Louis,194,17.916531791907513,11.07,27.6,173
St. Louis,195,17.538275862068968,10.9575,26.655,174
St. Louis,196,17.126514285714286,10.86,26.13,175
St. Louis,197,16.749943181818182,10.3675,25.302500000000002,176
St. Louis,198,16.365254237288134,9.32,24.61,177
St. Louis,199,16.01803370786517,9.1175,23.44,178
St. Louis,200,15.684301675977652,8.895,22.985,179
St. Louis,201,15.331222222222221,8.7875,22.11,180
St. Louis,202,14.917150837988824,8.71,21.535,179
St. Louis,203,14.556033519553075,8.71,20.244999999999997,179
St. Louis,204,14.281731843575418,8.71,19.415,179
St. Louis,205,14.034525139664806,8.71,18.79,179
St. Louis,206,13.795195530726257,8.445,18.735,179
St. Louis,207,13.615449438202246,8.08,18.6925,178
St. Louis,208,13.498757062146893,7.88,18.73,177
St. Louis,209,13.479157303370787,7.425,19.39,178
St. Louis,210,13.413258426966292,7.1375,19.9125,178
St. Louis,211,13.241235955056178,6.8175,19.4625,178
St. Louis,212,13.00494382022472,6.3225,19.0975,178
St. Louis,213,12.775337078651686,6.0175,19.0975,178
St. Louis,214,12.497039106145253,5.515,18.634999999999998,179
St. Louis,215,12.1465,4.9125000000000005,18.18,180
St. Louis,216,11.7392817679558,4.64,17.74,181
St. Louis,217,11.368397790055248,4.6,17.66,181
St. Louis,218,11.062388888888888,4.375,17.1625,180
St. Louis,219,10.84290502793296,4.1899999999999995,16.96,179
St. Louis,220,10.569888268156424,4.12,16.479999999999997,179
St. Louis,221,10.237709497206703,4.1,15.265,179
St. Louis,222,9.939329608938547,4.165,14.905000000000001,179
St. Louis,223,9.733575418994413,4.234999999999999,14.595,179
St. Louis,224,9.468770949720671,4.234999999999999,14.115,179
St. Louis,225,9.143555555555556,4.1125,13.4475,180
St. Louis,226,8.799613259668508,4.09,12.96,181
St. Louis,227,8.50939226519337,3.52,12.42,181
St. Louis,228,8.271160220994474,3.25,11.49,181
St. Louis,229,8.10121546961326,3.02,11.17,181
St. Louis,230,7.9407182320441985,2.78,10.8,181
St. Louis,231,7.878571428571429,2.75,10.5875,182
St. Louis,232,7.82456043956044,2.66,10.762500000000001,182
St. Louis,233,7.828626373626373,2.7849999999999997,10.9425,182
St. Louis,234,7.861483516483516,2.66,11.504999999999999,182
St. Louis,235,7.925824175824176,2.5075,12.0775,182
St. Louis,236,7.977692307692308,2.3525,12.1525,182
St. Louis,237,8.013241758241758,2.75,12.2075,182
St. Louis,238,8.079120879120879,2.94,12.285,182
St. Louis,239,8.244010989010988,3.005,12.4775,182
St. Louis,240,8.378131868131868,2.9025,12.717500000000001,182
St. Louis,241,8.469285714285714,3.005,12.81,182
St. Louis,242,8.596703296703296,3.13,13.627500000000001,182
St. Louis,243,8.734254143646409,3.16,14.74,181
St. Louis,244,8.75353591160221,3.16,15.3,181
St. Louis,245,8.679834254143648,3.12,15.3,181
St. Louis,246,8.50889502762431,3.07,14.77,181
St. Louis,247,8.314309392265194,2.81,14.74,181
St. Louis,248,8.076574585635358,2.54,14.26,181
St. Louis,249,7.755359116022101,2.26,13.98,181
St. Louis,250,7.380989010989009,1.83,13.4925,182
St. Louis,251,7.141703296703296,1.1025,12.815,182
St. Louis,252,6.964450549450549,0.8150000000000001,12.0925,182
St. Louis,253,6.852032967032968,0.7125,11.342500000000001,182
St. Louis,254,6.787747252747254,0.81,11.342500000000001,182
St. Louis,255,6.7930219780219785,0.8225,11.3725,182
St. Louis,256,6.913516483516485,1.0775000000000001,11.32,182
St. Louis,257,7.1035911602209945,1.2,11.35,181
St. Louis,258,7.259611111111111,1.2225,11.3575,180
St. Louis,259,7.445280898876406,1.2075,11.3725,178
St. Louis,260,7.584011299435027,1.26,11.64,177
St. Louis,261,7.705113636363637,1.2525,11.094999999999999,176
St. Louis,262,7.800571428571428,1.3250000000000002,10.68,175
St. Louis,263,7.784885057471264,1.28,10.5675,174
St. Louis,264,7.702873563218392,1.2625,10.5675,174
St. Louis,265,7.603850574712643,1.2525,10.5675,174
St. Louis,266,7.4710857142857146,1.29,10.565000000000001,175
St. Louis,267,7.349828571428571,1.355,10.565000000000001,175
St. Louis,268,7.201714285714287,1.36,10.565000000000001,175
St. Louis,269,7.062857142857143,1.31,10.469999999999999,175
St. Louis,270,6.9450857142857165,1.3050000000000002,9.835,175
St. Louis,271,6.830170454545455,1.2575,9.8075,176
St. Louis,272,6.722485875706215,1.11,9.89,177
St. Louis,273,6.606235955056179,0.9775,9.705,178
St. Louis,274,6.524245810055866,0.915,9.885000000000002,179
St. Louis,275,6.467166666666667,0.775,9.797500000000001,180
St. Louis,276,6.4272375690607735,0.5,9.63,181
St. Louis,277,6.450439560439561,0.12,9.5875,182
St. Louis,278,6.482747252747253,0.075,9.592500000000001,182
St. Louis,279,6.559340659340659,0.0,9.592500000000001,182
St. Louis,280,6.718453038674033,-0.01,10.06,181
St. Louis,281,6.872044198895028,-0.01,9.8,181
St. Louis,282,7.025911602209944,-0.06,10.06,181
St. Louis,283,7.165138121546961,0.12,10.09,181
St. Louis,284,7.2590607734806625,-0.06,10.09,181
St. Louis,285,7.393701657458562,0.02,12.1,181
St. Louis,286,7.527182320441989,0.39,12.79,181
St. Louis,287,7.606813186813186,0.4625,12.865,182
St. Louis,288,7.669065934065933,0.4625,12.865,182
St. Louis,289,7.703791208791208,0.4425,13.2025,182
St. Louis,290,7.70554945054945,0.4425,13.2025,182
St. Louis,291,7.685494505494504,0.4575,13.385,182
St. Louis,292,7.609175824175823,0.485,13.887500000000001,182
St. Louis,293,7.485604395604396,0.45,14.09,182
St. Louis,294,7.356923076923077,0.385,14.1575,182
St. Louis,295,7.316043956043956,0.41000000000000003,13.8975,182
St. Louis,296,7.326740331491712,0.48,13.97,181
St. Louis,297,7.301104972375691,0.48,13.67,181
St. Louis,298,7.342444444444445,0.71,13.432500000000001,180
St. Louis,299,7.403743016759776,0.735,13.32,179
St. Louis,300,7.468379888268156,0.735,12.96,179
St. Louis,301,7.5383240223463694,0.775,12.43,179
St. Louis,302,7.536815642458102,0.775,12.115,179
St. Louis,303,7.498833333333333,0.7925,12.0625,180
St. Louis,304,7.524055555555555,0.73,11.9525,180
St. Louis,305,7.531767955801105,0.5,11.67,181
St. Louis,306,7.5467032967032965,0.5225,11.575,182
St. Louis,307,7.6216574585635355,0.61,11.56,181
St. Louis,308,7.648839779005526,0.71,11.54,181
St. Louis,309,7.647292817679558,1.35,11.56,181
St. Louis,310,7.613756906077349,1.75,11.54,181
St. Louis,311,7.568066298342543,2.38,11.14,181
St. Louis,312,7.483314917127072,2.65,11.1,181
St. Louis,313,7.360111111111112,2.755,10.6375,180
St. Louis,314,7.170331491712707,2.65,10.37,181
St. Louis,315,6.962209944751382,2.65,9.87,181
St. Louis,316,6.752486187845304,2.64,9.1,181
St. Louis,317,6.61243093922652,2.64,8.84,181
St. Louis,318,6.476408839779006,2.31,8.27,181
St. Louis,319,6.379889502762431,2.0,8.06,181
St. Louis,320,6.377032967032966,1.9324999999999999,7.9725,182
St. Louis,321,6.390934065934067,1.9324999999999999,7.89,182
St. Louis,322,6.410274725274724,1.8425,7.842499999999999,182
St. Louis,323,6.437472527472528,1.8250000000000002,7.3575,182
St. Louis,324,6.399505494505495,1.7425,7.2125,182
St. Louis,325,6.329725274725276,1.7425,7.1025,182
St. Louis,326,6.235000000000001,1.8125,7.057499999999999,182
St. Louis,327,6.115027624309392,1.82,7.05,181
St. Louis,328,6.017955801104972,1.81,7.06,181
St. Louis,329,5.953259668508287,1.71,7.39,181
St. Louis,330,5.934861878453039,1.47,7.56,181
St. Louis,331,5.99756906077348,1.07,7.85,181
St. Louis,332,6.054999999999999,1.0325,7.965,180
St. Louis,333,6.104413407821229,0.975,8.1,179
St. Louis,334,6.16943820224719,1.0175,8.6475,178
St. Louis,335,6.214269662921348,0.9575,8.6475,178
St. Louis,336,6.2353370786516855,0.88,8.6475,178
St. Louis,337,6.162584269662922,0.5075,8.6475,178
St. Louis,338,5.995786516853933,0.35500000000000004,8.7225,178
St. Louis,339,5.830000000000001,0.04,8.79,179
St. Louis,340,5.642499999999999,-0.23,8.9025,180
St. Louis,341,5.385714285714286,-0.315,9.102500000000001,182
St. Louis,342,5.183204419889503,-0.59,9.21,181
St. Louis,343,4.983555555555555,-0.83,9.3275,180
St. Louis,344,4.831611111111111,-0.9924999999999999,9.305,180
St. Louis,345,4.704944444444445,-1.0325,9.305,180
St. Louis,346,4.648222222222222,-1.0325,8.375,180
St. Louis,347,4.639722222222223,-0.9924999999999999,7.9925,180
St. Louis,348,4.697111111111111,-0.7424999999999999,8.375,180
St. Louis,349,4.734364640883978,-0.6,7.87,181
St. Louis,350,4.769725274725274,-0.45,7.6725,182
St. Louis,351,4.80510989010989,-0.415,7.46,182
St. Louis,352,4.8391758241758245,-0.28,7.3,182
St. Louis,353,4.84456043956044,-0.1875,7.257499999999999,182
St. Louis,354,4.810714285714285,0.0325,7.2875,182
St. Louis,355,4.8018784530386736,0.61,7.22,181
St. Louis,356,4.761381215469613,0.61,7.31,181
St. Louis,357,4.73,0.26,7.31,181
St. Louis,358,4.732265193370165,-0.15,7.22,181
St. Louis,359,4.8036312849162,-0.29,7.3100000000000005,179
St. Louis,360,4.915363128491619,-0.43,7.390000000000001,179
St. Louis,361,5.105195530726257,-0.515,7.535,179
St. Louis,362,5.261336898395722,-0.62,7.62,187
St. Louis,363,5.5111702127659585,-0.65,7.48,188
St. Louis,364,5.755185185185185,-0.59,7.9,189
St. Louis,365,5.923052631578946,-0.5075000000000001,8.02,190
