,MileMarker,thresh_el,LAT,LON
0,229.0,4.300261382421821,30.436121,-91.196946
1,230.0,4.473379907700785,30.450585,-91.196099
2,231.0,4.646498432979749,30.464932,-91.197011
3,232.0,4.819616958258713,30.479417,-91.196847
4,233.0,4.992735483537677,30.494187,-91.19693
5,234.0,5.165854008816641,30.508613,-91.197959
6,235.0,5.338972534095606,30.521159,-91.205158
7,236.0,5.51209105937457,30.51867,-91.22099
8,237.0,5.685209584653534,30.5135,-91.23675
9,238.0,5.858328109932498,30.50819,-91.25247
10,239.0,6.031446635211462,30.5041,-91.26855
11,240.0,6.204565160490426,30.5075,-91.28433
12,241.0,6.37768368576939,30.51918,-91.27857
13,242.0,6.550802211048355,30.52612,-91.26367
14,243.0,6.723920736327319,30.53326,-91.24896
15,244.0,6.897039261606283,30.54495,-91.23944
16,245.0,7.070157786885247,30.55876,-91.24307
17,246.0,7.243276312164211,30.56812,-91.25584
18,247.0,7.416394837443175,30.57258,-91.27139
19,248.0,7.589513362722139,30.57211,-91.28807
20,249.0,7.762631888001103,30.57229,-91.30481
21,250.0,7.935750413280067,30.58006,-91.31739
22,251.0,8.10886893855903,30.5945,-91.3149
23,252.0,8.281987463837995,30.60542,-91.30396
24,253.0,8.455105989116959,30.61865,-91.29554
25,254.0,8.628224514395923,30.63376,-91.29215
26,255.0,8.801343039674887,30.64786,-91.29795
27,256.0,8.974461564953852,30.65388,-91.31214
28,257.0,9.147580090232815,30.65639,-91.32784
29,258.0,9.32069861551178,30.66477,-91.34011
30,259.0,9.493817140790743,30.67905,-91.34297
31,260.0,9.666935666069708,30.69315,-91.34685
32,261.0,9.84005419134867,30.70758,-91.34982
33,262.0,10.013172716627636,30.72167,-91.35363
34,263.0,10.186291241906599,30.73521,-91.35911
35,264.0,10.359409767185564,30.74814,-91.36704
36,265.0,10.532528292464526,30.75757,-91.37992
37,266.0,10.705646817743492,30.75763,-91.39644
38,267.0,10.878765343022456,30.75148,-91.41165
39,268.0,11.05188386830142,30.74397,-91.42604
40,269.0,11.225002393580384,30.73757,-91.44128
41,270.0,11.398120918859348,30.73612,-91.45764
42,271.0,11.571239444138312,30.74273,-91.47267
43,272.0,11.744357969417276,30.74518,-91.48894
44,273.0,11.91747649469624,30.74322,-91.50547
45,274.0,12.090595019975204,30.73794,-91.52124
46,275.0,12.263713545254168,30.73252,-91.53683
47,276.0,12.436832070533132,30.73063,-91.55326
48,277.0,12.609950595812096,30.73453,-91.56946
49,278.0,12.78306912109106,30.74245,-91.58373
50,279.0,12.956187646370024,30.7526,-91.59534
51,280.0,13.129306171648988,30.76643,-91.59532
52,281.0,13.302424696927952,30.77386,-91.58116
53,282.0,13.475543222206918,30.77671,-91.5646
54,283.0,13.648661747485882,30.78188,-91.54934
55,284.0,13.821780272764846,30.79322,-91.53913
56,285.0,13.99489879804381,30.80731,-91.53424
57,286.0,14.168017323322774,30.82135,-91.52994
58,287.0,14.341135848601738,30.83501,-91.52436
59,288.0,14.514254373880702,30.84915,-91.51914
60,289.0,14.687372899159666,30.86287,-91.51531
61,290.0,14.86049142443863,30.87728,-91.51634
62,291.0,15.033609949717594,30.89135,-91.5208
63,292.0,15.206728474996558,30.90383,-91.52934
64,293.0,15.379847000275522,30.91314,-91.54219
65,294.0,15.552965525554486,30.91838,-91.55789
66,295.0,15.72608405083345,30.91646,-91.57473
67,296.0,15.899202576112414,30.91513,-91.59175
68,297.0,16.072321101391378,30.91631,-91.60866
69,298.0,16.24543962667034,30.91933,-91.62505
70,299.0,16.418558151949306,30.92637,-91.63962
71,300.0,16.59167667722827,30.93777,-91.65008
72,301.0,16.764795202507234,30.950393,-91.656845
73,302.0,16.937913727786196,30.96388,-91.66195
74,303.0,17.11103225306516,30.97835,-91.66353
75,304.0,17.284150778344127,30.99141,-91.65809
76,305.0,17.457269303623093,30.99836,-91.6433
77,306.0,17.630387828902055,31.00439,-91.62804
78,307.0,17.803506354181017,31.00918,-91.61197
79,308.0,17.976624879459983,31.01463,-91.59626
80,309.0,18.14974340473895,31.02168,-91.58146
81,310.0,18.32286193001791,31.03182,-91.56941
82,311.0,18.495980455296873,31.04522,-91.56196
83,312.0,18.66909898057584,31.05909,-91.56014
84,313.0,18.842217505854805,31.0708,-91.56977
85,314.0,19.015336031133767,31.08077,-91.58207
86,315.0,19.18845455641273,31.09041,-91.59472
87,316.0,19.361573081691695,31.10017,-91.60732
88,317.0,19.53469160697066,31.10864,-91.62009
89,318.0,19.707810132249623,31.12213,-91.62627
90,319.0,19.880928657528585,31.13619,-91.62172
91,320.0,20.05404718280755,31.14721,-91.6109
92,321.0,20.227165708086517,31.15779,-91.59928
93,322.0,20.40028423336548,31.17088,-91.59192
94,323.0,20.573402758644445,31.18492,-91.58837
95,324.0,20.746521283923407,31.19882,-91.59231
96,325.0,20.919639809202373,31.21013,-91.603118
97,326.0,21.092758334481335,31.219428,-91.615412
98,327.0,21.2658768597603,31.227533,-91.629266
99,328.0,21.438995385039263,31.234903,-91.643866
100,329.0,21.61211391031823,31.246679,-91.653244
101,330.0,21.78523243559719,31.260368,-91.650288
102,331.0,21.958350960876157,31.267978,-91.636282
103,332.0,22.13146948615512,31.267491,-91.619632
104,333.0,22.304588011434085,31.264484,-91.60384
105,334.0,22.477706536713047,31.261949,-91.587268
106,335.0,22.650825061992013,31.261363,-91.570349
107,336.0,22.82394358727098,31.262458,-91.55359
108,337.0,22.99706211254994,31.265166,-91.537161
109,338.0,23.170180637828906,31.271905,-91.522406
110,339.0,23.34329916310787,31.284309,-91.513941
111,340.0,23.516417688386834,31.298713,-91.510104
112,341.0,23.689536213665797,31.313082,-91.508982
113,342.0,23.862654738944762,31.327403,-91.506849
114,343.0,24.035773264223725,31.341228,-91.500294
115,344.0,24.20889178950269,31.3546,-91.494587
116,345.0,24.382010314781652,31.364966,-91.483059
117,346.0,24.55512884006062,31.373776,-91.46937
118,347.0,24.72824736533958,31.387021,-91.463308
119,348.0,24.901365890618546,31.400412,-91.469198
120,349.0,25.07448441589751,31.410883,-91.480908
121,350.0,25.247602941176474,31.419584,-91.494169
122,351.0,25.420721466455436,31.429136,-91.506832
123,352.0,25.593839991734402,31.44132,-91.515588
124,353.0,25.766958517013364,31.455679,-91.5176
125,354.0,25.94007704229233,31.470463,-91.518506
126,355.0,26.113195567571292,31.484896,-91.517289
127,356.0,26.286314092850258,31.499369,-91.514994
128,357.0,26.459432618129224,31.513047,-91.50972
129,358.0,26.632551143408186,31.522269,-91.497139
130,359.0,26.805669668687152,31.529084,-91.482152
131,360.0,26.978788193966114,31.53421,-91.466441
132,361.0,27.15190671924508,31.539645,-91.450579
133,362.0,27.325025244524042,31.547694,-91.436407
134,363.0,27.498143769803008,31.556555,-91.42381
135,364.0,27.940800134740627,31.566304,-91.411355
136,365.0,28.210337974399284,31.579804,-91.405182
137,366.0,28.47987581405794,31.594123,-91.405235
138,367.0,28.749413653716598,31.608648,-91.404899
139,368.0,29.018951493375255,31.622941,-91.402147
140,369.0,29.288489333033912,31.637133,-91.398711
141,370.0,29.55802717269257,31.65161,-91.397566
142,371.0,29.827565012351226,31.66615,-91.399315
143,372.0,30.097102852009883,31.680569,-91.40061
144,373.0,30.36664069166854,31.69489,-91.401158
145,374.0,30.636178531327197,31.708883,-91.397123
146,375.0,30.905716370985854,31.721385,-91.38891
147,376.0,31.17525421064451,31.734004,-91.380144
148,377.0,31.44479205030317,31.746747,-91.371786
149,378.0,31.714329889961824,31.760299,-91.366252
150,379.0,31.983867729620485,31.77462,-91.363032
151,380.0,32.25340556927914,31.789172,-91.362289
152,381.0,32.5229434089378,31.803464,-91.358943
153,382.0,32.79248124859645,31.81753,-91.354106
154,383.0,33.06201908825511,31.831366,-91.349584
155,384.0,33.331556927913766,31.845231,-91.344424
156,385.0,33.60109476757243,31.853754,-91.330712
157,386.0,33.87063260723108,31.855868,-91.314289
158,387.0,34.14017044688974,31.856124,-91.297074
159,388.0,34.409708286548394,31.857204,-91.280148
160,389.0,34.679246126207055,31.86061,-91.263607
161,390.0,34.94878396586571,31.86655,-91.248102
162,391.0,35.21832180552437,31.874349,-91.234211
163,392.0,35.48785964518302,31.883476,-91.221735
164,393.0,35.75739748484168,31.893644,-91.209545
165,394.0,36.02693532450034,31.905984,-91.20057
166,395.0,36.296473164158996,31.919803,-91.19597
167,396.0,36.56601100381765,31.934212,-91.19306
168,397.0,36.83554884347631,31.948808,-91.190652
169,398.0,37.10508668313497,31.962978,-91.187624
170,399.0,37.374624522793624,31.97737,-91.177202
171,400.0,37.64416236245228,31.98244,-91.164076
172,401.0,37.91370020211094,31.983381,-91.146997
173,402.0,38.1832380417696,31.983428,-91.129916
174,403.0,38.45277588142825,31.984226,-91.112941
175,404.0,38.72231372108691,31.990008,-91.097669
176,405.0,38.991851560745566,32.000927,-91.08639
177,406.0,39.26138940040423,32.013034,-91.076983
178,407.0,39.53092724006288,32.026911,-91.073299
179,408.0,39.80046507972154,32.041319,-91.073953
180,409.0,40.070002919380194,32.055563,-91.077572
181,410.0,40.339540759038854,32.069767,-91.081091
182,411.0,40.60907859869751,32.083684,-91.085746
183,412.0,40.87861643835617,32.096429,-91.093672
184,413.0,41.14815427801482,32.108981,-91.102914
185,414.0,41.41769211767348,32.122711,-91.108378
186,415.0,41.687229957332136,32.136178,-91.103949
187,416.0,41.956767796990796,32.139726,-91.088174
188,417.0,42.22630563664945,32.132585,-91.073018
189,418.0,42.49584347630811,32.124926,-91.059091
190,419.0,42.76538131596676,32.120115,-91.042976
191,420.0,43.034919155625424,32.121219,-91.026219
192,421.0,43.304456995284085,32.129705,-91.012594
193,422.0,43.57399483494274,32.142815,-91.005481
194,423.0,43.84353267460139,32.157143,-91.002789
195,424.0,44.11307051426005,32.171499,-91.00041
196,425.0,44.38260835391871,32.185883,-90.997341
197,426.0,44.652146193577366,32.199592,-90.991719
198,427.0,44.92168403323602,32.213344,-90.98614
199,428.0,45.19122187289468,32.227743,-90.984848
200,429.0,45.46075971255334,32.241641,-90.981837
201,430.0,45.730297552211994,32.254303,-90.9733
202,431.0,45.99983539187065,32.266101,-90.963198
203,432.0,46.26937323152931,32.276658,-90.951717
204,433.0,46.53891107118797,32.286017,-90.938616
205,434.0,46.80844891084662,32.295262,-90.925412
206,435.0,47.077986750505275,32.305354,-90.91277
207,436.0,47.660995901639346,32.317297,-90.903148
208,437.0,47.97446721311476,32.3313,-90.901117
209,438.0,48.28793852459017,32.34114,-90.913197
210,439.0,48.60140983606557,32.345289,-90.929577
211,440.0,48.91488114754098,32.3472,-90.946452
212,441.0,49.22835245901639,32.348696,-90.963235
213,442.0,49.5418237704918,32.349538,-90.980252
214,443.0,49.85529508196721,32.353003,-90.996762
215,444.0,50.168766393442624,32.364377,-91.006529
216,445.0,50.482237704918035,32.377943,-91.001057
217,446.0,50.795709016393445,32.391393,-90.994846
218,447.0,51.109180327868856,32.405679,-90.993977
219,448.0,51.42265163934426,32.418176,-91.002386
220,449.0,51.73612295081967,32.427169,-91.01572
221,450.0,52.04959426229508,32.432665,-91.031469
222,451.0,52.36306557377049,32.436057,-91.048009
223,452.0,52.6765368852459,32.441003,-91.064312
224,453.0,52.99000819672131,32.448098,-91.07878
225,454.0,53.30347950819672,32.456551,-91.092809
226,455.0,53.61695081967213,32.466762,-91.105052
227,456.0,53.93042213114754,32.478599,-91.114744
228,457.0,54.24389344262295,32.492689,-91.118625
229,458.0,54.55736475409836,32.506874,-91.11514
230,459.0,54.87083606557377,32.519294,-91.106309
231,460.0,55.18430737704918,32.532431,-91.099672
232,461.0,55.49777868852459,32.546948,-91.09862
233,462.0,55.81125,32.560985,-91.10231
234,463.0,56.12472131147541,32.573601,-91.110949
235,464.0,56.43819262295082,32.583424,-91.123554
236,465.0,56.751663934426226,32.593156,-91.13632
237,466.0,57.06513524590164,32.604641,-91.146761
238,467.0,57.37860655737705,32.61796,-91.153119
239,468.0,57.69207786885246,32.632212,-91.15353
240,469.0,58.00554918032787,32.645066,-91.145866
241,470.0,58.31902049180327,32.655924,-91.134434
242,471.0,58.63249180327868,32.665124,-91.121078
243,472.0,58.94596311475409,32.671194,-91.105761
244,473.0,59.259434426229504,32.676398,-91.089678
245,474.0,59.572905737704914,32.683835,-91.075114
246,475.0,59.886377049180325,32.694816,-91.064144
247,476.0,60.199848360655736,32.70776,-91.056599
248,477.0,60.513319672131146,32.721977,-91.053986
249,478.0,60.82679098360656,32.731902,-91.065898
250,479.0,61.14026229508197,32.734144,-91.082577
251,480.0,61.45373360655738,32.734734,-91.099822
252,481.0,61.76720491803278,32.733376,-91.116669
253,482.0,62.08067622950819,32.73209,-91.133745
254,483.0,62.3941475409836,32.73784,-91.148949
255,484.0,62.78577981631574,32.750881,-91.156327
256,485.0,63.17741209164787,32.765365,-91.157811
257,486.0,63.56904436698,32.779803,-91.156752
258,487.0,63.96067664231213,32.794148,-91.154768
259,488.0,64.35230891764427,32.808523,-91.151739
260,489.0,64.7439411929764,32.822308,-91.146676
261,490.0,65.13557346830852,32.835173,-91.138429
262,491.0,65.52720574364066,32.845229,-91.126053
263,492.0,65.91883801897279,32.854285,-91.112897
264,493.0,66.31047029430492,32.863391,-91.099553
265,494.0,66.70210256963706,32.873401,-91.087017
266,495.0,67.09373484496919,32.884348,-91.075952
267,496.0,67.48536712030132,32.896862,-91.067225
268,497.0,67.87699939563345,32.911288,-91.064344
269,498.0,68.26863167096559,32.925583,-91.06675
270,499.0,68.66026394629772,32.937858,-91.075547
271,500.0,69.05189622162985,32.946205,-91.089678
272,501.0,69.44352849696199,32.951921,-91.105023
273,502.0,69.83516077229412,32.955079,-91.121984
274,503.0,70.22679304762624,32.958177,-91.138908
275,504.0,70.61842532295837,32.962559,-91.154862
276,505.0,71.01005759829052,32.975932,-91.160673
277,506.0,71.40168987362264,32.990443,-91.161663
278,507.0,71.79332214895477,33.00454,-91.158153
279,508.0,72.1849544242869,33.017921,-91.151586
280,509.0,72.57658669961904,33.032197,-91.151538
281,510.0,72.96821897495117,33.046262,-91.155961
282,511.0,73.3598512502833,33.060361,-91.159957
283,512.0,73.75148352561544,33.074344,-91.164637
284,513.0,74.14311580094757,33.08871,-91.167655
285,514.0,74.5347480762797,33.102102,-91.162678
286,515.0,74.92638035161183,33.110517,-91.148812
287,516.0,75.31801262694397,33.113704,-91.132058
288,517.0,75.7096449022761,33.115422,-91.115358
289,518.0,76.10127717760822,33.121679,-91.099675
290,519.0,76.49290945294035,33.133279,-91.089633
291,520.0,76.8845417282725,33.14748,-91.08443
292,521.0,77.27617400360462,33.16202,-91.08225
293,522.0,77.66780627893675,33.17649,-91.08173
294,523.0,78.0594385542689,33.19068,-91.0852
295,524.0,78.45107082960102,33.2043,-91.09127
296,525.0,78.84270310493315,33.2174,-91.09898
297,526.0,79.23433538026529,33.23029,-91.10746
298,527.0,79.62596765559742,33.24282,-91.11597
299,528.0,80.01759993092955,33.25516,-91.12457
300,529.0,80.40923220626168,33.26683,-91.13464
301,530.0,80.8008644815938,33.27815,-91.14563
302,531.0,81.19249675692595,33.28925,-91.15674
303,532.0,82.11136955755333,33.30052,-91.16747
304,533.0,82.63861008284859,33.31408,-91.17284
305,534.0,83.16585060814386,33.32693,-91.16505
306,535.0,83.69309113343911,33.3373,-91.15326
307,536.0,84.22033165873437,33.34784,-91.14134
308,537.0,84.74757218402962,33.35888,-91.13025
309,538.0,85.27481270932488,33.37031,-91.11946
310,539.0,85.80205323462015,33.38186,-91.10939
311,540.0,86.3292937599154,33.3963,-91.10973
312,541.0,86.85653428521066,33.41084,-91.11114
313,542.0,87.38377481050591,33.42523,-91.11294
314,543.0,87.91101533580118,33.43961,-91.11492
315,544.0,88.43825586109644,33.45378,-91.1191
316,545.0,88.96549638639169,33.46669,-91.12683
317,546.0,89.49273691168695,33.47815,-91.13746
318,547.0,90.0199774369822,33.488,-91.15002
319,548.0,90.54721796227747,33.49653,-91.1642
320,549.0,91.07445848757273,33.50469,-91.17837
321,550.0,91.60169901286798,33.51283,-91.19264
322,551.0,92.12893953816324,33.5215,-91.20653
323,552.0,92.65618006345849,33.53157,-91.21886
324,553.0,93.18342058875376,33.54396,-91.22757
325,554.0,93.71066111404902,33.55775,-91.23252
326,555.0,94.40623479640404,33.5679,-91.22174
327,556.0,94.57456795346378,33.56822,-91.2046
328,557.0,94.74290111052355,33.56795,-91.18731
329,558.0,94.9112342675833,33.5703,-91.17031
330,559.0,95.07956742464306,33.57731,-91.1552
331,560.0,95.24790058170281,33.58752,-91.143
332,561.0,95.41623373876257,33.59904,-91.13253
333,562.0,95.58456689582232,33.61331,-91.13067
334,563.0,95.75290005288208,33.62663,-91.1371
335,564.0,95.92123320994183,33.6356,-91.15057
336,565.0,96.0895663670016,33.644,-91.16474
337,566.0,96.25789952406134,33.65221,-91.17892
338,567.0,96.4262326811211,33.65686,-91.19527
339,568.0,96.59456583818086,33.65983,-91.21225
340,569.0,96.76289899524062,33.66943,-91.22485
341,570.0,96.93123215230037,33.68353,-91.22771
342,571.0,97.09956530936013,33.69535,-91.21881
343,572.0,97.26789846641988,33.70087,-91.2029
344,573.0,97.43623162347964,33.70172,-91.18549
345,574.0,97.60456478053939,33.70436,-91.16853
346,575.0,97.77289793759915,33.71281,-91.15482
347,576.0,97.9412310946589,33.72599,-91.14803
348,577.0,98.10956425171867,33.74025,-91.14511
349,578.0,98.27789740877841,33.75336,-91.13778
350,579.0,98.44623056583818,33.76437,-91.12641
351,580.0,98.61456372289793,33.77076,-91.11105
352,581.0,98.78289687995769,33.77296,-91.09388
353,582.0,98.95123003701744,33.77515,-91.0768
354,583.0,99.1195631940772,33.77791,-91.0598
355,584.0,99.28789635113696,33.78514,-91.04507
356,585.0,99.96802001088297,33.79917,-91.04385
357,586.0,100.47981051356922,33.81321,-91.04858
358,587.0,100.99160101625549,33.82592,-91.05678
359,588.0,101.50339151894174,33.83839,-91.06554
360,589.0,102.015182021628,33.85251,-91.06634
361,590.0,102.52697252431426,33.86641,-91.06127
362,591.0,103.03876302700051,33.8797,-91.05441
363,592.0,103.55055352968677,33.89112,-91.04379
364,593.0,104.06234403237302,33.90228,-91.03256
365,594.0,104.57413453505927,33.91409,-91.02257
366,595.0,105.08592503774554,33.92828,-91.01769
367,596.0,105.59771554043179,33.93914,-91.02956
368,597.0,106.10950604311805,33.94617,-91.045
369,598.0,106.62129654580431,33.95113,-91.06142
370,599.0,107.13308704849057,33.95584,-91.07796
371,600.0,107.64487755117682,33.967108,-91.08517
372,601.0,108.15666805386307,33.98012,-91.07742
373,602.0,108.66845855654933,33.98841,-91.06355
374,603.0,109.18024905923559,33.99269,-91.04699
375,604.0,109.69203956192185,33.99672,-91.03011
376,605.0,110.2038300646081,34.00385,-91.01497
377,606.0,110.71562056729437,34.01262,-91.00111
378,607.0,111.22741106998062,34.02014,-90.98621
379,608.0,111.73920157266687,34.02298,-90.96938
380,609.0,112.25099207535312,34.02122,-90.95205
381,610.0,112.76278257803938,34.02068,-90.93507
382,611.0,113.27457308072565,34.02173,-90.9174
383,612.0,113.7863635834119,34.0252,-90.9006
384,613.0,114.29815408609815,34.03742,-90.89298
385,614.0,114.80994458878442,34.05172,-90.89503
386,615.0,115.32173509147067,34.06542,-90.90094
387,616.0,115.83352559415692,34.07891,-90.90732
388,617.0,116.34531609684318,34.09093,-90.9166
389,618.0,116.85710659952943,34.10051,-90.92999
390,619.0,117.3688971022157,34.10953,-90.94342
391,620.0,117.88068760490195,34.12127,-90.95307
392,621.0,118.3924781075882,34.13553,-90.95093
393,622.0,118.90426861027447,34.14719,-90.94093
394,623.0,119.41605911296072,34.15649,-90.92752
395,624.0,119.92784961564698,34.16418,-90.91275
396,625.0,120.43964011833323,34.17349,-90.89942
397,626.0,120.95143062101948,34.18279,-90.88615
398,627.0,121.46322112370575,34.18822,-90.86989
399,628.0,121.975011626392,34.19757,-90.85661
400,629.0,122.48680212907826,34.2089,-90.84559
401,630.0,122.99859263176452,34.22243,-90.83965
402,631.0,123.51038313445078,34.23663,-90.839
403,632.0,124.02217363713703,34.25126,-90.83643
404,633.0,124.53396413982328,34.26543,-90.8334
405,634.0,125.04575464250954,34.27579,-90.82266
406,635.0,125.5575451451958,34.27789,-90.80548
407,636.0,126.06933564788206,34.2776,-90.78801
408,637.0,126.58112615056831,34.27864,-90.77052
409,638.0,127.09291665325458,34.28597,-90.75694
410,639.0,127.60470715594083,34.29286,-90.7398
411,640.0,128.11649765862708,34.30825,-90.73951
412,641.0,128.62828816131335,34.32243,-90.74341
413,642.0,129.1400786639996,34.33392,-90.75387
414,643.0,129.65186916668586,34.3444,-90.76604
415,644.0,130.16365966937212,34.35839,-90.76858
416,645.0,130.67545017205836,34.36734,-90.75574
417,646.0,131.18724067474463,34.36611,-90.73863
418,647.0,131.69903117743087,34.36208,-90.72176
419,648.0,132.21082168011714,34.36454,-90.70467
420,649.0,132.7226121828034,34.36926,-90.68798
421,650.0,133.23440268548964,34.37496,-90.67201
422,651.0,133.7461931881759,34.38249,-90.6573
423,652.0,134.25798369086215,34.38288,-90.63978
424,653.0,135.11400000000003,34.38669,-90.62321
425,654.0,135.45822580645165,34.39339,-90.60758
426,655.0,135.80245161290327,34.40236,-90.59393
427,656.0,136.14667741935486,34.41502,-90.58453
428,657.0,136.49090322580648,34.42965,-90.58368
429,658.0,136.8351290322581,34.44402,-90.58207
430,659.0,137.1793548387097,34.458,-90.58621
431,660.0,137.52358064516133,34.47222,-90.58996
432,661.0,137.86780645161292,34.48648,-90.59077
433,662.0,138.21203225806454,34.50031,-90.58632
434,663.0,138.55625806451616,34.51419,-90.58062
435,664.0,139.34780645161294,34.52366,-90.56765
436,665.0,139.7951290322581,34.53176,-90.553
437,666.0,140.24245161290327,34.54476,-90.54434
438,667.0,140.6897741935484,34.55938,-90.54592
439,668.0,141.13709677419357,34.57161,-90.55228
440,669.0,141.58441935483873,34.58249,-90.5629
441,670.0,142.0317419354839,34.59322,-90.57433
442,671.0,142.47906451612906,34.60594,-90.58292
443,672.0,142.92638709677422,34.6195,-90.58868
444,673.0,143.37370967741936,34.63374,-90.587
445,674.0,143.82103225806452,34.64791,-90.58357
446,675.0,144.26835483870968,34.66125,-90.5769
447,676.0,144.71567741935485,34.67419,-90.56919
448,677.0,145.163,34.6887,-90.56864
449,678.0,145.61032258064517,34.70315,-90.56948
450,679.0,146.0576451612903,34.71758,-90.56834
451,680.0,146.50496774193547,34.73199,-90.56655
452,681.0,146.95229032258064,34.742,-90.55522
453,682.0,147.3996129032258,34.73959,-90.53822
454,683.0,147.84693548387096,34.73327,-90.52235
455,684.0,148.29425806451613,34.7252,-90.50768
456,685.0,148.74158064516126,34.72414,-90.4902
457,686.0,149.18890322580643,34.72677,-90.47295
458,687.0,149.6362258064516,34.73213,-90.45669
459,688.0,150.60117183078663,34.7445,-90.44826
460,689.0,151.1187952744765,34.7582,-90.4519
461,690.0,151.63641871816637,34.77034,-90.46153
462,691.0,152.15404216185624,34.78273,-90.47056
463,692.0,152.6716656055461,34.79667,-90.47398
464,693.0,153.18928904923598,34.81029,-90.46806
465,694.0,153.70691249292585,34.81671,-90.45295
466,695.0,154.22453593661572,34.82115,-90.43624
467,696.0,154.7421593803056,34.82718,-90.42015
468,697.0,155.25978282399547,34.83661,-90.40679
469,698.0,155.77740626768534,34.84398,-90.39155
470,699.0,156.2950297113752,34.85049,-90.37594
471,700.0,156.81265315506505,34.8553,-90.35941
472,701.0,157.33027659875492,34.85867,-90.34225
473,702.0,157.8479000424448,34.8646,-90.32642
474,703.0,158.36552348613466,34.87244,-90.31129
475,704.0,158.88314692982453,34.8795,-90.29594
476,705.0,159.4007703735144,34.88478,-90.27953
477,706.0,159.91839381720428,34.8914,-90.26389
478,707.0,160.43601726089415,34.90092,-90.25085
479,708.0,160.95364070458402,34.91368,-90.24268
480,709.0,161.4712641482739,34.92817,-90.24241
481,710.0,161.98888759196376,34.94263,-90.24361
482,711.0,162.50651103565363,34.95438,-90.25337
483,712.0,163.0241344793435,34.96035,-90.26932
484,713.0,163.54175792303337,34.9689,-90.28357
485,714.0,164.05938136672324,34.97871,-90.29624
486,715.0,164.57700481041311,34.99199,-90.30323
487,716.0,165.094628254103,35.00567,-90.29867
488,717.0,165.61225169779286,35.01579,-90.28619
489,718.0,166.12987514148273,35.02112,-90.27024
490,719.0,166.6474985851726,35.02047,-90.25266
491,720.0,167.16512202886247,35.01978,-90.23502
492,721.0,167.6827454725523,35.02287,-90.2178
493,722.0,168.2003689162422,35.03085,-90.2032
494,723.0,168.71799235993205,35.04206,-90.19213
495,724.0,169.23561580362193,35.0543,-90.18288
496,725.0,169.7532392473118,35.06833,-90.17878
497,726.0,170.27086269100167,35.08282,-90.18038
498,727.0,170.78848613469154,35.09723,-90.17928
499,728.0,171.3061095783814,35.11153,-90.1757
500,729.0,171.82373302207128,35.12352,-90.16625
501,730.0,172.34135646576115,35.13084,-90.15118
502,731.0,172.85897990945102,35.13109,-90.13384
503,732.0,173.3766033531409,35.12471,-90.11812
504,733.0,173.89422679683076,35.11843,-90.10237
505,734.0,174.41185024052064,35.12115,-90.08556
506,735.0,175.42951259762307,35.13128,-90.07279
507,736.0,175.92955151103564,35.1439,-90.06493
508,737.0,176.4295904244482,35.15843,-90.06438
509,738.0,176.92962933786077,35.17294,-90.06313
510,739.0,177.4296682512733,35.18755,-90.06245
511,740.0,177.92970716468588,35.2019,-90.06327
512,741.0,178.42974607809845,35.21515,-90.07026
513,742.0,178.929784991511,35.22745,-90.07988
514,743.0,179.42982390492358,35.24012,-90.0884
515,744.0,179.92986281833615,35.25312,-90.09617
516,745.0,180.4299017317487,35.26627,-90.10334
517,746.0,180.92994064516128,35.28042,-90.10733
518,747.0,181.42997955857385,35.29485,-90.10757
519,748.0,181.93001847198641,35.30939,-90.10694
520,749.0,182.43005738539895,35.3237,-90.10404
521,750.0,182.93009629881152,35.33697,-90.09701
522,751.0,183.4301352122241,35.35114,-90.09406
523,752.0,183.93017412563665,35.36466,-90.08777
524,753.0,184.43021303904922,35.37756,-90.07984
525,754.0,184.9302519524618,35.39037,-90.07133
526,755.0,185.43029086587435,35.40143,-90.05995
527,756.0,185.93032977928692,35.41015,-90.04585
528,757.0,186.4303686926995,35.41747,-90.03052
529,758.0,186.93040760611206,35.42365,-90.01457
530,759.0,187.4304465195246,35.43208,-90.00036
531,760.0,187.93048543293716,35.44598,-89.99688
532,761.0,188.43052434634973,35.46025,-89.99907
533,762.0,188.9305632597623,35.47432,-90.00364
534,763.0,189.43060217317486,35.48755,-90.01067
535,764.0,189.93064108658743,35.50206,-90.01206
536,765.0,190.43068,35.51421,-90.00317
537,766.0,190.93071891341256,35.52127,-89.98791
538,767.0,191.43075782682513,35.52322,-89.97039
539,768.0,191.93079674023767,35.5213,-89.95285
540,769.0,192.43083565365026,35.51791,-89.93571
541,770.0,192.9308745670628,35.51302,-89.91926
542,771.0,193.43091348047537,35.51962,-89.90397
543,772.0,193.93095239388794,35.53352,-89.89974
544,773.0,194.4309913073005,35.54787,-89.90078
545,774.0,194.93103022071307,35.56196,-89.90436
546,775.0,195.43106913412564,35.57647,-89.90462
547,776.0,195.9311080475382,35.59099,-89.90331
548,777.0,196.43114696095077,35.60522,-89.90032
549,778.0,196.93118587436334,35.61781,-89.89174
550,779.0,197.43122478777588,35.62575,-89.87729
551,780.0,197.93126370118844,35.6378,-89.87743
552,781.0,198.431302614601,35.64677,-89.89149
553,782.0,198.93134152801358,35.65269,-89.90742
554,783.0,199.43138044142614,35.6594,-89.92324
555,784.0,200.48611269466073,35.67017,-89.93441
556,785.0,201.04080603448276,35.68367,-89.94072
557,786.0,201.59549937430478,35.6978,-89.94394
558,787.0,202.1501927141268,35.71173,-89.93945
559,788.0,202.70488605394883,35.72209,-89.92744
560,789.0,203.25957939377085,35.72717,-89.91107
561,790.0,203.81427273359287,35.72854,-89.8934
562,791.0,204.3689660734149,35.73195,-89.87615
563,792.0,204.92365941323692,35.73748,-89.85961
564,793.0,205.47835275305894,35.7437,-89.84373
565,794.0,206.03304609288097,35.74818,-89.82665
566,795.0,206.58773943270302,35.75506,-89.81096
567,796.0,207.14243277252504,35.76359,-89.79652
568,797.0,207.69712611234706,35.77266,-89.78265
569,798.0,208.2518194521691,35.78172,-89.76867
570,799.0,208.8065127919911,35.79087,-89.75488
571,800.0,209.36120613181313,35.79824,-89.73965
572,801.0,209.91589947163516,35.80529,-89.72392
573,802.0,210.47059281145718,35.81295,-89.70903
574,803.0,211.0252861512792,35.82475,-89.69958
575,804.0,211.57997949110123,35.83762,-89.70663
576,805.0,212.13467283092325,35.84505,-89.72193
577,806.0,212.68936617074527,35.85072,-89.73827
578,807.0,213.2440595105673,35.8567,-89.75449
579,808.0,213.79875285038932,35.86619,-89.76733
580,809.0,214.35344619021134,35.88055,-89.76814
581,810.0,214.90813953003337,35.8939,-89.76173
582,811.0,215.4628328698554,35.90515,-89.75059
583,812.0,216.0175262096774,35.90964,-89.73432
584,813.0,216.57221954949944,35.90488,-89.71756
585,814.0,217.1269128893215,35.89757,-89.7023
586,815.0,217.68160622914348,35.88791,-89.68901
587,816.0,218.23629956896553,35.8788,-89.67501
588,817.0,218.79099290878756,35.87817,-89.65776
589,818.0,219.34568624860958,35.88818,-89.64545
590,819.0,219.9003795884316,35.90239,-89.64215
591,820.0,220.45507292825363,35.91709,-89.6434
592,821.0,221.00976626807565,35.92804,-89.65388
593,822.0,221.56445960789767,35.93596,-89.66881
594,823.0,222.1191529477197,35.94456,-89.68303
595,824.0,222.67384628754172,35.9531,-89.69747
596,825.0,223.22853962736374,35.96113,-89.71228
597,826.0,223.78323296718577,35.97291,-89.72188
598,827.0,224.3379263070078,35.98721,-89.7225
599,828.0,224.89261964682981,35.99961,-89.71395
600,829.0,225.44731298665184,36.01065,-89.7022
601,830.0,226.00200632647386,36.02219,-89.69138
602,831.0,226.55669966629588,36.036,-89.68735
603,832.0,227.1113930061179,36.05036,-89.68564
604,833.0,227.66608634593993,36.06459,-89.68225
605,834.0,228.22077968576195,36.07913,-89.68106
606,835.0,228.775473025584,36.09249,-89.67476
607,836.0,229.330166365406,36.10033,-89.66053
608,837.0,229.88485970522805,36.10215,-89.64291
609,838.0,230.43955304505008,36.10781,-89.62661
610,839.0,230.9942463848721,36.11553,-89.61161
611,840.0,231.54893972469412,36.12397,-89.59739
612,841.0,232.10363306451615,36.13784,-89.59353
613,842.0,232.65832640433817,36.15244,-89.59481
614,843.0,233.2130197441602,36.16492,-89.60334
615,844.0,233.76771308398222,36.17599,-89.61496
616,845.0,234.32240642380424,36.18505,-89.62885
617,846.0,234.87709976362626,36.19355,-89.64337
618,847.0,235.7745483870968,36.2029,-89.65702
619,848.0,236.1173036707453,36.21126,-89.67165
620,849.0,236.4600589543938,36.22107,-89.68473
621,850.0,236.8028142380423,36.23412,-89.68297
622,851.0,237.1455695216908,36.24355,-89.66955
623,852.0,237.4883248053393,36.25051,-89.65372
624,853.0,237.8310800889878,36.25242,-89.63635
625,854.0,238.1738353726363,36.24392,-89.62225
626,855.0,238.5165906562848,36.23898,-89.60596
627,856.0,238.8593459399333,36.24118,-89.58826
628,857.0,239.2021012235818,36.24731,-89.57203
629,858.0,239.5448565072303,36.25857,-89.56126
630,859.0,239.8876117908788,36.27271,-89.55911
631,860.0,240.2303670745273,36.28421,-89.56956
632,861.0,240.5731223581758,36.29264,-89.5843
633,862.0,240.91587764182427,36.30035,-89.5994
634,863.0,241.25863292547277,36.31094,-89.61163
635,864.0,241.60138820912127,36.3245,-89.61761
636,865.0,241.94414349276977,36.33936,-89.61462
637,866.0,242.28689877641827,36.34381,-89.59888
638,867.0,242.62965406006677,36.34323,-89.58099
639,868.0,242.97240934371527,36.33925,-89.56382
640,869.0,243.31516462736377,36.33535,-89.54656
641,870.0,243.65791991101227,36.3391,-89.52976
642,871.0,244.00067519466077,36.35041,-89.5186
643,872.0,244.34343047830927,36.36409,-89.51274
644,873.0,244.68618576195777,36.37833,-89.51066
645,874.0,245.02894104560627,36.39185,-89.51682
646,875.0,245.37169632925477,36.40362,-89.52721
647,876.0,246.17834792626732,36.41593,-89.53681
648,877.0,246.64224423963137,36.42893,-89.54465
649,878.0,247.1061405529954,36.44243,-89.5405
650,879.0,247.5700368663595,36.45211,-89.52717
651,880.0,248.03393317972353,36.46544,-89.5202
652,881.0,248.49782949308758,36.47949,-89.52197
653,882.0,248.96172580645162,36.4909,-89.53235
654,883.0,249.42562211981567,36.50275,-89.54328
655,884.0,249.88951843317972,36.51489,-89.55308
656,885.0,250.35341474654376,36.52808,-89.56033
657,886.0,250.81731105990784,36.54226,-89.56048
658,887.0,251.28120737327188,36.55509,-89.55212
659,888.0,251.74510368663593,36.56605,-89.54055
660,889.0,252.20899999999997,36.5735,-89.52509
661,890.0,252.5821964472309,36.57692,-89.50796
662,891.0,252.95539289446182,36.57328,-89.49054
663,892.0,253.32858934169278,36.5641,-89.47699
664,893.0,253.7017857889237,36.55193,-89.46737
665,894.0,254.07498223615463,36.53753,-89.46675
666,895.0,254.44817868338555,36.5239,-89.47217
667,896.0,254.82137513061647,36.51046,-89.47932
668,897.0,255.1945715778474,36.49693,-89.48563
669,898.0,255.56776802507835,36.48345,-89.49237
670,899.0,255.94096447230928,36.46948,-89.49327
671,900.0,256.3141609195402,36.46225,-89.47894
672,901.0,256.68735736677115,36.4622,-89.4618
673,902.0,257.06055381400205,36.46765,-89.44547
674,903.0,257.433750261233,36.4767,-89.43131
675,904.0,257.8069467084639,36.48808,-89.42049
676,905.0,258.18014315569485,36.50153,-89.41401
677,906.0,258.5533396029258,36.51588,-89.41093
678,907.0,258.9265360501567,36.53006,-89.40689
679,908.0,259.29973249738765,36.54394,-89.40194
680,909.0,259.67292894461855,36.55788,-89.39703
681,910.0,260.0461253918495,36.57087,-89.38902
682,911.0,260.41932183908045,36.58415,-89.3827
683,911.0,260.41932183908045,36.57809,-89.37413
684,912.0,260.79251828631135,36.5983,-89.37933
685,912.0,260.79251828631135,36.57935,-89.35639
686,913.0,261.1657147335423,36.61275,-89.37734
687,913.0,261.1657147335423,36.59,-89.34564
688,914.0,261.5389111807732,36.62458,-89.36725
689,914.0,261.5389111807732,36.60083,-89.33332
690,915.0,261.91210762800415,36.63068,-89.35123
691,915.0,261.91210762800415,36.6041,-89.31647
692,916.0,262.28530407523505,36.63367,-89.33335
693,916.0,262.28530407523505,36.59634,-89.3018
694,917.0,262.658500522466,36.62678,-89.31802
695,917.0,262.658500522466,36.58573,-89.28954
696,918.0,263.03169696969695,36.61411,-89.30857
697,918.0,263.03169696969695,36.57529,-89.27708
698,919.0,263.40489341692785,36.56621,-89.26313
699,919.0,263.40489341692785,36.60067,-89.30174
700,920.0,263.7780898641588,36.56549,-89.24564
701,921.0,264.1512863113897,36.56897,-89.22807
702,922.0,264.52448275862065,36.57715,-89.21346
703,923.0,264.94120804725554,36.5907,-89.20795
704,924.0,265.35793333589044,36.60503,-89.20525
705,925.0,265.7746586245253,36.61893,-89.20005
706,926.0,266.19138391316017,36.63155,-89.19107
707,927.0,266.60810920179506,36.64338,-89.1807
708,928.0,267.02483449042995,36.65428,-89.16882
709,929.0,267.44155977906485,36.66586,-89.15781
710,930.0,267.8582850676997,36.67888,-89.15052
711,931.0,268.2750103563346,36.69353,-89.14981
712,931.0,268.2750103563346,36.69079,-89.14079
713,932.0,268.69173564496947,36.70691,-89.1565
714,932.0,268.69173564496947,36.70493,-89.1365
715,933.0,269.10846093360436,36.72103,-89.16069
716,933.0,269.10846093360436,36.71918,-89.13363
717,934.0,269.52518622223926,36.73329,-89.15234
718,934.0,269.52518622223926,36.73153,-89.12526
719,935.0,269.9419115108741,36.74206,-89.13813
720,935.0,269.9419115108741,36.74437,-89.1213
721,936.0,270.358636799509,36.74984,-89.12346
722,937.0,270.7753620881439,36.76388,-89.11729
723,938.0,271.1920873767788,36.77802,-89.11824
724,939.0,271.6088126654136,36.79083,-89.12679
725,940.0,272.0255379540485,36.80364,-89.13513
726,941.0,272.4422632426834,36.81757,-89.14036
727,942.0,272.8589885313183,36.83189,-89.14185
728,943.0,273.2757138199532,36.84604,-89.13795
729,944.0,273.692439108588,36.85937,-89.13076
730,945.0,274.1091643972229,36.87327,-89.12569
731,946.0,274.5258896858578,36.88721,-89.12037
732,947.0,274.9426149744927,36.9015,-89.11774
733,948.0,275.3593402631276,36.91558,-89.11341
734,949.0,275.77606555176243,36.92885,-89.10604
735,950.0,276.1927908403973,36.94252,-89.10041
736,951.0,277.25330357142855,36.95692,-89.09839
737,952.0,277.8970910138248,36.97078,-89.1033
738,953.0,278.54087845622115,36.983385,-89.125069
739,953.0,278.54087845622115,36.98089,-89.11582
740,954.0,279.1846658986175,36.981257,-89.143001
741,955.0,279.82845334101376,36.973851,-89.158935
742,956.0,280.4722407834101,36.97131,-89.176406
743,957.0,281.1160282258064,36.978633,-89.192389
744,958.0,281.75981566820275,36.992906,-89.195765
745,959.0,282.403603110599,37.00782,-89.195818
746,960.0,283.04739055299535,37.020958,-89.202054
747,961.0,283.6911779953917,37.029061,-89.217115
748,962.0,284.33496543778796,37.035122,-89.233949
749,963.0,284.9787528801843,37.047067,-89.242544
750,964.0,285.6225403225806,37.061059,-89.247181
751,965.0,286.2663277649769,37.074089,-89.255164
752,966.0,286.9101152073732,37.085915,-89.265321
753,967.0,287.55390264976955,37.08946,-89.282141
754,968.0,288.1976900921659,37.082812,-89.297874
755,969.0,288.84147753456216,37.070051,-89.305792
756,970.0,289.4852649769585,37.055933,-89.307952
757,971.0,290.1290524193548,37.044227,-89.298187
758,972.0,290.7728398617511,37.036942,-89.282671
759,973.0,291.4166273041474,37.029503,-89.265758
760,974.0,292.06041474654376,37.016361,-89.258101
761,975.0,292.70420218894003,37.00303,-89.261542
762,976.0,293.34798963133636,36.990854,-89.272728
763,977.0,293.9917770737327,36.994273,-89.293566
764,978.0,294.63556451612897,37.00317,-89.307595
765,979.0,295.2793519585253,37.014977,-89.320121
766,980.0,295.9231394009216,37.01954,-89.336001
767,981.0,296.56692684331796,37.026726,-89.351418
768,982.0,297.21071428571423,37.034172,-89.367643
769,983.0,297.85450172811056,37.043865,-89.381114
770,984.0,298.4982891705069,37.057914,-89.385761
771,985.0,299.14207661290317,37.071199,-89.378578
772,986.0,299.7858640552995,37.085347,-89.375551
773,987.0,300.42965149769583,37.099072,-89.380566
774,988.0,301.07343894009216,37.109899,-89.392486
775,989.0,301.71722638248843,37.118777,-89.406658
776,990.0,302.36101382488476,37.128839,-89.419173
777,991.0,303.0048012672811,37.140523,-89.430081
778,992.0,303.64858870967737,37.153878,-89.436777
779,993.0,304.2923761520737,37.167662,-89.442168
780,994.0,304.93616359447003,37.178844,-89.453042
781,995.0,305.5799510368663,37.192739,-89.458611
782,996.0,306.22373847926264,37.206909,-89.462337
783,997.0,306.86752592165897,37.221295,-89.465788
784,998.0,307.51131336405524,37.235002,-89.460728
785,999.0,308.15510080645157,37.248784,-89.459784
786,1000.0,308.7988882488479,37.251564,-89.476857
787,1001.0,309.4426756912442,37.252059,-89.4941
788,1002.0,310.0864631336405,37.257085,-89.514888
789,1003.0,310.73025057603684,37.272246,-89.527036
790,1004.0,311.37403801843317,37.288935,-89.518084
791,1005.0,312.01782546082944,37.303058,-89.516123
792,1006.0,313.18196329254727,37.315904,-89.507912
793,1007.0,313.7023136818687,37.325777,-89.494656
794,1008.0,314.2226640711902,37.336546,-89.482421
795,1009.0,314.74301446051163,37.338074,-89.465066
796,1010.0,315.2633648498331,37.33823,-89.447371
797,1011.0,315.7837152391546,37.345949,-89.433272
798,1012.0,316.30406562847605,37.357802,-89.425332
799,1013.0,316.82441601779755,37.372297,-89.4239
800,1014.0,317.344766407119,37.384963,-89.420423
801,1015.0,317.8651167964405,37.398469,-89.422123
802,1016.0,318.38546718576197,37.412271,-89.424481
803,1017.0,318.9058175750834,37.425655,-89.432157
804,1018.0,319.4261679644049,37.437869,-89.44183
805,1019.0,319.94651835372633,37.45097,-89.449852
806,1020.0,320.4668687430478,37.460572,-89.464228
807,1021.0,320.9872191323693,37.471658,-89.476313
808,1022.0,321.50756952169075,37.48382,-89.485903
809,1023.0,322.02791991101225,37.496813,-89.493087
810,1024.0,322.5482703003337,37.510823,-89.498301
811,1025.0,323.0686206896552,37.523026,-89.507212
812,1026.0,323.58897107897667,37.535709,-89.515998
813,1027.0,324.1093214682981,37.5495,-89.521483
814,1028.0,324.6296718576196,37.563785,-89.524047
815,1029.0,325.15002224694103,37.578035,-89.52268
816,1030.0,325.6703726362625,37.591004,-89.519138
817,1031.0,326.190723025584,37.603868,-89.510091
818,1032.0,326.71107341490546,37.619625,-89.505775
819,1033.0,327.23142380422695,37.632849,-89.51079
820,1034.0,327.7517741935484,37.645112,-89.517636
821,1035.0,328.2721245828699,37.659883,-89.51641
822,1036.0,328.79247497219137,37.674338,-89.513728
823,1037.0,329.3128253615128,37.688199,-89.510331
824,1038.0,329.8331757508343,37.697949,-89.523484
825,1039.0,330.35352614015574,37.702276,-89.540666
826,1040.0,330.87387652947723,37.705654,-89.557853
827,1041.0,331.3942269187987,37.709423,-89.575851
828,1042.0,331.91457730812016,37.714051,-89.592014
829,1043.0,332.43492769744165,37.720353,-89.605307
830,1044.0,332.95527808676314,37.729593,-89.620555
831,1045.0,333.4756284760846,37.736985,-89.635058
832,1046.0,333.9959788654061,37.743104,-89.648554
833,1047.0,334.5163292547275,37.749465,-89.663017
834,1048.0,335.036679644049,37.761312,-89.668303
835,1049.0,335.5570300333705,37.774236,-89.66053
836,1050.0,336.07738042269193,37.788305,-89.660572
837,1051.0,336.5977308120134,37.800097,-89.669134
838,1052.0,337.11808120133486,37.809718,-89.683067
839,1053.0,337.63843159065635,37.815394,-89.700378
840,1054.0,338.15878197997785,37.82285,-89.716241
841,1055.0,338.6791323692993,37.833041,-89.728963
842,1056.0,339.1994827586208,37.844379,-89.739472
843,1057.0,339.7198331479422,37.856995,-89.748932
844,1058.0,340.2401835372637,37.866989,-89.760558
845,1059.0,340.7605339265852,37.874402,-89.775819
846,1060.0,341.28088431590663,37.878572,-89.793417
847,1061.0,341.8012347052281,37.884233,-89.809994
848,1062.0,342.32158509454956,37.894032,-89.82395
849,1063.0,343.355004608295,37.903452,-89.837895
850,1064.0,343.868073732719,37.910334,-89.853944
851,1065.0,344.38114285714295,37.916506,-89.870478
852,1066.0,344.8942119815669,37.925538,-89.88394
853,1067.0,345.4072811059909,37.937465,-89.894177
854,1068.0,345.92035023041484,37.948875,-89.902306
855,1069.0,346.4334193548388,37.961518,-89.911509
856,1070.0,346.94648847926277,37.973157,-89.925635
857,1071.0,347.45955760368673,37.97042,-89.944474
858,1072.0,347.9726267281107,37.96455,-89.961869
859,1073.0,348.48569585253466,37.962065,-89.980808
860,1074.0,348.99876497695857,37.96411,-90.000406
861,1075.0,349.51183410138253,37.975689,-90.014004
862,1076.0,350.0249032258065,37.988072,-90.02334
863,1077.0,350.53797235023046,37.997211,-90.036817
864,1078.0,351.0510414746544,38.005017,-90.051826
865,1079.0,351.5641105990784,38.009924,-90.069039
866,1080.0,352.07717972350235,38.01514,-90.086165
867,1081.0,352.5902488479263,38.022624,-90.102117
868,1082.0,353.1033179723503,38.0339,-90.112984
869,1083.0,353.61638709677425,38.047519,-90.118576
870,1084.0,354.1294562211982,38.060405,-90.126565
871,1085.0,354.6425253456222,38.067678,-90.14176
872,1086.0,355.15559447004614,38.068227,-90.160202
873,1087.0,355.6686635944701,38.070416,-90.178577
874,1088.0,356.18173271889407,38.078146,-90.193467
875,1089.0,356.69480184331803,38.086939,-90.207915
876,1090.0,357.207870967742,38.096878,-90.221566
877,1091.0,357.72094009216596,38.105833,-90.235763
878,1092.0,358.2340092165899,38.118264,-90.245694
879,1093.0,358.7470783410139,38.129875,-90.25696
880,1094.0,359.26014746543785,38.142791,-90.265751
881,1095.0,359.7732165898618,38.155552,-90.275374
882,1096.0,360.2862857142858,38.167771,-90.284963
883,1097.0,360.79935483870975,38.175911,-90.299
884,1098.0,361.31242396313365,38.178228,-90.317482
885,1099.0,361.8254930875576,38.188302,-90.331154
886,1100.0,362.3385622119816,38.200714,-90.343654
887,1101.0,362.85163133640555,38.213136,-90.353192
888,1102.0,363.3647004608295,38.225315,-90.360442
889,1103.0,363.8777695852535,38.239412,-90.365998
890,1104.0,364.39083870967744,38.25382,-90.367616
891,1105.0,364.9039078341014,38.268133,-90.369264
892,1106.0,365.41697695852537,38.282292,-90.371871
893,1107.0,365.93004608294933,38.296761,-90.373504
894,1108.0,366.4431152073733,38.311358,-90.372872
895,1109.0,366.95618433179726,38.325803,-90.371962
896,1110.0,367.4692534562212,38.340165,-90.368472
897,1111.0,367.9823225806452,38.353274,-90.360448
898,1112.0,368.49539170506915,38.366913,-90.354169
899,1113.0,369.0084608294931,38.380315,-90.346815
900,1114.0,369.5215299539171,38.39299,-90.337705
901,1115.0,370.03459907834105,38.403949,-90.326077
902,1116.0,370.547668202765,38.413472,-90.312114
903,1117.0,371.060737327189,38.421936,-90.297577
904,1118.0,371.57380645161294,38.434238,-90.288882
905,1119.0,372.0868755760369,38.447672,-90.282976
906,1120.0,372.5999447004608,38.461498,-90.281342
907,1121.0,373.1130138248848,38.477537,-90.277742
908,1122.0,373.62608294930874,38.491791,-90.273899
909,1123.0,374.1391520737327,38.506171,-90.270243
910,1124.0,374.65222119815667,38.519813,-90.264427
911,1125.0,375.16529032258063,38.533052,-90.257507
912,1126.0,375.6783594470046,38.545483,-90.248567
913,1127.0,376.19142857142856,38.559332,-90.239002
914,1128.0,376.7044976958525,38.5723,-90.227987
915,1129.0,377.2175668202765,38.579953,-90.215377
916,1130.0,377.73063594470045,38.589518,-90.201634
917,1131.0,378.2437050691244,38.601537,-90.191342
