,MileMarker,NAVD88_ft,LAT,LON
0,591,104.65,33.8797,-91.05441
1,592,105.01,33.89112,-91.04379
2,593,105.53,33.90228,-91.03256
3,594,106.41,33.91409,-91.02257
4,595,107.3,33.92828,-91.01769
5,596,108.19,33.93914,-91.02956
6,597,109.1,33.94617,-91.045
7,598,110.21,33.95113,-91.06142
8,599,110.58,33.95584,-91.07796
9,600,111.36,33.967108,-91.08517
10,601,111.82,33.98012,-91.07742
11,602,112.28,33.98841,-91.06355
12,603,112.7,33.99269,-91.04699
13,604,113.3,33.99672,-91.03011
14,605,113.8,34.00385,-91.01497
15,606,113.9,34.01262,-91.00111
16,607,114.0,34.02014,-90.98621
17,608,114.4,34.02298,-90.96938
18,609,115.3,34.02122,-90.95205
19,610,116.0,34.02068,-90.93507
20,611,116.3,34.02173,-90.9174
21,612,116.5,34.0252,-90.9006
22,613,117.7,34.03742,-90.89298
23,614,118.2,34.05172,-90.89503
24,615,118.4,34.06542,-90.90094
25,616,119.2,34.07891,-90.90732
26,617,120.0,34.09093,-90.9166
27,618,120.1,34.10051,-90.92999
28,619,120.3,34.10953,-90.94342
29,620,120.5,34.12127,-90.95307
30,621,121.4,34.13553,-90.95093
31,622,121.8,34.14719,-90.94093
32,623,122.3,34.15649,-90.92752
33,624,123.0,34.16418,-90.91275
34,625,123.3,34.17349,-90.89942
35,626,124.2,34.18279,-90.88615
36,627,124.6,34.18822,-90.86989
37,628,124.8,34.19757,-90.85661
38,629,125.1,34.2089,-90.84559
39,630,126.5,34.22243,-90.83965
40,631,127.1,34.23663,-90.839
41,632,127.1,34.25126,-90.83643
42,633,127.11,34.26543,-90.8334
43,634,127.8,34.27579,-90.82266
44,635,128.1,34.27789,-90.80548
45,636,128.3,34.2776,-90.78801
46,637,128.5,34.27864,-90.77052
47,638,129.2,34.28597,-90.75694
48,639,129.9,34.29286,-90.7398
49,640,130.3,34.30825,-90.73951
50,641,130.5,34.32243,-90.74341
51,642,130.7,34.33392,-90.75387
52,643,131.1,34.3444,-90.76604
53,644,131.4,34.35839,-90.76858
54,645,131.4,34.36734,-90.75574
55,646,131.8,34.36611,-90.73863
56,647,131.8,34.36208,-90.72176
57,648,132.5,34.36454,-90.70467
58,649,132.8,34.36926,-90.68798
59,650,133.1,34.37496,-90.67201
60,651,133.3,34.38249,-90.6573
61,652,135.1,34.38288,-90.63978
62,653,136.2,34.38669,-90.62321
63,654,136.5,34.39339,-90.60758
64,655,136.6,34.40236,-90.59393
65,656,136.9,34.41502,-90.58453
66,657,137.5,34.42965,-90.58368
67,658,138.0,34.44402,-90.58207
68,659,138.6,34.458,-90.58621
69,660,139.1,34.47222,-90.58996
70,661,139.4,34.48648,-90.59077
71,662,139.7,34.50031,-90.58632
72,663,139.9,34.51419,-90.58062
73,664,140.1,34.52366,-90.56765
74,665,140.5,34.53176,-90.553
75,666,141.3,34.54476,-90.54434
76,667,142.3,34.55938,-90.54592
77,668,143.1,34.57161,-90.55228
78,669,143.8,34.58249,-90.5629
79,670,144.2,34.59322,-90.57433
80,671,144.5,34.60594,-90.58292
81,672,145.01,34.6195,-90.58868
82,673,145.5,34.63374,-90.587
83,674,145.7,34.64791,-90.58357
84,675,146.11,34.66125,-90.5769
85,676,147.5,34.67419,-90.56919
86,677,148.21,34.6887,-90.56864
87,678,148.9,34.70315,-90.56948
88,679,149.0,34.71758,-90.56834
89,680,149.0,34.73199,-90.56655
90,681,149.5,34.742,-90.55522
91,682,150.1,34.73959,-90.53822
92,683,150.8,34.73327,-90.52235
93,684,151.41,34.7252,-90.50768
94,685,151.51,34.72414,-90.4902
95,686,151.6,34.72677,-90.47295
96,687,151.71,34.73213,-90.45669
97,688,152.3,34.7445,-90.44826
98,689,152.71,34.7582,-90.4519
99,690,153.21,34.77034,-90.46153
100,691,153.7,34.78273,-90.47056
101,692,154.2,34.79667,-90.47398
102,693,154.3,34.81029,-90.46806
103,694,154.7,34.81671,-90.45295
104,695,155.3,34.82115,-90.43624
105,696,155.8,34.82718,-90.42015
106,697,156.8,34.83661,-90.40679
107,698,158.2,34.84398,-90.39155
108,699,158.7,34.85049,-90.37594
109,700,159.4,34.8553,-90.35941
110,701,160.1,34.85867,-90.34225
111,702,160.5,34.8646,-90.32642
112,703,161.1,34.87244,-90.31129
113,704,161.8,34.8795,-90.29594
114,705,163.1,34.88478,-90.27953
115,706,164.0,34.8914,-90.26389
116,707,164.6,34.90092,-90.25085
117,708,164.8,34.91368,-90.24268
118,709,164.9,34.92817,-90.24241
119,710,165.3,34.94263,-90.24361
120,711,166.5,34.95438,-90.25337
121,712,166.8,34.96035,-90.26932
122,713,166.8,34.9689,-90.28357
123,714,167.1,34.97871,-90.29624
124,715,168.3,34.99199,-90.30323
125,716,168.7,35.00567,-90.29867
126,717,169.2,35.01579,-90.28619
127,718,169.9,35.02112,-90.27024
128,719,170.5,35.02047,-90.25266
129,720,171.1,35.01978,-90.23502
130,721,172.1,35.02287,-90.2178
131,722,173.0,35.03085,-90.2032
132,723,173.2,35.04206,-90.19213
133,724,173.4,35.0543,-90.18288
134,725,174.2,35.06833,-90.17878
135,726,174.8,35.08282,-90.18038
136,727,174.99,35.09723,-90.17928
137,728,175.0,35.11153,-90.1757
138,729,175.1,35.12352,-90.16625
139,730,175.3,35.13084,-90.15118
140,731,175.6,35.13109,-90.13384
141,732,175.8,35.12471,-90.11812
142,733,176.11,35.11843,-90.10237
143,734,176.8,35.12115,-90.08556
144,735,176.91,35.13128,-90.07279
145,736,177.2,35.1439,-90.06493
146,737,178.21,35.15843,-90.06438
147,738,178.8,35.17294,-90.06313
148,739,179.1,35.18755,-90.06245
149,740,180.0,35.2019,-90.06327
150,741,180.7,35.21515,-90.07026
151,742,181.71,35.22745,-90.07988
152,743,182.61,35.24012,-90.0884
153,744,183.1,35.25312,-90.09617
154,745,184.3,35.26627,-90.10334
155,746,185.3,35.28042,-90.10733
156,747,185.8,35.29485,-90.10757
157,748,186.8,35.30939,-90.10694
158,749,187.4,35.3237,-90.10404
159,750,187.5,35.33697,-90.09701
160,751,187.91,35.35114,-90.09406
161,752,188.5,35.36466,-90.08777
162,753,188.6,35.37756,-90.07984
163,754,188.8,35.39037,-90.07133
164,755,189.3,35.40143,-90.05995
165,756,190.0,35.41015,-90.04585
166,757,190.41,35.41747,-90.03052
167,758,190.7,35.42365,-90.01457
168,759,190.9,35.43208,-90.00036
169,760,191.4,35.44598,-89.99688
170,761,192.0,35.46025,-89.99907
171,762,192.3,35.47432,-90.00364
172,763,192.51,35.48755,-90.01067
173,764,193.01,35.50206,-90.01206
174,765,193.2,35.51421,-90.00317
175,766,193.5,35.52127,-89.98791
176,767,194.61,35.52322,-89.97039
177,768,195.1,35.5213,-89.95285
178,769,195.2,35.51791,-89.93571
179,770,196.31,35.51302,-89.91926
180,771,196.8,35.51962,-89.90397
181,772,198.0,35.53352,-89.89974
182,773,199.5,35.54787,-89.90078
183,774,200.4,35.56196,-89.90436
184,775,200.7,35.57647,-89.90462
185,776,200.91,35.59099,-89.90331
186,777,201.31,35.60522,-89.90032
187,778,201.5,35.61781,-89.89174
188,779,201.6,35.62575,-89.87729
189,780,201.9,35.6378,-89.87743
190,781,202.5,35.64677,-89.89149
191,782,203.1,35.65269,-89.90742
192,783,203.61,35.6594,-89.92324
193,784,204.3,35.67017,-89.93441
194,785,205.21,35.68367,-89.94072
195,786,205.5,35.6978,-89.94394
196,787,206.0,35.71173,-89.93945
197,788,206.6,35.72209,-89.92744
198,789,207.7,35.72717,-89.91107
199,790,208.3,35.72854,-89.8934
200,791,208.71,35.73195,-89.87615
201,792,209.5,35.73748,-89.85961
202,793,210.0,35.7437,-89.84373
203,794,210.31,35.74818,-89.82665
204,795,210.41,35.75506,-89.81096
205,796,211.7,35.76359,-89.79652
206,797,212.1,35.77266,-89.78265
207,798,212.4,35.78172,-89.76867
208,799,213.0,35.79087,-89.75488
209,800,213.2,35.79824,-89.73965
210,801,213.2,35.80529,-89.72392
211,802,213.2,35.81295,-89.70903
212,803,213.6,35.82475,-89.69958
213,804,214.59,35.83762,-89.70663
214,805,214.7,35.84505,-89.72193
215,806,214.9,35.85072,-89.73827
216,807,215.2,35.8567,-89.75449
217,808,217.1,35.86619,-89.76733
218,809,217.9,35.88055,-89.76814
219,810,218.2,35.8939,-89.76173
220,811,218.3,35.90515,-89.75059
221,812,218.7,35.90964,-89.73432
222,813,219.0,35.90488,-89.71756
223,814,219.2,35.89757,-89.7023
224,815,219.4,35.88791,-89.68901
225,816,220.5,35.8788,-89.67501
226,817,221.4,35.87817,-89.65776
227,818,222.0,35.88818,-89.64545
228,819,222.1,35.90239,-89.64215
229,820,222.9,35.91709,-89.6434
230,821,223.8,35.92804,-89.65388
231,822,224.29,35.93596,-89.66881
232,823,224.38,35.94456,-89.68303
233,824,224.5,35.9531,-89.69747
234,825,224.7,35.96113,-89.71228
235,826,224.9,35.97291,-89.72188
236,827,225.2,35.98721,-89.7225
237,828,225.6,35.99961,-89.71395
238,829,225.9,36.01065,-89.7022
239,830,226.3,36.02219,-89.69138
240,831,226.8,36.036,-89.68735
241,832,227.6,36.05036,-89.68564
242,833,228.0,36.06459,-89.68225
243,834,228.3,36.07913,-89.68106
244,835,228.8,36.09249,-89.67476
245,836,229.3,36.10033,-89.66053
246,837,230.0,36.10215,-89.64291
247,838,230.4,36.10781,-89.62661
248,839,230.8,36.11553,-89.61161
249,840,231.3,36.12397,-89.59739
250,841,232.9,36.13784,-89.59353
251,842,234.4,36.15244,-89.59481
252,843,235.8,36.16492,-89.60334
253,844,236.8,36.17599,-89.61496
254,845,237.3,36.18505,-89.62885
255,846,237.6,36.19355,-89.64337
256,847,237.89,36.2029,-89.65702
257,848,237.9,36.21126,-89.67165
258,849,238.39,36.22107,-89.68473
259,850,238.4,36.23412,-89.68297
260,851,238.9,36.24355,-89.66955
261,852,239.0,36.25051,-89.65372
262,853,239.5,36.25242,-89.63635
263,854,239.8,36.24392,-89.62225
264,855,239.8,36.23898,-89.60596
265,856,239.8,36.24118,-89.58826
266,857,239.9,36.24731,-89.57203
267,858,239.9,36.25857,-89.56126
268,859,240.9,36.27271,-89.55911
269,860,241.1,36.28421,-89.56956
270,861,241.6,36.29264,-89.5843
271,862,241.7,36.30035,-89.5994
272,863,241.79,36.31094,-89.61163
273,864,241.9,36.3245,-89.61761
274,865,242.3,36.33936,-89.61462
275,866,242.8,36.34381,-89.59888
276,867,243.3,36.34323,-89.58099
277,868,243.81,36.33925,-89.56382
278,869,244.9,36.33535,-89.54656
279,870,245.8,36.3391,-89.52976
280,871,246.1,36.35041,-89.5186
281,872,246.2,36.36409,-89.51274
282,873,247.09,36.37833,-89.51066
283,874,247.59,36.39185,-89.51682
284,875,247.71,36.40362,-89.52721
285,876,247.8,36.41593,-89.53681
286,877,247.81,36.42893,-89.54465
287,878,247.9,36.44243,-89.5405
288,879,248.2,36.45211,-89.52717
289,880,248.79,36.46544,-89.5202
290,881,249.5,36.47949,-89.52197
291,882,250.4,36.4909,-89.53235
292,883,250.9,36.50275,-89.54328
293,884,251.1,36.51489,-89.55308
294,885,251.3,36.52808,-89.56033
295,886,252.2,36.54226,-89.56048
296,887,253.5,36.55509,-89.55212
297,888,254.0,36.56605,-89.54055
298,889,254.2,36.5735,-89.52509
299,890,254.4,36.57692,-89.50796
300,891,254.8,36.57328,-89.49054
301,892,255.0,36.5641,-89.47699
302,893,255.6,36.55193,-89.46737
303,894,256.1,36.53753,-89.46675
304,895,256.3,36.5239,-89.47217
305,896,256.6,36.51046,-89.47932
306,897,256.7,36.49693,-89.48563
307,898,256.8,36.48345,-89.49237
308,899,257.5,36.46948,-89.49327
309,900,259.1,36.46225,-89.47894
310,901,260.3,36.4622,-89.4618
311,902,261.11,36.46765,-89.44547
312,903,261.7,36.4767,-89.43131
313,904,262.1,36.48808,-89.42049
314,905,262.7,36.50153,-89.41401
315,906,263.1,36.51588,-89.41093
316,907,263.7,36.53006,-89.40689
317,908,263.8,36.54394,-89.40194
318,909,263.91,36.55788,-89.39703
319,910,264.0,36.57087,-89.38902
320,911,264.2,36.58415,-89.3827
321,911,264.2,36.57809,-89.37413
322,912,264.3,36.5983,-89.37933
323,912,264.3,36.57935,-89.35639
324,913,265.1,36.61275,-89.37734
325,913,265.1,36.59,-89.34564
326,914,265.6,36.62458,-89.36725
327,914,265.6,36.60083,-89.33332
328,915,266.4,36.63068,-89.35123
329,915,266.4,36.6041,-89.31647
330,916,266.8,36.63367,-89.33335
331,916,266.8,36.59634,-89.3018
332,917,266.87,36.62678,-89.31802
333,917,266.87,36.58573,-89.28954
334,918,266.9,36.61411,-89.30857
335,918,266.9,36.57529,-89.27708
336,919,267.0,36.56621,-89.26313
337,919,267.0,36.60067,-89.30174
338,920,267.2,36.56549,-89.24564
339,921,267.8,36.56897,-89.22807
340,922,267.91,36.57715,-89.21346
341,923,268.0,36.5907,-89.20795
342,924,268.11,36.60503,-89.20525
343,925,268.69,36.61893,-89.20005
344,926,269.2,36.63155,-89.19107
345,927,269.6,36.64338,-89.1807
346,928,269.91,36.65428,-89.16882
347,929,270.3,36.66586,-89.15781
348,930,271.3,36.67888,-89.15052
349,931,271.5,36.69353,-89.14981
350,931,271.5,36.69079,-89.14079
351,932,272.3,36.70691,-89.1565
352,932,272.3,36.70493,-89.1365
353,933,273.4,36.72103,-89.16069
354,933,273.4,36.71918,-89.13363
355,934,274.3,36.73329,-89.15234
356,934,274.3,36.73153,-89.12526
357,935,275.3,36.74206,-89.13813
358,935,275.3,36.74437,-89.1213
359,936,275.5,36.74984,-89.12346
360,937,275.5,36.76388,-89.11729
361,938,275.51,36.77802,-89.11824
362,939,275.69,36.79083,-89.12679
363,940,275.9,36.80364,-89.13513
364,941,276.2,36.81757,-89.14036
365,942,276.4,36.83189,-89.14185
366,943,276.5,36.84604,-89.13795
367,944,276.9,36.85937,-89.13076
368,945,277.1,36.87327,-89.12569
369,946,277.1,36.88721,-89.12037
370,947,277.5,36.9015,-89.11774
371,948,278.1,36.91558,-89.11341
372,949,278.5,36.92885,-89.10604
373,950,279.0,36.94252,-89.10041
374,951,279.0,36.95692,-89.09839
375,952,279.0,36.97078,-89.1033
376,953,279.2,36.98089,-89.11582
