chunk,river,survey_id,date
2021-1,LM,LM_24_CARX_20210114_CS_870_866_MERRIWETHER_LWRP,2021-01-14
2021-1,LM,LM_24_CARX_20210119_CS_8423_840_LINWOOD_LWRP,2021-01-19
2021-1,LM,LM_15_CVB_20210121_CS_5940_5970_SPECIAL,2021-01-21
2021-1,LM,LM_26_HIKX_20210121_CS_9314_927_LOWER_WOLF_LWRP,2021-01-21
2021-1,LM,LM_26_HIKX_20210121_CS_936_9315_UPPER_WOLF_LWRP,2021-01-21
2021-1,LM,LM_08_MVF_20210128_CS_4820_4900_SPECIAL,2021-01-28
2021-1,LM,LM_23_OSCX_20210128_CS_817_811_TAMM_RS_LWRP,2021-01-28
2021-1,LM,LM_19_MEMX_20210302_CS_720_7176_ARMS_LWRP,2021-03-02
2021-1,LM,LM_25_MADX_20210311_CS_902_898_WINCHESTER_LWRP,2021-03-11
2021-1,LM,LM_24_CARX_20210312_CS_842_840_LINWOOD_LWRP,2021-03-12
2021-1,LM,LM_23_OSCX_20210313_CS_817_8104_TAMM_RS_LWRP,2021-03-13
2021-1,LM,LM_16_OVLX_20210314_CS_6104_6075_LACONIA_LWRP,2021-03-14
2021-1,LM,LM_16_OVLX_20210322_CS_6075_604_CLAYWILSON_LWRP,2021-03-22
2021-1,LM,LM_24_CARX_20210322_CS_842_840_LINWOOD_LWRP,2021-03-22
2021-1,LM,LM_16_OVLX_20210323_CS_610_608_LACONIA_LWRP,2021-03-23
2021-1,LM,LM_24_CARX_20210323_CS_870_866_MERIIWETHER_LWRP,2021-03-23
2021-1,LM,LM_18_FRI_20210326_CS_671_STF_SORT,2021-03-26
2021-1,LM,LM_26_HIK_20210327_CS_931_WI3_SORT,2021-03-27
2021-1,LM,LM_26_HIK_20210327_CS_933_WI2_SORT,2021-03-27
2021-1,LM,LM_26_HIK_20210327_CS_934_WI1_SORT,2021-03-27
2021-1,LM,LM_01_HBR_20210420_CS_5040_25,2021-04-20
2021-1,LM,LM_15_CVB_20210420_CS_6170_6152,2021-04-20
2021-1,LM,LM_15_CVB_20210421_CS_6150_6128,2021-04-21
2021-1,LM,LM_15_CVB_20210422_CS_6126_6092,2021-04-22
2021-1,LM,LM_15_CVB_20210423_CS_6094_6056,2021-04-23
2021-1,LM,LM_14_VBO_20210424_CS_5938_5904,2021-04-24
2021-1,LM,LM_15_CVB_20210424_CS_6070_6028,2021-04-24
2021-1,LM,LM_14_VBO_20210425_CS_5902_5862,2021-04-25
2021-1,LM,LM_15_CVB_20210425_CS_6026_6000,2021-04-25
2021-1,LM,LM_14_VBO_20210426_CS_5860_5824,2021-04-26
2021-1,LM,LM_14_VBO_20210427_CS_5822_5810,2021-04-27
2021-1,LM,LM_13_OZE_20210506_CS_5810_5796,2021-05-06
2021-1,LM,LM_13_OZE_20210507_CS_5794_5748,2021-05-07
2021-1,LM,LM_13_OZE_20210508_CS_5746_5698,2021-05-08
2021-1,LM,LM_12_EYB_20210509_CS_5658_5620,2021-05-09
2021-1,LM,LM_13_OZE_20210509_CS_5696_5658,2021-05-09
2021-1,LM,LM_12_EYB_20210510_CS_5610_5586,2021-05-10
2021-1,LM,LM_12_EYB_20210511_CS_5584_5546,2021-05-11
2021-1,LM,LM_12_EYB_20210512_CS_5544_5502,2021-05-12
2021-1,LM,LM_11_YBS_20210517_CS_5404_5368,2021-05-17
2021-1,LM,LM_11_YBS_20210518_CS_5446_5406,2021-05-18
2021-1,LM,LM_11_YBS_20210519_CS_5486_5448,2021-05-19
2021-1,LM,LM_11_YBS_20210520_CS_5502_5488,2021-05-20
2021-1,LM,LM_23_OSC_20210521_CS_784_LBL_SORT,2021-05-21
2021-1,LM,LM_08_MVF_20210526_CS_4958_4786,2021-05-26
2021-1,LM,LM_08_MVF_20210527_CS_4800_4786,2021-05-27
2021-1,LM,LM_09_LPM_20210604_CS_5220_5178,2021-06-04
2021-1,LM,LM_09_LPM_20210605_CS_5176_5148,2021-06-05
2021-1,LM,LM_09_LPM_20210606_CS_5146_5104,2021-06-06
2021-1,LM,LM_09_LPM_20210607_CS_5102_5068,2021-06-07
2021-2,LM,LM_07_FMB_20210609_CS_4786_4756,2021-06-09
2021-2,LM,LM_09_LPM_20210609_CS_5072_5034,2021-06-09
2021-2,LM,LM_09_LPM_20210610_CS_5032_4998,2021-06-10
2021-2,LM,LM_09_LPM_20210611_CS_4996_4958,2021-06-11
2021-2,LM,LM_15_CVB_20210611_CS,2021-06-11
2021-2,LM,LM_09_LPM_20210612_CS_4982_4958,2021-06-12
2021-2,LM,LM_07_FMB_20210620_CS_4754_4724,2021-06-20
2021-2,LM,LM_07_FMB_20210621_CS_4722_4702,2021-06-21
2021-2,LM,LM_07_FMB_20210622_CS_4700_4530,2021-06-22
2021-2,LM,LM_07_FMB_20210623_CS_4672_4548,2021-06-23
2021-2,LM,LM_07_FMB_20210624_CS_4630_4584,2021-06-24
2021-2,LM,LM_16_OVLX_20210624_CS_607_604_SORT_LWRP,2021-06-24
2021-2,LM,LM_19_MEMX_20210624_CS_720_717_SORT_LWRP,2021-06-24
2021-2,LM,LM_23_OSCX_20210624_CS_817_810_SORT_LWRP,2021-06-24
2021-2,LM,LM_24_CARX_20210624_CS_840_835_SORT_LWRP,2021-06-24
2021-2,LM,LM_24_CARX_20210624_CS_842_840_SORT_LWRP,2021-06-24
2021-2,LM,LM_24_CARX_20210624_CS_870_866_SORT_LWRP,2021-06-24
2021-2,LM,LM_25_MADX_20210624_CS_902_898_SORT_LWRP,2021-06-24
2021-2,LM,LM_26_HIKX_20210624_CS_927_924_SORT_LWRP,2021-06-24
2021-2,LM,LM_26_HIKX_20210624_CS_931_927_SORT_LWRP,2021-06-24
2021-2,LM,LM_26_HIKX_20210624_CS_936_931_SORT_LWRP,2021-06-24
2021-2,LM,LM_06_MBV_20210625_CS_4530_4498,2021-06-25
2021-2,LM,LM_06_MBV_20210628_CS_4496_4450,2021-06-28
2021-2,LM,LM_06_MBV_20210629_CS_54448_4414,2021-06-29
2021-2,LM,LM_08_MVF_20210709_CS,2021-07-09
2021-2,LM,LM_24_CARX_20210711_CS_840_842_SORT_ACTUALDEPTH,2021-07-11
2021-2,LM,LM_24_CARX_20210711_CS_840_842_SORT_LWRP,2021-07-11
2021-2,LM,LM_04_GGK_20210714_CS_4076_4046,2021-07-14
2021-2,LM,LM_04_GGK_20210716_CS_4044_4018,2021-07-16
2021-2,LM,LM_04_GGK_20210717_CS_4030_3978,2021-07-17
2021-2,LM,LM_05_VGG_20210718_CS_4096_4076,2021-07-18
2021-2,LM,LM_05_VGG_20210719_CS_4146_4098,2021-07-19
2021-2,LM,LM_05_VGG_20210720_CS_4182_4148,2021-07-20
2021-2,LM,LM_05_VGG_20210721_CS_4242_4188,2021-07-21
2021-2,LM,LM_05_VGG_20210722_CS_4288_4244,2021-07-22
2021-2,LM,LM_04_GGK_20210723_CS_3942_3902,2021-07-23
2021-2,LM,LM_05_VGG_20210723_CS_4334_4290,2021-07-23
2021-2,LM,LM_04_GGK_20210724_CS_3900_3870,2021-07-24
2021-2,LM,LM_05_VGG_20210724_CS_4376_4336,2021-07-24
2021-2,LM,LM_04_GGK_20210725_CS_3868_3820,2021-07-25
2021-2,LM,LM_05_VGG_20210729_CS_4186_4184,2021-07-29
2021-2,LM,LM_02_GCG_20210802_CS_3468_3454,2021-08-02
2021-2,LM,LM_15_CVB_20210802_CS,2021-08-02
2021-2,LM,LM_02_GCG_20210803_CS_3504_3468,2021-08-03
2021-2,LM,LM_02_GCG_20210804_CS_3546_3492,2021-08-04
2021-2,LM,LM_05_VGG_20210805_CS_4182_4182,2021-08-05
2021-2,LM,LM_03_KGC_20210806_CS_3712_3660,2021-08-06
2021-2,LM,LM_08_MVF_20210806_CS,2021-08-06
2021-2,LM,LM_03_KGC_20210807_CS_3764_3714,2021-08-07
2021-2,LM,LM_03_KGC_20210808_CS_3786_3766,2021-08-08
2021-3,LM,LM_02_GCG_20210809_CS_3660_3548,2021-08-09
2021-3,LM,LM_03_KGC_20210809_CS_3820_3770,2021-08-09
2021-3,LM,LM_04_GGK_20210810_CS_4048_4046,2021-08-10
2021-3,LM,LM_01_GCB_20210811_CS_3236_3200,2021-08-11
2021-3,LM,LM_01_GCB_20210812_CS_3290_3232,2021-08-12
2021-3,LM,LM_01_GCB_20210813_CS_3340_3292,2021-08-13
2021-3,LM,LM_04_GGK_20210816_CS_3976_3944,2021-08-16
2021-3,LM,LM_01_GCB_20210817_CS_3386_3342,2021-08-17
2021-3,LM,LM_08_MVF_20210818_CS,2021-08-18
2021-3,LM,LM_01_GCB_20210820_CS_3454_3388,2021-08-20
2021-3,LM,LM_15_CVB_20210915_CS,2021-09-15
2021-3,LM,LM_08_MVF_20210917_CS,2021-09-17
2021-3,LM,LM_14_VBO_20210922_CS,2021-09-22
2021-3,LM,LM_06_MBV_20210924_CS,2021-09-24
2021-3,LM,LM_14_VBO_20211001_CS,2021-10-01
2021-3,LM,LM_15_CVB_20211004_CS,2021-10-04
2021-3,LM,LM_08_MVF_20211014_CS,2021-10-14
2021-3,LM,LM_14_VBO_20211018_CS,2021-10-18
2021-3,LM,LM_18_FRIX_20211018_CS_652_SORT_LWRP,2021-10-18
2021-3,LM,LM_18_FRIX_20211018_CS_663_SORT_LWRP,2021-10-18
2021-3,LM,LM_18_FRIX_20211018_CS_699_694_SORT_LWRP,2021-10-18
2021-3,LM,LM_19_MEMX_20211018_CS_720_717_SORT_LWRP,2021-10-18
2021-3,LM,LM_19_MEMX_20211018_CS_725_SORT_LWRP,2021-10-18
2021-3,LM,LM_19_MEMX_20211018_CS_727_724_SORT_LWRP,2021-10-18
2021-3,LM,LM_19_MEMX_20211018_CS_737_735_SORT_LWRP,2021-10-18
2021-3,LM,LM_19_MEMX_20211018_CS_758_756_SORT_LWRP,2021-10-18
2021-3,LM,LM_22_RANX_20211018_CS_774_769_SORT_LWRP,2021-10-18
2021-3,LM,LM_23_OSCX_20211018_CS_785_SORT_LWRP,2021-10-18
2021-3,LM,LM_24_CARX_20211018_CS_849_SORT_LWRP,2021-10-18
2021-3,LM,LM_25_MADX_20211018_CS_885_SORT_LWRP,2021-10-18
2021-3,LM,LM_25_MADX_20211018_CS_889_SORT_LWRP,2021-10-18
2021-3,LM,LM_25_MADX_20211018_CS_899_SORT_LWRP,2021-10-18
2021-3,LM,LM_26_HIKX_20211018_CS_921_SORT_LWRP,2021-10-18
2021-3,LM,LM_26_HIKX_20211021_CS_921_SORT_LWRP,2021-10-21
2021-3,LM,LM_18_FRIX_20211026_CS_654_649_SORT_LWRP,2021-10-26
2021-3,LM,LM_25_MADX_20211026_CS_902_898_LWRP,2021-10-26
2021-3,LM,LM_25_MADX_20211026_CS_902_898_SORT_LWRP,2021-10-26
2021-3,LM,LM_19_MEMX_20211027_CS_725_SORT_LWRP,2021-10-27
2021-3,LM,LM_19_MEMX_20211027_CS_727_724_SORT_LWRP,2021-10-27
2021-3,LM,LM_25_MADX_20211103_CS_902_899_LWRP,2021-11-03
2021-3,LM,LM_19_MEMX_20211117_CS_720_717_SORT_LWRP,2021-11-17
2021-3,LM,LM_08_MVF_20211118_CS,2021-11-18
2021-3,LM,LM_19_MEMX_20211119_CS_746_741_SORT_LWRP,2021-11-19
2021-3,LM,LM_15_CVB_20211124_CS,2021-11-24
2021-3,LM,LM_14_VBO_20211129_CS,2021-11-29
2021-3,LM,LM_10_SSL_20211202_CS,2021-12-02
2021-3,LM,LM_24_CARX_20211206_CS_840_844_SORT_LWRP,2021-12-06
2021-3,LM,LM_24_CARX_20211207_CS_865_870_SORT_LWRP,2021-12-07
2021-3,LM,LM_25_MADX_20211208_CS_898_902_SORT_LWRP,2021-12-08
2022-1,LM,LM_19_MEM_20220122_CS_727_BAU_SORT,2022-01-22
2022-1,LM,LM_15_CVB_20220201_CS,2022-02-01
2022-1,LM,LM_08_MVF_20220202_CS,2022-02-02
2022-1,LM,LM_14_VBO_20220202_CS,2022-02-02
2022-1,LM,LM_26_HIKX_20220209_CS_924_928_SORT_LWRP,2022-02-09
2022-1,LM,LM_24_CARX_20220210_CS_864_870_SORT_LWRP,2022-02-10
2022-1,LM,LM_25_MADX_20220215_CS_898_902_SORT_LWRP,2022-02-15
2022-1,LM,LM_26_HIKX_20220216_CS_928_936_SORT_LWRP,2022-02-16
2022-1,LM,LM_19_MEMX_20220217_CS_738_SORT_LWRP,2022-02-17
2022-1,LM,LM_19_MEMX_20220302_CS_756_758_SORT_LWRP,2022-03-02
2022-1,LM,LM_18_FRI_20220303_CS_679_WAL_SORT,2022-03-03
2022-1,LM,LM_18_FRI_20220303_CS_686_MHO_SORT,2022-03-03
2022-1,LM,LM_15_CVB_20220325_CS_6170_615,2022-03-25
2022-1,LM,LM_15_CVB_20220325_CS_MB_5982_5987,2022-03-25
2022-1,LM,LM_15_CVB_20220325_CS_MB_5986_5982,2022-03-25
2022-1,LM,LM_15_CVB_20220326_CS_6150_6114,2022-03-26
2022-1,LM,LM_15_CVB_20220326_CS_MB_5987_5972,2022-03-26
2022-1,LM,LM_15_CVB_20220327_CS_6114_6078,2022-03-27
2022-1,LM,LM_15_CVB_20220327_CS_MB_5967_5938,2022-03-27
2022-1,LM,LM_15_CVB_20220327_CS_MB_5972_5967,2022-03-27
2022-1,LM,LM_15_CVB_20220328_CS_MB_5962_5958,2022-03-28
2022-1,LM,LM_23_OSCX_20220328_CS_811_817_SORT_LWRP,2022-03-28
2022-1,LM,LM_15_CVB_20220329_CS_MB_5958_5953,2022-03-29
2022-1,LM,LM_25_MADX_20220329_CS_898_902_SORT_LWRP,2022-03-29
2022-1,LM,LM_15_CVB_20220331_CS_MB_5953_5948,2022-03-31
2022-1,LM,LM_25_MADX_20220331_CS_917_904_SORT_LWRP,2022-03-31
2022-1,LM,LM_15_CVB_20220402_CS_MB_5948_5943,2022-04-02
2022-1,LM,LM_15_CVB_20220403_CS_MB_5943_5938,2022-04-03
2022-1,LM,LM_26_HIK_20220403_CS_951_949_SORT,2022-04-03
2022-1,LM,LM_08_MVF_20220404_CS_MB_4950_4947,2022-04-04
2022-1,LM,LM_08_MVF_20220405_CS_MB_4942_4937,2022-04-05
2022-1,LM,LM_08_MVF_20220405_CS_MB_4947_4942,2022-04-05
2022-1,LM,LM_19_MEMX_20220405_CS_739_746_SORT_LWRP,2022-04-05
2022-1,LM,LM_08_MVF_20220406_CS_MB_4937_4932,2022-04-06
2022-1,LM,LM_08_MVF_20220407_CS_MB_4932_4927,2022-04-07
2022-1,LM,LM_15_CVB_20220407_CS_6082_6036,2022-04-07
2022-1,LM,LM_08_MVF_20220408_CS_MB_4927_4923,2022-04-08
2022-1,LM,LM_15_CVB_20220408_CS_6034_5990,2022-04-08
2022-1,LM,LM_19_MEMX_20220408_CS_739_733_SORT_LWRP,2022-04-08
2022-1,LM,LM_08_MVF_20220409_CS_MB_4923_4917,2022-04-09
2022-1,LM,LM_15_CVB_20220409_CS_5990_5984_ALL,2022-04-09
2022-1,LM,LM_08_MVF_20220411_CS_MB_4917_4913,2022-04-11
2022-1,LM,LM_24_CARX_20220411_CS_840_842_SORT_LWRP,2022-04-11
2022-1,LM,LM_08_MVF_20220412_CS_MB_4913_4908,2022-04-12
2022-1,LM,LM_14_VBO_20220412_CS_5938_5906,2022-04-12
2022-1,LM,LM_23_OSCX_20220412_CS_788_793_SORT_LWRP,2022-04-12
2022-1,LM,LM_14_VBO_20220413_CS_5904_5874,2022-04-13
2022-1,LM,LM_14_VBO_20220414_CS_5872_5834,2022-04-14
2022-1,LM,LM_25_MADX_20220414_CS_898_902_SORT_LWRP,2022-04-14
2022-1,LM,LM_14_VBO_20220418_CS_5832_5810,2022-04-18
2022-1,LM,LM_12_EYB_20220419_CS_5658_5640,2022-04-19
2022-1,LM,LM_13_OZE_20220419_CS_5690_5658,2022-04-19
2022-1,LM,LM_08_MVF_20220420_CS_MB_4908_4902,2022-04-20
2022-1,LM,LM_12_EYB_20220420_CS_5638_5616,2022-04-20
2022-1,LM,LM_13_OZE_20220420_CS_5720_5688,2022-04-20
2022-1,LM,LM_08_MVF_20220421_CS_MB_4902_4898,2022-04-21
2022-1,LM,LM_13_OZE_20220421_CS_5740_5722,2022-04-21
2022-1,LM,LM_08_MVF_20220422_CS_MB_4898_4892,2022-04-22
2022-1,LM,LM_13_OZE_20220422_CS_5778_5742,2022-04-22
2022-1,LM,LM_08_MVF_20220423_CS_MB_4892_4887,2022-04-23
2022-1,LM,LM_13_OZE_20220423_CS_5810_5774,2022-04-23
2022-1,LM,LM_08_MVF_20220424_CS_MB_4887_4882,2022-04-24
2022-1,LM,LM_08_MVF_20220426_CS_MB_4882_4878,2022-04-26
2022-1,LM,LM_08_MVF_20220428_CS_MB_4878_4873,2022-04-28
2022-1,LM,LM_12_EYB_20220428_CS_5638_5586,2022-04-28
2022-1,LM,LM_12_EYB_20220429_CS_5584_5566,2022-04-29
2022-1,LM,LM_12_EYB_20220502_CS_5532_5502,2022-05-02
2022-1,LM,LM_12_EYB_20220502_CS_5564_5534,2022-05-02
2022-1,LM,LM_08_MVF_20220504_CS_MB_4873_4868,2022-05-04
2022-1,LM,LM_08_MVF_20220505_CS_MB_4868_4863,2022-05-05
2022-1,LM,LM_16_OVLX_20220505_CS_607_610_SORT_LWRP,2022-05-05
2022-1,LM,LM_16_OVLX_20220505_CS_610_614_SORT_LWRP,2022-05-05
2022-1,LM,LM_08_MVF_20220506_CS_MB_4863_4858,2022-05-06
2022-1,LM,LM_11_YBS_20220506_CS_5502_5474,2022-05-06
2022-2,LM,LM_08_MVF_20220507_CS_MB_4858_4853,2022-05-07
2022-2,LM,LM_08_MVF_20220508_CS_MB_4853_4848,2022-05-08
2022-2,LM,LM_16_OVLX_20220508_CS_610_614_SORT_LWRP,2022-05-08
2022-2,LM,LM_08_MVF_20220509_CS_MB_4845_4840,2022-05-09
2022-2,LM,LM_08_MVF_20220509_CS_MB_4848_4845,2022-05-09
2022-2,LM,LM_11_YBS_20220509_CS_5472_5434,2022-05-09
2022-2,LM,LM_11_YBS_20220510_CS_5440_5406,2022-05-10
2022-2,LM,LM_08_MVF_20220511_CS_MB_4840_4835,2022-05-11
2022-2,LM,LM_11_YBS_20220511_CS_5404_5376,2022-05-11
2022-2,LM,LM_08_MVF_20220512_CS_MB_4835_4830,2022-05-12
2022-2,LM,LM_11_YBS_20220512_CS_5376_5368,2022-05-12
2022-2,LM,LM_16_OVLX_20220512_CS_607_610_SORT_LWRP,2022-05-12
2022-2,LM,LM_08_MVF_20220518_CS_MB_4830_4820,2022-05-18
2022-2,LM,LM_13_OZE_20220518_CS_5742_5673,2022-05-18
2022-2,LM,LM_25_MADX_20220519_CS_885_SORT_LWRP,2022-05-19
2022-2,LM,LM_08_MVF_20220520_CS_MB_4820_4815,2022-05-20
2022-2,LM,LM_08_MVF_20220521_CS_MB_4815_4811,2022-05-21
2022-2,LM,LM_08_MVF_20220522_CS_MB_4811_4807,2022-05-22
2022-2,LM,LM_01_HBR_20220523_CS_5147_25,2022-05-23
2022-2,LM,LM_11_YBS_20220527_CS_5368_5336,2022-05-27
2022-2,LM,LM_10_SSL_20220531_CS_5334_5306,2022-05-31
2022-2,LM,LM_10_SSL_20220601_CS_5304_5262,2022-06-01
2022-2,LM,LM_10_SSL_20220602_CS_5264_5234,2022-06-02
2022-2,LM,LM_08_MVF_20220603_CS_4946_4786,2022-06-03
2022-2,LM,LM_09_LPM_20220603_CS_5234_5226,2022-06-03
2022-2,LM,LM_08_MVF_20220604_CS_4958_4948,2022-06-04
2022-2,LM,LM_09_LPM_20220604_CS_5224_5192,2022-06-04
2022-2,LM,LM_09_LPM_20220605_CS_5190_5156,2022-06-05
2022-2,LM,LM_08_MVF_20220613_CS_MB_4807_4803,2022-06-13
2022-2,LM,LM_09_LPM_20220613_CS_5172_5148,2022-06-13
2022-2,LM,LM_07_FMB_20220614_CS_4560_4530,2022-06-14
2022-2,LM,LM_08_MVF_20220614_CS_MB_4803_4800,2022-06-14
2022-2,LM,LM_09_LPM_20220614_CS_5166_5114,2022-06-14
2022-2,LM,LM_07_FMB_20220615_CS_4598_4562,2022-06-15
2022-2,LM,LM_09_LPM_20220615_CS_5134_5094,2022-06-15
2022-2,LM,LM_06_MBV_20220616_CS_4530_4494,2022-06-16
2022-2,LM,LM_07_FMB_20220616_CS_4638_4600,2022-06-16
2022-2,LM,LM_09_LPM_20220616_CS_5092_5062,2022-06-16
2022-2,LM,LM_06_MBV_20220617_CS_4492_4460,2022-06-17
2022-2,LM,LM_07_FMB_20220617_CS_4680_4640,2022-06-17
2022-2,LM,LM_09_LPM_20220617_CS_5084_5034,2022-06-17
2022-2,LM,LM_06_MBV_20220620_CS_4458_4434,2022-06-20
2022-2,LM,LM_07_FMB_20220620_CS_4706_4530,2022-06-20
2022-2,LM,LM_09_LPM_20220620_CS_5032_4998,2022-06-20
2022-2,LM,LM_06_MBV_20220621_CS_4470_4414,2022-06-21
2022-2,LM,LM_07_FMB_20220621_CS_4720_4682,2022-06-21
2022-2,LM,LM_09_LPM_20220621_CS_4996_4958,2022-06-21
2022-2,LM,LM_07_FMB_20220622_CS_4762_4722,2022-06-22
2022-2,LM,LM_09_LPM_20220622_CS_4992_4966,2022-06-22
2022-2,LM,LM_07_FMB_20220623_CS_4786_4764,2022-06-23
2022-2,LM,LM_03_KGC_20220627_CS_3820_3802,2022-06-27
2022-2,LM,LM_03_KGC_20220628_CS_3800_3742,2022-06-28
2022-2,LM,LM_03_KGC_20220629_CS_3784_3758,2022-06-29
2022-2,LM,LM_23_OSCX_20220629_CS_796_791_SORT_LWRP,2022-06-29
2022-2,LM,LM_03_KGC_20220630_CS_3770_3754,2022-06-30
2022-2,LM,LM_03_KGC_20220701_CS_3752_3742,2022-07-01
2022-2,LM,LM_22_RANX_20220705_CS_772_769_SORT_LWRP,2022-07-05
2022-2,LM,LM_03_KGC_20220706_CS_3740_3702,2022-07-06
2022-2,LM,LM_11_YBS_20220706_CS,2022-07-06
2022-2,LM,LM_19_MEMX_20220706_CS_714_720_SORT_LWRP,2022-07-06
2022-2,LM,LM_03_KGC_20220707_CS_3700_3660,2022-07-07
2022-2,LM,LM_19_MEMX_20220707_CS_739_744_SORT_ACTUALDEPTHS,2022-07-07
2022-2,LM,LM_19_MEMX_20220707_CS_739_744_SORT_LWRP,2022-07-07
2022-2,LM,LM_19_MEMX_20220708_CS_755_757_SORT_ACTUALDEPTH,2022-07-08
2022-2,LM,LM_19_MEMX_20220708_CS_755_757_SORT_LWRP,2022-07-08
2022-2,LM,LM_04_GGK_20220711_CS_3950_3932,2022-07-11
2022-2,LM,LM_05_VGG_20220711_CS_4240_4210,2022-07-11
2022-2,LM,LM_04_GGK_20220712_CS_3990_3898,2022-07-12
2022-2,LM,LM_05_VGG_20220712_CS_4414_4162,2022-07-12
2022-2,LM,LM_04_GGK_20220713_CS_4020_3868,2022-07-13
2022-2,LM,LM_05_VGG_20220713_CS_4396_4116,2022-07-13
2022-2,LM,LM_25_MADX_20220713_CS_899_902_SORT_ACTUALDEPTH,2022-07-13
2022-2,LM,LM_25_MADX_20220713_CS_899_902_SORT_LWRP,2022-07-13
2022-2,LM,LM_04_GGK_20220714_CS_4050_3820,2022-07-14
2022-3,LM,LM_05_VGG_20220714_CS_4354_4088,2022-07-14
2022-3,LM,LM_02_GCG_20220715_CS_3660_3634,2022-07-15
2022-3,LM,LM_04_GGK_20220715_CS_4076_4052,2022-07-15
2022-3,LM,LM_05_VGG_20220715_CS_4304_4076,2022-07-15
2022-3,LM,LM_01_GCB_20220716_CS_3206_3200,2022-07-16
2022-3,LM,LM_02_GCG_20220716_CS_3632_3454,2022-07-16
2022-3,LM,LM_05_VGG_20220716_CS_4280_4242,2022-07-16
2022-3,LM,LM_01_GCB_20220717_CS_3454_3208,2022-07-17
2022-3,LM,LM_02_GCG_20220717_CS_3598_3476,2022-07-17
2022-3,LM,LM_01_GCB_20220718_CS_3408_3226,2022-07-18
2022-3,LM,LM_02_GCG_20220718_CS_3568_3514,2022-07-18
2022-3,LM,LM_19_MEMX_20220718_CS_739_746_SORT_ACTUALDEPTH,2022-07-18
2022-3,LM,LM_19_MEMX_20220718_CS_739_746_SORT_LWRP,2022-07-18
2022-3,LM,LM_01_GCB_20220719_CS_3368_3228,2022-07-19
2022-3,LM,LM_18_FRIX_20220719_CS_651_653_SORT_ACTUALDEPTH,2022-07-19
2022-3,LM,LM_18_FRIX_20220719_CS_651_653_SORT_LWRP,2022-07-19
2022-3,LM,LM_18_FRIX_20220719_CS_653_651_SORT_LWRP,2022-07-19
2022-3,LM,LM_01_GCB_20220720_CS_3306_3266,2022-07-20
2022-3,LM,LM_16_OVLX_20220720_CS_607_610_SORT_ACTUALDEPTH,2022-07-20
2022-3,LM,LM_16_OVLX_20220720_CS_607_610_SORT_LWRP,2022-07-20
2022-3,LM,LM_16_OVLX_20220720_CS_610_607_SORT_LWRP,2022-07-20
2022-3,LM,LM_01_GCB_20220721_CS_3352_3308,2022-07-21
2022-3,LM,LM_19_MEMX_20220725_CS_739_740_SORT_ACTUALDEPTHS,2022-07-25
2022-3,LM,LM_19_MEMX_20220725_CS_739_740_SORT_LWRP,2022-07-25
2022-3,LM,LM_19_MEMX_20220804_CS_758_759_SORT_LWRP,2022-08-04
2022-3,LM,LM_19_MEMX_20220810_CS_733_739_SORT_LWRP,2022-08-10
2022-3,LM,LM_19_MEMX_20220811_CS_726_724_SORT_LWRP,2022-08-11
2022-3,LM,LM_15_CVB_20220815_CS,2022-08-15
2022-3,LM,LM_25_MADX_20220822_CS_902_899_SORT_LWRP,2022-08-22
2022-3,LM,LM_19_MEMX_20220901_CS_756_SORT_LWRP,2022-09-01
2022-3,LM,LM_19_MEMX_20220902_CS_743_739_SORT_LWRP,2022-09-02
2022-3,LM,LM_23_OSCX_20220903_CS_793_798_SORT_LWRP,2022-09-03
2022-3,LM,LM_11_YBS_20220907_CS,2022-09-07
2022-3,LM,LM_22_RANX_20220907_CS_781_778_SORT_LWRP,2022-09-07
2022-3,LM,LM_07_FMB_20220908_CS,2022-09-08
2022-3,LM,LM_19_MEMX_20220908_CS_743_SORT_LWRP,2022-09-08
2022-3,LM,LM_16_OVLX_20220913_CS_610_607_SORT_LWRP,2022-09-13
2022-3,LM,LM_23_OSCX_20220916_CS_792_790_SORT_LWRP,2022-09-16
2022-3,LM,LM_19_MEMX_20220918_CS_741_739_SORT_LWRP,2022-09-18
2022-3,LM,LM_25_MADX_20220920_CS_902_899_SORT_LWRP,2022-09-20
2022-3,LM,LM_08_MVF_20220921_CS,2022-09-21
2022-3,LM,LM_14_VBO_20220926_CS,2022-09-26
2022-3,LM,LM_26_HIKX_20220926_CS_921_919_SORT_LWRP,2022-09-26
2022-3,LM,LM_08_MVF_20220927_CS,2022-09-27
2022-3,LM,LM_22_RANX_20220927_CS_771_769_SORT_LWRP,2022-09-27
2022-3,LM,LM_19_MEMX_20220928_CS_739_745_SORT_LWRP,2022-09-28
2022-3,LM,LM_18_FRIX_20220929_CS_680_682_SORT_LWRP,2022-09-29
2022-3,LM,LM_18_FRIX_20220929_CS_709_711_SORT_LWRP,2022-09-29
2022-3,LM,LM_10_SSL_20221004_CS,2022-10-04
2022-3,LM,LM_18_FRIX_20221004_CS_663_SORT_LWRP,2022-10-04
2022-3,LM,LM_05_VGG_20221006_CS,2022-10-06
2022-3,LM,LM_11_YBS_20221007_CS,2022-10-07
2022-3,LM,LM_25_MADX_20221011_CS_886_884_ACTUALDEPTHS,2022-10-11
2022-3,LM,LM_25_MADX_20221011_CS_886_884_SORT_ACTUALDEPTH,2022-10-11
2022-3,LM,LM_08_MVF_20221026_CS,2022-10-26
2022-3,LM,LM_10_SSL_20221027_CS,2022-10-27
2022-3,LM,LM_16_OVLX_20221028_CS_605_603_SORT_ACTUALDEPTHS,2022-10-28
2022-3,LM,LM_19_MEMX_20221029_CS_757_755_SORT_ACTUALDEPTHS,2022-10-29
2022-3,LM,LM_18_FRIX_20221031_CS_652_653_SORT_ACTUALDEPTH,2022-10-31
2022-3,LM,LM_24_CARX_20221103_CS_849_SORT_ACTUALDEPTH,2022-11-03
2022-3,LM,LM_24_CARX_20221104_CS_868_870_SORT_ACTUALDEPTH,2022-11-04
2022-3,LM,LM_18_FRIX_20221109_CS_705_704_ACTUALDEPTH,2022-11-09
2022-3,LM,LM_18_FRIX_20221109_CS_705_704_SORT_ACTUALDEPTH,2022-11-09
2022-3,LM,LM_18_FRIX_20221109_CS_705_704_SORT_ACTUALDEPTHS,2022-11-09
2022-3,LM,LM_18_FRIX_20221110_CS_682_681_SORT_ACTUALDEPTH,2022-11-10
2022-3,LM,LM_23_OSCX_20221111_CS_804_803_SORT_ACTUALDEPTH,2022-11-11
2022-3,LM,LM_24_CARX_20221115_CS_850_844_SORT_LWRP,2022-11-15
2022-3,LM,LM_11_YBS_20221122_CS,2022-11-22
2022-3,LM,LM_11_YBS_20221130_CS,2022-11-30
2022-3,LM,LM_08_MVF_20221212_CS,2022-12-12
2022-3,LM,LM_06_MBV_20221214_CS,2022-12-14
2022-3,LM,LM_07_FMB_20221215_CS,2022-12-15
2022-3,LM,LM_10_SSL_20221219_CS,2022-12-19
2022-3,LM,LM_09_LPM_20221220_CS,2022-12-20
2023-1,LM,LM_01_HBR_20230105_CS_5265_25,2023-01-05
2023-1,LM,LM_26_HIKX_20230411_CS_921_SORT_LWRP,2023-04-11
2023-1,LM,LM_23_OSCX_20230413_CS_785_SORT_ACTUALDEPTH,2023-04-13
2023-1,LM,LM_23_OSCX_20230413_CS_785_SORT_LWRP,2023-04-13
2023-1,LM,LM_22_RANX_20230420_CS_778_780_SORT_ACTUALDEPTH,2023-04-20
2023-1,LM,LM_22_RANX_20230420_CS_778_780_SORT_LWRP,2023-04-20
2023-1,LM,LM_15_CVB_20230511_CS_6170_6138,2023-05-11
2023-1,LM,LM_15_CVB_20230513_CS_6152_6100,2023-05-13
2023-1,LM,LM_15_CVB_20230514_CS_6098_6074,2023-05-14
2023-1,LM,LM_15_CVB_20230515_CS_6072_6034,2023-05-15
2023-1,LM,LM_15_CVB_20230516_CS_6032_598,2023-05-16
2023-1,LM,LM_14_VBO_20230519_CS_5840_5810,2023-05-19
2023-1,LM,LM_13_OZE_20230520_CS_5810_5774,2023-05-20
2023-1,LM,LM_14_VBO_20230520_CS_5884_5842,2023-05-20
2023-1,LM,LM_13_OZE_20230521_CS_5776_5726,2023-05-21
2023-1,LM,LM_14_VBO_20230521_CS_5938_5886,2023-05-21
2023-1,LM,LM_13_OZE_20230522_CS_5724_5658,2023-05-22
2023-1,LM,LM_25_MADX_20230601_CS_899_902_SORT_ACTUALDEPTH,2023-06-01
2023-1,LM,LM_26_HIKX_20230602_CS_929_923_SORT_ACTUALDEPTHS,2023-06-02
2023-1,LM,LM_26_HIKX_20230602_CS_929_923_SORT_LWRP,2023-06-02
2023-1,LM,LM_23_OSCX_20230603_CS_792_788_SORT_ACTUALDEPTHS,2023-06-03
2023-1,LM,LM_23_OSCX_20230603_CS_792_788_SORT_LWRP,2023-06-03
2023-1,LM,LM_19_MEMX_20230604_CS_746_739_SORT_ACTUALDEPTHS,2023-06-04
2023-1,LM,LM_19_MEMX_20230604_CS_746_739_SORT_LWRP,2023-06-04
2023-1,LM,LM_18_FRIX_20230605_CS_683_680_SORT_ACTUALDEPTHS,2023-06-05
2023-1,LM,LM_16_OVLX_20230606_CS_610_607_SORT_ACTUALDEPTH,2023-06-06
2023-1,LM,LM_17_CLDX_20230607_CS_620_622_SORT_LWRP,2023-06-07
2023-1,LM,LM_16_OVLX_20230613_CS_599_601_SORT_LWRP,2023-06-13
2023-1,LM,LM_19_MEMX_20230615_CS_741_740_SORT_ACTUALDEPTHS,2023-06-15
2023-1,LM,LM_24_CARX_20230616_CS_871_869_SORT_ACTUALDEPTHS,2023-06-16
2023-1,LM,LM_15_CVB_20230618_CS_MB_5982_5977,2023-06-18
2023-1,LM,LM_15_CVB_20230618_CS_MB_5986_5982,2023-06-18
2023-1,LM,LM_12_EYB_20230626_CS_5658_5634,2023-06-26
2023-1,LM,LM_11_YBS_20230627_CS_5502_5462,2023-06-27
2023-1,LM,LM_12_EYB_20230627_CS_5632_5580,2023-06-27
2023-1,LM,LM_11_YBS_20230628_CS_5460_5420,2023-06-28
2023-1,LM,LM_12_EYB_20230628_CS_5596_553,2023-06-28
2023-1,LM,LM_11_YBS_20230629_CS_5418_5380,2023-06-29
2023-1,LM,LM_12_EYB_20230629_CS_5530_5502,2023-06-29
2023-1,LM,LM_11_YBS_20230630_CS_5382_5368,2023-06-30
2023-1,LM,LM_19_MEMX_20230702_CS_739_745_SORT_ACTUALDEPTHS,2023-07-02
2023-1,LM,LM_24_CARX_20230703_CS_842_838_SORT_ACTUALDEPTHS,2023-07-03
2023-2,LM,LM_11_YBS_20230704_CS_5368_5326,2023-07-04
2023-2,LM,LM_10_SSL_20230705_CS_5324_5270,2023-07-05
2023-2,LM,LM_24_CARX_20230705_CS_849_SORT_ACTUALDEPTHS,2023-07-05
2023-2,LM,LM_24_CARX_20230705_CS_849_SORT_LWRP,2023-07-05
2023-2,LM,LM_10_SSL_20230706_CS_5268_5234,2023-07-06
2023-2,LM,LM_15_CVB_20230709_CS_MB_5957_5953,2023-07-09
2023-2,LM,LM_09_LPM_20230712_CS_5234_5182,2023-07-12
2023-2,LM,LM_19_MEMX_20230716_CS_739_745_SORT_ACTUALDEPTHS,2023-07-16
2023-2,LM,LM_09_LPM_20230718_CS_5180_5116,2023-07-18
2023-2,LM,LM_09_LPM_20230719_CS_5180_5116,2023-07-19
2023-2,LM,LM_23_OSCX_20230719_CS_790_792_SORT_ACTUALDEPTHS,2023-07-19
2023-2,LM,LM_09_LPM_20230720_CS_5180_5116,2023-07-20
2023-2,LM,LM_24_CARX_20230721_CS_871_869_SORT_ACTUALDEPTHS,2023-07-21
2023-2,LM,LM_24_CARX_20230721_CS_871_869_SORT_LWRP,2023-07-21
2023-2,LM,LM_22_RANX_20230722_CS_771_769_SORT_ACTUALDEPTHS,2023-07-22
2023-2,LM,LM_22_RANX_20230722_CS_771_769_SORT_LWRP,2023-07-22
2023-2,LM,LM_08_MVF_20230724_CS_4958_4940,2023-07-24
2023-2,LM,LM_09_LPM_20230724_CS_5180_5116,2023-07-24
2023-2,LM,LM_08_MVF_20230725_CS_4800_4786,2023-07-25
2023-2,LM,LM_19_MEMX_20230729_CS_756_758_SORT_ACTUALDEPTHS,2023-07-29
2023-2,LM,LM_07_FMB_20230801_CS_4588_4530,2023-08-01
2023-2,LM,LM_06_MBV_20230802_CS_4530_4524,2023-08-02
2023-2,LM,LM_07_FMB_20230802_CS_4640_4590,2023-08-02
2023-2,LM,LM_17_CLDX_20230802_CS_620_621_SORT_LWRP,2023-08-02
2023-2,LM,LM_06_MBV_20230803_CS_4522_4476,2023-08-03
2023-2,LM,LM_18_FRIX_20230803_CS_652_651_SORT_ACTUALDEPTHS,2023-08-03
2023-2,LM,LM_06_MBV_20230804_CS_4474_4414,2023-08-04
2023-2,LM,LM_07_FMB_20230804_CS_4680_4642,2023-08-04
2023-2,LM,LM_16_OVLX_20230804_CS_609_607_SORT_LWRP,2023-08-04
2023-2,LM,LM_16_OVLX_20230805_CS_610_616_SORT_ACTUALDEPTHS,2023-08-05
2023-2,LM,LM_07_FMB_20230807_CS_4722_4682,2023-08-07
2023-2,LM,LM_06_MBV_20230808_CS_4414_4384,2023-08-08
2023-2,LM,LM_05_VGG_20230809_CS_4382_4344,2023-08-09
2023-2,LM,LM_07_FMB_20230809_CS_4786_4724,2023-08-09
2023-2,LM,LM_18_FRIX_20230813_CS_712_710_SORT_LWRP,2023-08-13
2023-2,LM,LM_05_VGG_20230815_CS_4342_4316,2023-08-15
2023-2,LM,LM_05_VGG_20230816_CS_4314_4276,2023-08-16
2023-2,LM,LM_04_GGK_20230817_CS_3870_3820,2023-08-17
2023-2,LM,LM_05_VGG_20230817_CS_4274_4240,2023-08-17
2023-2,LM,LM_04_GGK_20230818_CS_3898_3872,2023-08-18
2023-2,LM,LM_04_GGK_20230821_CS_3954_3900,2023-08-21
2023-2,LM,LM_05_VGG_20230821_CS_4238_4210,2023-08-21
2023-3,LM,LM_04_GGK_20230822_CS_4012_3956,2023-08-22
2023-3,LM,LM_05_VGG_20230822_CS_4208_4162,2023-08-22
2023-3,LM,LM_03_KGC_20230823_CS_3820_3796,2023-08-23
2023-3,LM,LM_04_GGK_20230823_CS_4076_4012,2023-08-23
2023-3,LM,LM_05_VGG_20230823_CS_4160_4140,2023-08-23
2023-3,LM,LM_03_KGC_20230824_CS_3794_3756,2023-08-24
2023-3,LM,LM_05_VGG_20230824_CS_4138_4082,2023-08-24
2023-3,LM,LM_03_KGC_20230825_CS_3820_3730,2023-08-25
2023-3,LM,LM_03_KGC_20230826_CS_3729_3690,2023-08-26
2023-3,LM,LM_05_VGG_20230826_CS_4080_4076,2023-08-26
2023-3,LM,LM_03_KGC_20230827_CS_3688_3660,2023-08-27
2023-3,LM,LM_19_MEMX_20230829_CS_722_718_SORT_ACTUALDEPTHS,2023-08-29
2023-3,LM,LM_19_MEMX_20230829_CS_722_718_SORT_LWRP,2023-08-29
2023-3,LM,LM_19_MEMX_20230830_CS_757_756_SORT_ACTUALDEPTHS,2023-08-30
2023-3,LM,LM_19_MEMX_20230830_CS_757_756_SORT_LWRP,2023-08-30
2023-3,LM,LM_02_GCG_20230901_CS_3660_3642,2023-09-01
2023-3,LM,LM_19_MEMX_20230901_CS_739_745_SORT_ACTUALDEPTHS,2023-09-01
2023-3,LM,LM_19_MEMX_20230901_CS_739_745_SORT_LWRP,2023-09-01
2023-3,LM,LM_02_GCG_20230902_CS_3640_3622,2023-09-02
2023-3,LM,LM_02_GCG_20230903_CS_3620_3582,2023-09-03
2023-3,LM,LM_02_GCG_20230904_CS_3580_3542,2023-09-04
2023-3,LM,LM_02_GCG_20230905_CS_3540_3512,2023-09-05
2023-3,LM,LM_26_HIKX_20230905_CS_927_929_SORT_ACTUALDEPTHS,2023-09-05
2023-3,LM,LM_02_GCG_20230906_CS_3510_3472,2023-09-06
2023-3,LM,LM_26_HIKX_20230906_CS_927_925_SORT_ACTUALDEPTHS,2023-09-06
2023-3,LM,LM_02_GCG_20230907_CS_3470_3454,2023-09-07
2023-3,LM,LM_25_MADX_20230907_CS_917_915_SORT_ACTUALDEPTHS,2023-09-07
2023-3,LM,LM_01_GCB_20230908_CS_3454_3420,2023-09-08
2023-3,LM,LM_01_GCB_20230912_CS_3418_3380,2023-09-12
2023-3,LM,LM_01_GCB_20230913_CS_3378_3328,2023-09-13
2023-3,LM,LM_23_OSCX_20230913_CS_792_789_SORT_ACTUALDEPTHS,2023-09-13
2023-3,LM,LM_01_GCB_20230914_CS_3326_3282,2023-09-14
2023-3,LM,LM_16_OVLX_20230917_CS_603_606_SORT_ACTUALDEPTHS,2023-09-17
2023-3,LM,LM_18_FRIX_20230918_CS_680_683_SORT_ACTUALDEPTHS,2023-09-18
2023-3,LM,LM_18_FRIX_20230918_CS_696_693_SORT_ACTUALDEPTHS,2023-09-18
2023-3,LM,LM_01_GCB_20230919_CS_3280_3242,2023-09-19
2023-3,LM,LM_01_GCB_20230920_CS_3240_3200,2023-09-20
2023-3,LM,LM_19_MEMX_20230920_CS_743_735_SORT_ACTUALDEPTHS,2023-09-20
2023-3,LM,LM_18_FRIX_20230926_CS_695_696_SORT_ACTUALDEPTHS,2023-09-26
2023-3,LM,LM_18_FRIX_20230926_CS_703_705_SORT_ACTUALDEPTHS,2023-09-26
2023-3,LM,LM_01_LMR_20231017_CS,2023-10-17
2023-3,LM,LM_26_HIKX_20231121_CS_929_925_SORT_ACTUALDEPTHS,2023-11-21
2024-1,LM,LM_01_HBR_20240304_CS_5419_30,2024-03-04
2024-1,LM,LM_01_HBR_20240304_OT_5383_30,2024-03-04
2024-1,LM,LM_15_CVB_20240429_CS_6000_5984,2024-04-29
2024-1,LM,LM_15_CVB_20240430_CS_6044_6002,2024-04-30
2024-1,LM,LM_15_CVB_20240501_CS_6090_6046,2024-05-01
2024-1,LM,LM_15_CVB_20240503_CS_6130_6092,2024-05-03
2024-1,LM,LM_15_CVB_20240506_CS_6170_6132,2024-05-06
2024-1,LM,LM_14_VBO_20240517_CS_5938_5904,2024-05-17
2024-1,LM,LM_14_VBO_20240518_CS_5902_5862,2024-05-18
2024-1,LM,LM_14_VBO_20240519_CS_5860_5842,2024-05-19
2024-1,LM,LM_14_VBO_20240520_CS_5840_5810,2024-05-20
2024-1,LM,LM_13_OZE_20240528_CS_5674_5658,2024-05-28
2024-1,LM,LM_13_OZE_20240529_CS_5724_5676,2024-05-29
2024-1,LM,LM_15_CVB_20240529_CS_MB_5948_5943,2024-05-29
2024-1,LM,LM_13_OZE_20240530_CS_5770_5726,2024-05-30
2024-1,LM,LM_13_OZE_20240531_CS_5810_5772,2024-05-31
2024-1,LM,LM_15_CVB_20240531_CS_MB_5953_5948,2024-05-31
2024-1,LM,LM_15_CVB_20240601_CS_MB_5958_5953,2024-06-01
2024-1,LM,LM_12_EYB_20240603_CS_5658_5642,2024-06-03
2024-1,LM,LM_15_CVB_20240603_CS_MB_5963_5958,2024-06-03
2024-1,LM,LM_12_EYB_20240604_CS_5640_5636,2024-06-04
2024-1,LM,LM_15_CVB_20240604_CS_MB_5968_5963,2024-06-04
2024-1,LM,LM_15_CVB_20240604_CS_MB_5973_5968,2024-06-04
2024-1,LM,LM_12_EYB_20240605_CS_5636_5590,2024-06-05
2024-1,LM,LM_15_CVB_20240605_CS_MB_5978_5973,2024-06-05
2024-1,LM,LM_15_CVB_20240605_CS_MB_5983_5978,2024-06-05
2024-1,LM,LM_12_EYB_20240606_CS_5588_5548,2024-06-06
2024-1,LM,LM_15_CVB_20240606_CS_MB_5988_5983,2024-06-06
2024-1,LM,LM_12_EYB_20240610_CS_5546_5502,2024-06-10
2024-1,LM,LM_11_YBS_20240614_CS_5394_5368,2024-06-14
2024-1,LM,LM_11_YBS_20240618_CS_5414_5392,2024-06-18
2024-1,LM,LM_11_YBS_20240625_CS_5426_5394,2024-06-25
2024-1,LM,LM_11_YBS_20240626_CS_5468_5428,2024-06-26
2024-1,LM,LM_11_YBS_20240628_CS_5502_5470,2024-06-28
2024-1,LM,LM_10_SSL_20240702_CS_5368_5346,2024-07-02
2024-2,LM,LM_10_SSL_20240703_CS_5344_5306,2024-07-03
2024-2,LM,LM_10_SSL_20240704_CS_5304_5272,2024-07-04
2024-2,LM,LM_18_FRIX_20240709_CS_680_682_SORT_ACTUALDEPTHS,2024-07-09
2024-2,LM,LM_10_SSL_20240711_CS_5282_5234,2024-07-11
2024-2,LM,LM_09_LPM_20240716_CS_4996_4958,2024-07-16
2024-2,LM,LM_10_SSL_20240716_CS_5344_5344,2024-07-16
2024-2,LM,LM_09_LPM_20240717_CS_5046_4998,2024-07-17
2024-2,LM,LM_09_LPM_20240718_CS_5092_5048,2024-07-18
2024-2,LM,LM_08_MVF_20240722_CS_4958_4940,2024-07-22
2024-2,LM,LM_09_LPM_20240722_CS_5114_5094,2024-07-22
2024-2,LM,LM_07_FMB_20240723_CS_4786_4780,2024-07-23
2024-2,LM,LM_09_LPM_20240723_CS_5144_5116,2024-07-23
2024-2,LM,LM_07_FMB_20240724_CS_4778_4762,2024-07-24
2024-2,LM,LM_08_MVF_20240724_CS_4800_4786,2024-07-24
2024-2,LM,LM_09_LPM_20240724_CS_5182_5146,2024-07-24
2024-2,LM,LM_06_MBV_20240725_CS_4530_4518,2024-07-25
2024-2,LM,LM_09_LPM_20240725_CS_5234_5184,2024-07-25
2024-2,LM,LM_06_MBV_20240726_CS_4516_4478,2024-07-26
2024-2,LM,LM_07_FMB_20240729_CS_4760_4704,2024-07-29
2024-2,LM,LM_06_MBV_20240730_CS_4476_4414,2024-07-30
2024-2,LM,LM_07_FMB_20240730_CS_4702_4650,2024-07-30
2024-2,LM,LM_07_FMB_20240731_CS_4648_4602,2024-07-31
2024-2,LM,LM_05_VGG_20240801_CS_4414_4374,2024-08-01
2024-2,LM,LM_07_FMB_20240801_CS_4600_4532,2024-08-01
2024-2,LM,LM_04_GGK_20240803_CS_4076_4018,2024-08-03
2024-2,LM,LM_04_GGK_20240804_CS_4016_3958,2024-08-04
2024-2,LM,LM_04_GGK_20240805_CS_3956_3904,2024-08-05
2024-2,LM,LM_05_VGG_20240805_CS_4372_4328,2024-08-05
2024-2,LM,LM_04_GGK_20240806_CS_3902_3852,2024-08-06
2024-2,LM,LM_05_VGG_20240806_CS_4326_4276,2024-08-06
2024-2,LM,LM_18_FRIX_20240806_CS_684_688_SORT_ACTUALDEPTHS,2024-08-06
2024-2,LM,LM_04_GGK_20240807_CS_3850_3820,2024-08-07
2024-2,LM,LM_05_VGG_20240807_CS_4274_4226,2024-08-07
2024-2,LM,LM_04_GGK_20240808_CS_4024_4020,2024-08-08
2024-3,LM,LM_05_VGG_20240808_CS_4224_4168,2024-08-08
2024-3,LM,LM_03_KGC_20240809_CS_3820_3770,2024-08-09
2024-3,LM,LM_05_VGG_20240809_CS_4166_4114,2024-08-09
2024-3,LM,LM_03_KGC_20240812_CS_3768_3708,2024-08-12
2024-3,LM,LM_03_KGC_20240813_CS_3706_3660,2024-08-13
2024-3,LM,LM_05_VGG_20240813_CS_4112_4076,2024-08-13
2024-3,LM,LM_18_FRIX_20240813_CS_709_712_SORT_ACTUALDEPTHS,2024-08-13
2024-3,LM,LM_26_HIKX_20240814_CS_919_922_SORT_ACTUALDEPTHS,2024-08-14
2024-3,LM,LM_02_GCG_20240815_CS_3660_3624,2024-08-15
2024-3,LM,LM_05_VGG_20240815_CS_4166_4114,2024-08-15
2024-3,LM,LM_02_GCG_20240816_CS_3624_3612,2024-08-16
2024-3,LM,LM_02_GCG_20240817_CS_3610_3542,2024-08-17
2024-3,LM,LM_02_GCG_20240818_CS_3540_3474,2024-08-18
2024-3,LM,LM_02_GCG_20240819_CS_3472_3454,2024-08-19
2024-3,LM,LM_23_OSCX_20240826_CS_836_842_SORT_ACTUALDEPTHS,2024-08-26
2024-3,LM,LM_18_FRIX_20240903_CS_698_694_SORT_ACTUALDEPTHS,2024-09-03
2024-3,LM,LM_19_MEMX_20240903_CS_756_757_SORT_ACTUALDEPTHS,2024-09-03
2024-3,LM,LM_17_CLDX_20240904_CS_619_621_SORT_ACTUALDEPTHS,2024-09-04
2024-3,LM,LM_23_OSCX_20240909_CS_789_786_SORT_ACTUALDEPTHS,2024-09-09
2024-3,LM,LM_26_HIKX_20240911_CS_921_937_SORT_ACTUALDEPTHS,2024-09-11
2024-3,LM,LM_26_HIKX_20240911_CS_952_953_SORT_ACTUALDEPTHS,2024-09-11
2024-3,LM,LM_23_OSCX_20240919_CS_794_796_SORT_ACTUALDEPTHS,2024-09-19
2024-3,LM,LM_19_MEMX_20240923_CS_736_739_SORT_ACTUALDEPTHS,2024-09-23
2024-3,LM,LM_26_HIKX_20240923_CS_919_924_SORT_ACTUALDEPTHS,2024-09-23
2024-3,LM,LM_16_OVLX_20240924_CS_607_609_SORT_ACTUALDEPTHS,2024-09-24
2024-3,LM,LM_25_MADX_20240924_CS_913_916_SORT_ACTUALDEPTHS,2024-09-24
2024-3,LM,LM_26_HIKX_20240925_CS_924_919_SORT_ACTUALDEPTHS,2024-09-25
2024-3,LM,LM_18_FRIX_20240926_CS_701_706_SORT_ACTUALDEPTHS,2024-09-26
2024-3,LM,LM_18_FRIX_20240930_CS_704_705_SORT_ACTUALDEPTHS,2024-09-30
2024-3,LM,LM_19_MEMX_20240930_CS_739_740_SORT_ACTUALDEPTHS,2024-09-30
2024-3,LM,LM_26_HIKX_20241010_CS_922_927_SORT_ACTUALDEPTHS,2024-10-10
2024-3,LM,LM_18_FRIX_20241016_CS_709_712_SORT_ACTUALDEPTHS,2024-10-16
2024-3,LM,LM_23_OSCX_20241021_CS_783_786_SORT_ACTUALDEPTHS,2024-10-21
2024-3,LM,LM_23_OSCX_20241021_CS_802_804_SORT_ACTUALDEPTHS,2024-10-21
2025-1,LM,LM_01_HBR_20250116_CS_5518_30,2025-01-16
2025-1,LM,LM_01_HBR_20250116_OT_5517_30,2025-01-16
2025-1,LM,LM_01_HBR_20250224_AD_5547_30,2025-02-24
2025-1,LM,LM_15_CVB_20250325_CS_6170_6156,2025-03-25
2025-1,LM,LM_15_CVB_20250401_CS_6154_6148,2025-04-01
2025-1,LM,LM_15_CVB_20250402_CS_6154_6130,2025-04-02
2025-1,LM,LM_15_CVB_20250403_CS_6132_6106,2025-04-03
2025-1,LM,LM_15_CVB_20250404_CS_6106_6072,2025-04-04
2025-1,LM,LM_15_CVB_20250405_CS_6082_6050,2025-04-05
2025-1,LM,LM_15_CVB_20250406_CS_6048_6014,2025-04-06
2025-1,LM,LM_15_CVB_20250407_CS_6022_5984,2025-04-07
2025-1,LM,LM_15_CVB_20250415_CS_MB_5983_5978,2025-04-15
2025-1,LM,LM_15_CVB_20250415_CS_MB_5988_5983,2025-04-15
2025-1,LM,LM_15_CVB_20250416_CS_MB_5973_5968,2025-04-16
2025-1,LM,LM_15_CVB_20250416_CS_MB_5978_5973,2025-04-16
2025-1,LM,LM_15_CVB_20250417_CS_MB_5958_5953,2025-04-17
2025-1,LM,LM_15_CVB_20250417_CS_MB_5963_5958,2025-04-17
2025-1,LM,LM_15_CVB_20250417_CS_MB_5968_5963,2025-04-17
2025-1,LM,LM_15_CVB_20250421_CS_MB_5953_5948,2025-04-21
2025-1,LM,LM_15_CVB_20250422_CS_MB_5948_5943,2025-04-22
2025-1,LM,LM_14_VBO_20250423_CS_5938_5914,2025-04-23
2025-1,LM,LM_15_CVB_20250423_CS_MB_5943_5938,2025-04-23
2025-1,LM,LM_14_VBO_20250424_CS_5921_5900,2025-04-24
2025-1,LM,LM_14_VBO_20250425_CS_5888_5850,2025-04-25
2025-1,LM,LM_14_VBO_20250426_CS_5850_5820,2025-04-26
2025-1,LM,LM_14_VBO_20250427_CS_5818_5810,2025-04-27
2025-1,LM,LM_13_OZE_20250505_CS_5810_5802,2025-05-05
2025-1,LM,LM_13_OZE_20250507_CS_5800_5792,2025-05-07
2025-1,LM,LM_13_OZE_20250508_CS_5790_5778,2025-05-08
2025-1,LM,LM_13_OZE_20250509_CS_5776_5748,2025-05-09
2025-1,LM,LM_24_CARX_20250510_CS_849_SORT_ACTUALDEPTHS,2025-05-10
2025-1,LM,LM_13_OZE_20250511_CS_5746_5722,2025-05-11
2025-1,LM,LM_13_OZE_20250512_CS_5720_5672,2025-05-12
2025-1,LM,LM_13_OZE_20250513_CS_5680_5658,2025-05-13
2025-1,LM,LM_12_EYB_20250520_CS_5658_5622,2025-05-20
2025-1,LM,LM_12_EYB_20250521_CS_5620_5604,2025-05-21
2025-1,LM,LM_12_EYB_20250522_CS_5602_5584,2025-05-22
2025-1,LM,LM_12_EYB_20250523_CS_5582_5532,2025-05-23
2025-1,LM,LM_12_EYB_20250524_CS_5530_5502,2025-05-24
2025-1,LM,LM_11_YBS_20250525_CS_5502_5478,2025-05-25
2025-1,LM,LM_11_YBS_20250526_CS_5484_5448,2025-05-26
2025-1,LM,LM_11_YBS_20250527_CS_5458_5416,2025-05-27
2025-1,LM,LM_11_YBS_20250528_CS_5414_5406,2025-05-28
2025-1,LM,LM_11_YBS_20250602_CS_5404_5396,2025-06-02
2025-1,LM,LM_10_SSL_20250603_CS_5368_5330,2025-06-03
2025-1,LM,LM_11_YBS_20250603_CS_5412_5368,2025-06-03
2025-1,LM,LM_09_LPM_20250604_CS_5234_5220,2025-06-04
2025-1,LM,LM_10_SSL_20250604_CS_5328_5286,2025-06-04
2025-1,LM,LM_09_LPM_20250605_CS_5218_5206,2025-06-05
2025-1,LM,LM_10_SSL_20250605_CS_5284_5262,2025-06-05
2025-1,LM,LM_09_LPM_20250606_CS_5204_5176,2025-06-06
2025-1,LM,LM_10_SSL_20250606_CS_5260_5234,2025-06-06
2025-1,LM,LM_11_YBS_20250606_CS_5386_5384,2025-06-06
2025-1,LM,LM_09_LPM_20250607_CS_5176_5142,2025-06-07
2025-1,LM,LM_08_MVF_20250609_CS_4958_4938,2025-06-09
2025-1,LM,LM_09_LPM_20250609_CS_5140_5116,2025-06-09
2025-1,LM,LM_07_FMB_20250610_CS_4786_4776,2025-06-10
2025-1,LM,LM_08_MVF_20250610_CS_4936_4896,2025-06-10
2025-1,LM,LM_09_LPM_20250610_CS_5140_5088,2025-06-10
2025-1,LM,LM_18_FRIX_20250610_CS_709_712_SORT_ACTUALDEPTHS,2025-06-10
2025-1,LM,LM_08_MVF_20250611_CS_4894_4862,2025-06-11
2025-2,LM,LM_09_LPM_20250611_CS_5100_5086,2025-06-11
2025-2,LM,LM_19_MEMX_20250612_CS_732_734_SORT_ACTUALDEPTHS,2025-06-12
2025-2,LM,LM_19_MEMX_20250612_CS_735_738_SORT_ACTUALDEPTHS,2025-06-12
2025-2,LM,LM_19_MEMX_20250613_CS_739_744_SORT_ACTUALDEPTHS,2025-06-13
2025-2,LM,LM_09_LPM_20250616_CS_5086_5064,2025-06-16
2025-2,LM,LM_19_MEMX_20250616_CS_755_758_SORT_ACTUALDEPTHS,2025-06-16
2025-2,LM,LM_07_FMB_20250617_CS_4774_4736,2025-06-17
2025-2,LM,LM_08_MVF_20250617_CS_4860_4826,2025-06-17
2025-2,LM,LM_09_LPM_20250617_CS_5082_5046,2025-06-17
2025-2,LM,LM_16_OVLX_20250617_CS_607_609_SORT_ACTUALDEPTHS,2025-06-17
2025-2,LM,LM_17_CLDX_20250617_CS_619_621_SORT_ACTUALDEPTHS,2025-06-17
2025-2,LM,LM_07_FMB_20250618_CS_4734_4696,2025-06-18
2025-2,LM,LM_08_MVF_20250618_CS_4824_4786,2025-06-18
2025-2,LM,LM_09_LPM_20250618_CS_5044_5002,2025-06-18
2025-2,LM,LM_18_FRIX_20250618_CS_651_653_SORT_ACTUALDEPTHS,2025-06-18
2025-2,LM,LM_18_FRIX_20250618_CS_679_682_SORT_ACTUALDEPTHS,2025-06-18
2025-2,LM,LM_06_MBV_20250619_CS_4456_4414,2025-06-19
2025-2,LM,LM_07_FMB_20250619_CS_4694_4676,2025-06-19
2025-2,LM,LM_09_LPM_20250619_CS_5000_4958,2025-06-19
2025-2,LM,LM_06_MBV_20250620_CS_4490_4458,2025-06-20
2025-2,LM,LM_07_FMB_20250620_CS_4674_4636,2025-06-20
2025-2,LM,LM_06_MBV_20250621_CS_4530_4492,2025-06-21
2025-2,LM,LM_07_FMB_20250621_CS_4634_4604,2025-06-21
2025-2,LM,LM_07_FMB_20250622_CS_4602_4570,2025-06-22
2025-2,LM,LM_07_FMB_20250623_CS_4568_4530,2025-06-23
2025-2,LM,LM_18_FRIX_20250625_CS_709_712_SORT_ACTUALDEPTHS,2025-06-25
2025-2,LM,LM_10_SSL_20250702_CS_5368_5346,2025-07-02
2025-2,LM,LM_04_GGK_20250704_CS_3846_3820,2025-07-04
2025-2,LM,LM_04_GGK_20250705_CS_3898_3848,2025-07-05
2025-2,LM,LM_04_GGK_20250706_CS_3888_3868,2025-07-06
2025-2,LM,LM_04_GGK_20250707_CS_3928_3890,2025-07-07
2025-2,LM,LM_04_GGK_20250708_CS_3950_3914,2025-07-08
2025-2,LM,LM_04_GGK_20250709_CS_3980_3952,2025-07-09
2025-2,LM,LM_05_VGG_20250709_CS_4414_4400,2025-07-09
2025-2,LM,LM_04_GGK_20250710_CS_3980_3952,2025-07-10
2025-2,LM,LM_26_HIKX_20250713_CS_921_SORT_ACTUALDEPTHS,2025-07-13
2025-2,LM,LM_01_GCB_20250714_CS_MB_3263_3258,2025-07-14
2025-2,LM,LM_01_GCB_20250714_CS_MB_3268_3263,2025-07-14
2025-2,LM,LM_01_GCB_20250714_CS_MB_3273_3268,2025-07-14
2025-2,LM,LM_04_GGK_20250714_CS_4034_4006,2025-07-14
2025-2,LM,LM_05_VGG_20250714_CS_4398_4372,2025-07-14
2025-2,LM,LM_01_GCB_20250715_CS_MB_3278_3273,2025-07-15
2025-2,LM,LM_01_GCB_20250715_CS_MB_3283_3278,2025-07-15
2025-2,LM,LM_01_GCB_20250715_CS_MB_3288_3283,2025-07-15
2025-2,LM,LM_04_GGK_20250715_CS_4062_4018,2025-07-15
2025-2,LM,LM_05_VGG_20250715_CS_4370_4328,2025-07-15
2025-2,LM,LM_01_GCB_20250716_CS_MB_3293_3288,2025-07-16
2025-2,LM,LM_04_GGK_20250716_CS_4076_4056,2025-07-16
2025-2,LM,LM_05_VGG_20250716_CS_4326_4286,2025-07-16
2025-2,LM,LM_01_GCB_20250717_CS_MB_3298_3293,2025-07-17
2025-2,LM,LM_05_VGG_20250717_CS_4373_4252,2025-07-17
2025-2,LM,LM_03_KGC_20250718_CS_3692_3660,2025-07-18
2025-2,LM,LM_05_VGG_20250718_CS_4250_4218,2025-07-18
2025-2,LM,LM_03_KGC_20250719_CS_3720_3694,2025-07-19
2025-2,LM,LM_05_VGG_20250719_CS_4216_4142,2025-07-19
2025-2,LM,LM_03_KGC_20250720_CS_3762_3722,2025-07-20
2025-2,LM,LM_03_KGC_20250721_CS_3784_3742,2025-07-21
2025-2,LM,LM_05_VGG_20250721_CS_4158_4126,2025-07-21
2025-2,LM,LM_18_FRIX_20250721_CS_709_712_SORT_ACTUALDEPTHS,2025-07-21
2025-2,LM,LM_03_KGC_20250722_CS_3782_3758,2025-07-22
2025-2,LM,LM_05_VGG_20250722_CS_4124_4076,2025-07-22
2025-3,LM,LM_22_RANX_20250722_CS_778_780_SORT_ACTUALDEPTHS,2025-07-22
2025-3,LM,LM_22_RANX_20250722_CS_782_785_SORT_ACTUALDEPTHS,2025-07-22
2025-3,LM,LM_01_GCB_20250723_CS_MB_3303_3298,2025-07-23
2025-3,LM,LM_01_GCB_20250723_CS_MB_3308_3303,2025-07-23
2025-3,LM,LM_01_GCB_20250723_CS_MB_3313_3308,2025-07-23
2025-3,LM,LM_03_KGC_20250723_CS_3820_3784,2025-07-23
2025-3,LM,LM_19_MEMX_20250723_CS_732_734_SORT_ACTUALDEPTHS,2025-07-23
2025-3,LM,LM_02_GCG_20250724_CS_3484_3454,2025-07-24
2025-3,LM,LM_25_MADX_20250724_CS_899_SORT_ACTUALDEPTHS,2025-07-24
2025-3,LM,LM_01_GCB_20250725_CS_3400_3382,2025-07-25
2025-3,LM,LM_02_GCG_20250725_CS_3512_3476,2025-07-25
2025-3,LM,LM_01_GCB_20250726_CS_3380_3320,2025-07-26
2025-3,LM,LM_02_GCG_20250726_CS_3552_3514,2025-07-26
2025-3,LM,LM_01_GCB_20250727_CS_3414_3250,2025-07-27
2025-3,LM,LM_02_GCG_20250727_CS_3580_3554,2025-07-27
2025-3,LM,LM_01_GCB_20250728_CS_3248_3224,2025-07-28
2025-3,LM,LM_02_GCG_20250728_CS_3628_3570,2025-07-28
2025-3,LM,LM_01_GCB_20250729_CS_3252_3200,2025-07-29
2025-3,LM,LM_02_GCG_20250729_CS_3660_3630,2025-07-29
2025-3,LM,LM_19_MEMX_20250730_CS_757_756_SORT_LWRP,2025-07-30
2025-3,LM,LM_18_FRIX_20250804_CS_709_712_SORT_ACTUALDEPTHS,2025-08-04
2025-3,LM,LM_18_FRIX_20250805_CS_694_698_SORT_ACTUALDEPTHS,2025-08-05
2025-3,LM,LM_18_FRIX_20250805_CS_694_698_SORT_LWRP,2025-08-05
2025-3,LM,LM_18_FRIX_20250805_CS_709_712_SORT_LWRP,2025-08-05
2025-3,LM,LM_19_MEMX_20250818_CS_732_734_SORT_ACTUAL_DEPTHS,2025-08-18
2025-3,LM,LM_26_HIK_20250818_CS_920_921_SORT_ELEVATION,2025-08-18
2025-3,LM,LM_26_HIKX_20250819_CS_951_953_SORT_ACTUAL_DEPTHS,2025-08-19
2025-3,LM,LM_26_HIKX_20250820_CS_929_931_SORT_ACTUAL_DEPTHS,2025-08-20
2025-3,LM,LM_24_CARX_20250821_CS_839_844_SORT_ACTUAL_DEPTHS,2025-08-21
2025-3,LM,LM_19_MEMX_20250825_CS_755_758_SORT_ACTUAL_DEPTHS,2025-08-25
2025-3,LM,LM_18_FRIX_20250826_CS_709_712_SORT_ACTUAL_DEPTHS,2025-08-26
2025-3,LM,LM_19_MEMX_20250827_CS_739_744_SORT_ACTUAL_DEPTHS,2025-08-27
2025-3,LM,LM_18_FRIX_20250902_CS_663_SORT_ACTUALDEPTH,2025-09-02
2025-3,LM,LM_19_MEMX_20250903_CS_732_734_SORT_ACTUALDEPTH,2025-09-03
2025-3,LM,LM_26_HIKX_20250903_CS_921_SORT_ACTUALDEPTH,2025-09-03
2025-3,LM,LM_18_FRIX_20250904_CS_709_712_SORT_ACTUALDEPTH,2025-09-04
2025-3,LM,LM_23_OSCX_20250905_CS_802_805_SORT_ACTUALDEPTH,2025-09-05
2025-3,LM,LM_23_OSCX_20250909_CS_802_804_SORT_ACTUALDEPTH,2025-09-09
2025-3,LM,LM_18_FRIX_20250927_CS_694_699_SORT_ACTUAL_DEPTHS,2025-09-27
2025-3,LM,LM_19_MEMX_20250929_CS_755_757_SORT_ACTUAL_DEPTHS,2025-09-29
2025-3,LM,LM_26_HIKX_20251001_CS_920_922,2025-10-01
2025-3,LM,LM_19_MEMX_20251002_CS_732_734_SORT_ACTUAL_DEPTHS,2025-10-02
2025-3,LM,LM_22_RANX_20251003_CS_778_780_SORT_ACTUAL_DEPTHS,2025-10-03
2025-3,LM,LM_18_FRIX_20251013_CS_709_711_SORT_ACTUAL_DEPTHS,2025-10-13
2025-3,LM,LM_23_OSCX_20251016_CS_803_805_SORT_ACTUAL_DEPTHS,2025-10-16
2025-3,LM,LM_26_HIKX_20251016_CS_920_922_ACTUAL_DEPTHS,2025-10-16
2025-3,LM,LM_26_HIKX_20251016_CS_920_922_SORT_ACTUAL_DEPTHS,2025-10-16
2025-3,LM,LM_19_MEMX_20251020_CS_739_744_SORT_ACTUAL_DEPTHS,2025-10-20
2025-3,LM,LM_19_MEMX_20251021_CS_734_736_SORT_ACTUAL_DEPTHS,2025-10-21
2025-3,LM,LM_18_FRIX_20251025_CS_704_709_SORT_ACTUAL_DEPTHS,2025-10-25
2025-3,LM,LM_18_FRIX_20251103_CS_709_711_SORT_ACTUALDEPTH,2025-11-03
2025-3,LM,LM_01_HBR_20251105_BD_5628_15,2025-11-05
2025-3,LM,LM_26_HIKX_20251117_CS_920_922_SORT_ACTUAL_DEPTHS,2025-11-17
2025-3,LM,LM_19_MEMX_20251201_CS_726_SORT_ACTUALDEPTHS,2025-12-01
2025-3,LM,LM_26_HIKX_20251211_CS_920_922_SORT_ACTUALDEPTHS,2025-12-11
2025-3,LM,LM_19_MEMX_20251212_CS_755_757_SORT_ACTUALDEPTHS,2025-12-12
2025-3,LM,LM_18_FRIX_20251215_CS_695_696_SORT_ACTUALDEPTHS,2025-12-15
2025-3,LM,LM_19_MEMX_20251215_CS_735_736_SORT_ACTUALDEPTHS,2025-12-15
2025-3,LM,LM_19_MEMX_20251217_CS_735_SORT_ACTUALDEPTHS,2025-12-17
2025-3,LM,LM_18_FRIX_20251219_CS_649_652_SORT_ACTUAL_DEPTH,2025-12-19
2026,UM,UM_SL_ILC_20260708_BD_2,2026-07-08
2026,UM,UM_SL_ILC_20260708_BD_3,2026-07-08
2026,UM,UM_SL_ILC_20260708_BD_4,2026-07-08
2026,UM,UM_SL_ILC_20260708_BD_5,2026-07-08
2026,UM,UM_SL_ILC_20260708_BD_6,2026-07-08
2026,UM,UM_SL_ILC_20260708_BD_7,2026-07-08
2026,LM,LM_12_EYB_20260421_CS_5570_5502,2026-04-21
2026,LM,LM_12_EYB_20260422_CS_5628_5572,2026-04-22
2026,LM,LM_12_EYB_20260423_CS_5658_5630,2026-04-23
2026,LM,LM_13_OZE_20260419_CS_5810_5792,2026-04-19
2026,LM,LM_13_OZE_20260420_CS_5790_5720,2026-04-20
2026,LM,LM_13_OZE_20260421_CS_5718_5658,2026-04-21
2026,LM,LM_14_VBO_20260417_CS_5938_5900,2026-04-17
2026,LM,LM_14_VBO_20260418_CS_5898_5852,2026-04-18
2026,LM,LM_14_VBO_20260419_CS_5850_5810,2026-04-19
2026,LM,LM_15_CVB_20260417_CS_6020_5984,2026-04-17
2026,LM,LM_15_CVB_20260417_CS_6078_6022,2026-04-17
2026,LM,LM_15_CVB_20260417_CS_6124_6080,2026-04-17
2026,LM,LM_15_CVB_20260417_CS_6170_6126,2026-04-17
2026,LM,LM_19_MEMX_20260113_CS_741_744_SORT_ACTUAL_DEPTHS,2026-01-13
2026,LM,LM_19_MEMX_20260115_CS_734_737_SORT_ACTUAL_DEPTHS,2026-01-15
2026,LM,LM_19_MEMX_20260427_CS_739_744_SORT_ACTUAL_DEPTHS,2026-04-27
2026,LM,LM_19_MEMX_20260428_CS_755_758_SORT_ACTUAL_DEPTHS,2026-04-28
2026,LM,LM_19_MEMX_20260506_CS_736_SORT_ACTUALDEPTHS,2026-05-06
2026,UM,UM_SL_CRC_20260211_CS_1,2026-02-11
2026,UM,UM_SL_DBC_20260116_CS_1,2026-01-16
2026,UM,UM_SL_DIC_20260120_CS_1,2026-01-20
2026,UM,UM_SL_DIC_20260122_CS_1,2026-01-22
2026,UM,UM_SL_DIC_20260210_BD_1,2026-02-10
2026,UM,UM_SL_EPC_20260115_CS_1,2026-01-15
2026,UM,UM_SL_ILC_20260213_CS_1,2026-02-13
2026,UM,UM_SL_ILC_20260224_BD_1,2026-02-24
2026,UM,UM_SL_ILC_20260224_BD_2,2026-02-24
2026,UM,UM_SL_PRC_20260212_CS_1,2026-02-12
2026,UM,UM_SL_RRC_20260209_CS_1,2026-02-09
2026,LM,LM_10_SSL_20260427_CS_5332_5276,2026-04-27
2026,LM,LM_10_SSL_20260428_CS_5276_5234,2026-04-28
2026,LM,LM_11_YBS_20260421_CS_5502_5368,2026-04-21
2026,LM,LM_11_YBS_20260422_CS_5502_5478,2026-04-22
2026,LM,LM_11_YBS_20260423_CS_5502_5478,2026-04-23
2026,LM,LM_19_MEMX_20260709_CS_755_758_SORT_ACTUAL_DEPTHS,2026-07-09
2026,LM,LM_19_MEMX_20260721_CS_733_734_SORT_ACTUAL_DEPTHS,2026-07-21
2026,LM,LM_19_MEMX_20260721_CS_735_736_SORT_ACTUAL_DEPTHS,2026-07-21
2026,LM,LM_19_MEMX_20260722_CS_739_746_SORT_ACTUAL_DEPTHS,2026-07-22
2026,LM,LM_19_MEMX_20260723_CS_736_739_SORT_ACTUAL_DEPTHS,2026-07-23
2026,UM,UM_SL_DIC_20260723_BD_1,2026-07-23
2026,UM,UM_SL_EPC_20260721_CS_1,2026-07-21
2026,UM,UM_SL_DBC_20260722_CS_1,2026-07-22
2026,UM,UM_SL_DIC_20260724_CS_1,2026-07-24
2026,UM,UM_SL_GTC_20260724_CS_1,2026-07-24
2026,UM,UM_SL_ILC_20260727_BD_1,2026-07-27
2026,UM,UM_SL_ILC_20260727_BD_2,2026-07-27
2026,LM,LM_18_FRIX_20260728_CS_679_682_SORT_ACTUAL_DEPTH,2026-07-28
2026,UM,UM_SL_GTC_20260727_CS_1,2026-07-27
2026,UM,UM_SL_RRC_20260727_CS_1,2026-07-27
2026,UM,UM_SL_DIC_20260730_BD_1,2026-07-30
2026,UM,UM_SL_ILC_20260728_BD_1,2026-07-28
2026,UM,UM_SL_ILC_20260728_BD_2,2026-07-28
2026,LM,LM_09_LPM_20260422_CS_5234_5176,2026-04-22
2026,LM,LM_09_LPM_20260423_CS_5174_5114,2026-04-23
2026,LM,LM_09_LPM_20260424_CS_5144_5062,2026-04-24
2026,LM,LM_09_LPM_20260425_CS_5060_5002,2026-04-25
2026,LM,LM_09_LPM_20260426_CS_5000_4990,2026-04-26
2026,LM,LM_09_LPM_20260427_CS_4988_4958,2026-04-27
2026,LM,LM_07_FMB_20260507_CS_4786_4748,2026-05-07
2026,LM,LM_07_FMB_20260508_CS_4746_4688,2026-05-08
2026,LM,LM_07_FMB_20260509_CS_4686_4530,2026-05-09
2026,LM,LM_07_FMB_20260510_CS_4622_4564,2026-05-10
2026,LM,LM_07_FMB_20260511_CS_4562_4530,2026-05-11
2026,LM,LM_08_MVF_20260504_CS_4958_4882,2026-05-04
2026,LM,LM_08_MVF_20260505_CS_4910_4840,2026-05-05
2026,LM,LM_08_MVF_20260506_CS_4874_4808,2026-05-06
2026,LM,LM_08_MVF_20260507_CS_4860_4786,2026-05-07
2026,UM,UM_SL_DIC_20260804_BD_1,2026-08-04
2026,UM,UM_SL_ILC_20260804_BD_1,2026-08-04
