,ID
0,LM_08_MVF_20220411_CS_MB_4917_4913
1,LM_19_MEMX_20230830_CS_757_756_SORT_ACTUALDEPTHS
2,LM_15_CVB_20210611_CS
3,LM_05_VGG_20210720_CS_4182_4148
4,LM_07_FMB_20150729_CS_4594_4644
5,LM_07_FMB_20180709_CS_4530_4784
6,LM_10_SSL_20220602_CS_5264_5234
7,LM_05_VGG_20240806_CS_4326_4276
8,LM_08_MVF_20220604_CS_4958_4948
9,LM_15_CVB_20220326_CS_MB_5987_5972
10,LM_08_MVF_20150627_CS_4890_4916
11,LM_08_MVF_20220422_CS_MB_4898_4892
12,LM_07_FMB_20150722_CS_4780_4786
13,LM_15_CVB_20190302_CS_MB_6002_5998
14,LM_15_CVB_20150516_CS_MB_5980_5989
15,LM_19_MEMX_20230901_CS_739_745_SORT_LWRP
16,LM_04_GGK_20220713_CS_4020_3868
17,LM_06_MBV_20180808_CS_MB_4385_4390
18,LM_07_FMB_20190624_CS_MB_4700_4705
19,LM_14_VBO_20230521_CS_5938_5886
20,LM_24_CARX_20210711_CS_840_842_SORT_ACTUALDEPTH
21,LM_03_KGC_20220630_CS_3770_3754
22,LM_15_CVB_20150524_CS_MB_5938_5943
23,LM_10_SSL_20240702_CS_5368_5346
24,LM_15_CVB_20170418_CS_MB_59675_59725
25,LM_03_KGC_20240812_CS_3768_3708
26,LM_25_MADX_20211103_CS_902_899_LWRP
27,LM_05_VGG_20160822_CS_4162_4214
28,LM_13_OZE_20180430_CS_5810_5796
29,LM_14_VBO_20190222_CS_5810_5842
30,LM_01_GCB_20150907_CS_3200_3224
31,LM_04_GGK_20220714_CS_4050_3820
32,LM_19_MEMX_20230702_CS_739_745_SORT_ACTUALDEPTHS
33,LM_15_CVB_20200424_CS_6094_6146
34,LM_07_FMB_20160713_CS_MB_4718_4720
35,LM_15_CVB_20170421_CS_MB_59475_59525
36,LM_07_FMB_20230802_CS_4640_4590
37,LM_07_FMB_20230809_CS_4786_4724
38,LM_12_EYB_20160614_CS_5646_5658
39,LM_09_LPM_20210605_CS_5176_5148
40,LM_15_CVB_20170413_CS_MB_59975_60000
41,LM_16_OVLX_20210624_CS_607_604_SORT_LWRP
42,LM_07_FMB_20180813_CS_MB_4690_4695
43,LM_03_KGC_20150906_CS_3682_3702
44,LM_15_CVB_20200922_CS_5940_5970_SPECIAL
45,LM_10_SSL_20170608_CS
46,LM_11_YBS_20150610_CS_MB_5367_5368
47,LM_24_CARX_20210323_CS_870_866_MERIIWETHER_LWRP
48,LM_14_VBO_20220412_CS_5938_5906
49,LM_11_YBS_20160702_CS_MB_5333_5338
50,LM_08_MVF_20220409_CS_MB_4923_4917
51,LM_15_CVB_20150516_CS_MB_5976_5983
52,LM_15_CVB_20220325_CS_MB_5986_5982
53,LM_19_MEMX_20220908_CS_743_SORT_LWRP
54,LM_09_LPM_20190406_CS_5206_5224
55,LM_01_GCB_20220718_CS_3408_3226
56,LM_01_HBR_20240304_OT_5383_30
57,LM_07_FMB_20220614_CS_4560_4530
58,LM_11_YBS_20221007_CS
59,LM_08_MVF_20220518_CS_MB_4830_4820
60,LM_25_MADX_20211026_CS_902_898_SORT_LWRP
61,LM_09_LPM_20200527_CS_5018_5044
62,LM_06_MBV_20170718_CS_MB_43475_43525
63,LM_11_YBS_20180514_CS_5490_5502
64,LM_14_VBO_20210922_CS
65,LM_07_FMB_20160718_CS_MB_4693_4698
66,LM_19_MEMX_20220718_CS_739_746_SORT_ACTUALDEPTH
67,LM_07_FMB_20160715_CS_MB_4703_4708
68,LM_14_VBO_20240517_CS_5938_5904
69,LM_08_MVF_20230725_CS_4800_4786
70,LM_15_CVB_20160426_CS_MB_5993_5998
71,LM_07_FMB_20160729_CS_MB_4678_4683
72,LM_08_MVF_20210818_CS
73,LM_15_CVB_20220407_CS_6082_6036
74,LM_02_GCG_20190531_CS_3646_3660
75,LM_06_MBV_20180815_CS_MB_4355_4360
76,LM_01_GCB_20190612_CS_3304_3344
77,LM_07_FMB_20170717_CS
78,LM_15_CVB_20200428_CS_MB_5998_6000
79,LM_11_YBS_20200523_CS_5426_5484
80,LM_09_LPM_20170629_CS
81,LM_10_SSL_20230706_CS_5268_5234
82,LM_24_CARX_20210114_CS_870_866_MERRIWETHER_LWRP
83,LM_15_CVB_20160514_CS_6000_6028
84,LM_04_GGK_20160820_CS_3858_3908
85,LM_09_LPM_20150610_CS_5172_5194
86,LM_19_MEMX_20220901_CS_756_SORT_LWRP
87,LM_04_GGK_20150827_CS_3820_3860
88,LM_15_CVB_20170413_CS
89,LM_07_FMB_20190410_CS_4530_4552
90,LM_07_FMB_20150708_CS_MB_4718_4723
91,LM_02_GCG_20210803_CS_3504_3468
92,LM_11_YBS_20160705_CS_5451_5502
93,LM_07_FMB_20210620_CS_4754_4724
94,LM_08_MVF_20160727_CS_4820_4842
95,LM_01_GCB_20210820_CS_3454_3388
96,LM_14_VBO_20200430_CS_5902_5938
97,LM_12_EYB_20220429_CS_5584_5566
98,LM_08_MVF_20220405_CS_MB_4947_4942
99,LM_25_MADX_20220822_CS_902_899_SORT_LWRP
100,LM_11_YBS_20230630_CS_5382_5368
101,LM_15_CVB_20240604_CS_MB_5973_5968
102,LM_19_MEMX_20220708_CS_755_757_SORT_LWRP
103,LM_15_CVB_20190305_CS_MB_5983_5978
104,LM_11_YBS_20150613_CS_MB_5353_5358
105,LM_15_CVB_20160427_CS_MB_5983_5988
106,LM_05_VGG_20190504_CS_4144_4196
107,LM_15_CVB_20220327_CS_MB_5972_5967
108,LM_04_GGK_20160821_CS_3820_3856
109,LM_08_MVF_20170630_CS_MB_48675_48725
110,LM_10_SSL_20160627_CS_5234_5252
111,LM_15_CVB_20200501_CS_MB_5983_5988
112,LM_07_FMB_20190404_CS_4634_4676
113,LM_15_CVB_20220201_CS
114,LM_15_CVB_20200502_CS_MB_5973_5978
115,LM_15_CVB_20220325_CS_6170_615
116,LM_14_VBO_20170503_CS
117,LM_08_MVF_20220509_CS_MB_4845_4840
118,LM_10_SSL_20221004_CS
119,LM_22_RANX_20230722_CS_771_769_SORT_LWRP
120,LM_04_GGK_20230823_CS_4076_4012
121,LM_04_GGK_20170806_CS
122,LM_11_YBS_20160701_CS_MB_5338_5343
123,LM_12_EYB_20240605_CS_5636_5590
124,LM_15_CVB_20180804_CS_MB_5955_5960
125,LM_12_EYB_20150501_CS_5592_5636
126,LM_06_MBV_20150812_CS_MB_4382_4387
127,LM_07_FMB_20170713_CS_MB_46825_46875
128,LM_15_CVB_20200502_CS_MB_5958_5963
129,LM_07_FMB_20150724_CS_4668_4676
130,LM_19_MEMX_20211018_CS_737_735_SORT_LWRP
131,LM_12_EYB_20160623_CS_5576_5614
132,LM_06_MBV_20190719_CS_MB_4360_4365
133,LM_05_VGG_20150821_CS_4276_4350
134,LM_15_CVB_20160503_CS_MB_5938_5943
135,LM_08_MVF_20220407_CS_MB_4932_4927
136,LM_03_KGC_20220701_CS_3752_3742
137,LM_08_MVF_20180822_CS_MB_4850_4855
138,LM_13_OZE_20150422_CS_5794_5810
139,LM_11_YBS_20160707_CS_MB_5290_5293
140,LM_04_GGK_20230821_CS_3954_3900
141,LM_15_CVB_20180416_CS_6170_6000
142,LM_01_LMR_20200212_CS
143,LM_07_FMB_20220623_CS_4786_4764
144,LM_26_HIK_20170418_CS_9350_9450_SORT
145,LM_09_LPM_20180606_CS_4958_5234
146,LM_10_SSL_20190322_CS_5234_5238
147,LM_02_GCG_20150903_CS_3614_3660
148,LM_07_FMB_20230807_CS_4722_4682
149,LM_07_FMB_20220615_CS_4598_4562
150,LM_02_GCG_20180904_CS_3454_3660
151,LM_23_OSCX_20241021_CS_802_804_SORT_ACTUALDEPTHS
152,LM_11_YBS_20180516_CS_5394_5430
153,LM_06_MBV_20180801_CS_MB_4405_4410
154,LM_07_FMB_20180809_CS_MB_4710_4715
155,LM_11_YBS_20150629_CS_MB_5318_5323
156,LM_06_MBV_20170714_CS_MB_44075_44125
157,LM_15_CVB_20180730_CS_MB_5990_5995
158,LM_11_YBS_20160619_CS_MB_5363_5368
159,LM_09_LPM_20190411_CS_5088_5134
160,LM_01_GCB_20180911_CS_3200_3454
161,LM_11_YBS_20200522_CS_5402_5442
162,LM_15_CVB_20150414_CS_6000_6054
163,LM_07_FMB_20150801_CS_4530_4544
164,LM_04_GGK_20150822_CS_4048_4076
165,LM_07_FMB_20150730_CS_4546_4592
166,LM_18_FRIX_20230813_CS_712_710_SORT_LWRP
167,LM_15_CVB_20210425_CS_6026_6000
168,LM_15_CVB_20160429_CS_MB_5963_5968
169,LM_01_GCB_20220717_CS_3454_3208
170,LM_19_MEMX_20230920_CS_743_735_SORT_ACTUALDEPTHS
171,LM_15_CVB_20170419_CS
172,LM_12_EYB_20170518_CS
173,LM_23_OSCX_20230413_CS_785_SORT_LWRP
174,LM_01_GCB_20230913_CS_3378_3328
175,LM_09_LPM_20240718_CS_5092_5048
176,LM_14_VBO_20210425_CS_5902_5862
177,LM_06_MBV_20180813_CS_MB_4365_4370
178,LM_12_EYB_20210512_CS_5544_5502
179,LM_08_MVF_20170712_CS_MB_48225_48275
180,LM_05_VGG_20180728_CS_4076_4350
181,LM_06_MBV_20230802_CS_4530_4524
182,LM_05_VGG_20150820_CS_4300_4334
183,LM_15_CVB_20190313_CS_MB_5958_5953
184,LM_03_KGC_20190521_CS_3758_3796
185,LM_13_OZE_20160612_CS_5714_5732
186,LM_08_MVF_20190502_CS_4934_4936
187,LM_18_FRIX_20221109_CS_705_704_ACTUALDEPTH
188,LM_01_GCB_20210812_CS_3290_3232
189,LM_01_HBR_20230105_CS_5265_25
190,LM_06_MBV_20170719_CS_MB_43525_43575
191,LM_13_OZE_20220420_CS_5720_5688
192,LM_01_GCB_20170817_CS
193,LM_15_CVB_20190304_CS_MB_5988_5983
194,LM_08_MVF_20170625_CS_MB_48825_48875
195,LM_09_LPM_20240725_CS_5234_5184
196,LM_22_RANX_20211018_CS_774_769_SORT_LWRP
197,LM_05_VGG_20180724_CS_4076_4350
198,LM_08_MVF_20170711_CS_MB_48175_48225
199,LM_16_OVLX_20230606_CS_610_607_SORT_ACTUALDEPTH
200,LM_02_GCG_20170815_CS
201,LM_15_CVB_20160511_CS_6102_6136
202,LM_07_FMB_20170708_CS_MB_46875_46925
203,LM_15_CVB_20150521_CS_MB_5946_5954
204,LM_12_EYB_20220428_CS_5638_5586
205,LM_06_MBV_20150808_CS_MB_4408_4412
206,LM_08_MVF_20190522_CS_MB_4895_4900
207,LM_04_GGK_20220711_CS_3950_3932
208,LM_09_LPM_20220617_CS_5084_5034
209,LM_24_CARX_20210624_CS_842_840_SORT_LWRP
210,LM_04_GGK_20150823_CS_3996_4046
211,LM_07_FMB_20180708_CS_4530_4784
212,LM_08_MVF_20220509_CS_MB_4848_4845
213,LM_06_MBV_20170720_CS_MB_43875_43925
214,LM_08_MVF_20220505_CS_MB_4868_4863
215,LM_14_VBO_20210424_CS_5938_5904
216,LM_08_MVF_20190514_CS_4900_4906
217,LM_01_HBR_20180330_CS_4677_25
218,LM_04_GGK_20210717_CS_4030_3978
219,LM_10_SSL_20180531_CS_5234_5368
220,LM_01_GCB_20190611_CS_3250_3302
221,LM_08_MVF_20170712_CS_MB_48125_48175
222,LM_11_YBS_20160707_CS_5400_5412
223,LM_11_YBS_20160706_CS_5414_5450
224,LM_19_MEMX_20220928_CS_739_745_SORT_LWRP
225,LM_08_MVF_20220426_CS_MB_4882_4878
226,LM_06_MBV_20160808_CS_4462_4512
227,LM_09_LPM_20210609_CS_5072_5034
228,LM_15_CVB_20180417_CS_6170_6000
229,LM_09_LPM_20220605_CS_5190_5156
230,LM_09_LPM_20150605_CS_5194_5224
231,LM_15_CVB_20190909_CS_5940_5970_SPECIAL
232,LM_01_HBR_20170406_CS_4581_25
233,LM_14_VBO_20211129_CS
234,LM_08_MVF_20170630_CS_MB_48625_48675
235,LM_08_MVF_20190423_CS_4940_4958
236,LM_06_MBV_20160809_CS_4414_4460
237,LM_08_MVF_20170707_CS_MB_48375_48425
238,LM_02_GCG_20240815_CS_3660_3624
239,LM_24_CARX_20210711_CS_840_842_SORT_LWRP
240,LM_10_SSL_20150519_CS_5234_5268
241,LM_08_MVF_20190603_CS_MB_4835_4840
242,LM_07_FMB_20210623_CS_4672_4548
243,LM_08_MVF_20170712_CS_MB_48075_48125
244,LM_12_EYB_20170514_CS
245,LM_06_MBV_20170718_CS_MB_43975_44025
246,LM_24_CARX_20230703_CS_842_838_SORT_ACTUALDEPTHS
247,LM_07_FMB_20170725_CS
248,LM_08_MVF_20150720_CS_4824_4888
249,LM_09_LPM_20150613_CS_5072_5112
250,LM_01_GCB_20220721_CS_3352_3308
251,LM_05_VGG_20240808_CS_4224_4168
252,LM_13_OZE_20210507_CS_5794_5748
253,LM_18_FRIX_20220929_CS_709_711_SORT_LWRP
254,LM_05_VGG_20210719_CS_4146_4098
255,LM_06_MBV_20180816_CS_MB_4345_4350
256,LM_06_MBV_20180803_CS_MB_4395_4400
257,LM_07_FMB_20170701_CS_MB_47125_47175
258,LM_04_GGK_20150826_CS_3862_3906
259,LM_25_MADX_20211026_CS_902_898_LWRP
260,LM_10_SSL_20180601_CS_5234_5368
261,LM_04_GGK_20160817_CS_4018_4058
262,LM_15_CVB_20180731_CS_MB_5980_5985
263,LM_07_FMB_20240731_CS_4648_4602
264,LM_06_MBV_20160808_CS_MB_4367_4372
265,LM_19_MEMX_20230615_CS_741_740_SORT_ACTUALDEPTHS
266,LM_08_MVF_20210128_CS_4820_4900_SPECIAL
267,LM_06_MBV_20150729_CS_4510_4530
268,LM_06_MBV_20160810_CS_MB_4350_4352
269,LM_12_EYB_20160622_CS_5616_5644
270,LM_08_MVF_20210709_CS
271,LM_06_MBV_20170805_CS
272,LM_03_KGC_20150907_CS_3660_3680
273,LM_07_FMB_20240729_CS_4760_4704
274,LM_16_OVLX_20220720_CS_610_607_SORT_LWRP
275,LM_15_CVB_20190320_CS_6000_6024
276,LM_19_MEMX_20220408_CS_739_733_SORT_LWRP
277,LM_14_VBO_20170502_CS
278,LM_13_OZE_20150429_CS_5676_5700
279,LM_11_YBS_20220907_CS
280,LM_19_MEMX_20220725_CS_739_740_SORT_LWRP
281,LM_09_LPM_20150604_CS_5226_5234
282,LM_19_MEMX_20220810_CS_733_739_SORT_LWRP
283,LM_15_CVB_20190303_CS_MB_5993_5988
284,LM_25_MADX_20221011_CS_886_884_SORT_ACTUALDEPTH
285,LM_08_MVF_20180827_CS_MB_4810_4815
286,LM_01_GCB_20230914_CS_3326_3282
287,LM_15_CVB_20190316_CS_MB_5948_5942
288,LM_09_LPM_20150615_CS_4992_5032
289,LM_15_CVB_20210420_CS_6170_6152
290,LM_05_VGG_20180725_CS_4076_4350
291,LM_01_GCB_20180912_CS_3200_3454
292,LM_11_YBS_20150630_CS_MB_5308_5313
293,LM_13_OZE_20170509_CS
294,LM_12_EYB_20240604_CS_5640_5636
295,LM_19_MEMX_20230729_CS_756_758_SORT_ACTUALDEPTHS
296,LM_24_CARX_20230705_CS_849_SORT_ACTUALDEPTHS
297,LM_15_CVB_20240430_CS_6044_6002
298,LM_10_SSL_20240716_CS_5344_5344
299,LM_14_VBO_20200501_CS_5852_5900
300,LM_09_LPM_20170628_CS
301,LM_15_CVB_20180418_CS_6170_6000
302,LM_15_CVB_20190307_CS_MB_5963_5958
303,LM_25_MADX_20210311_CS_902_898_WINCHESTER_LWRP
304,LM_16_OVLX_20220720_CS_607_610_SORT_LWRP
305,LM_07_FMB_20190622_CS_MB_4710_4715
306,LM_15_CVB_20230618_CS_MB_5986_5982
307,LM_08_MVF_20170701_CS_MB_48525_48575
308,LM_15_CVB_20160501_CS_MB_5948_5953
309,LM_08_MVF_20220408_CS_MB_4927_4923
310,LM_22_RANX_20230722_CS_771_769_SORT_ACTUALDEPTHS
311,LM_15_CVB_20180413_CS_6170_6000
312,LM_08_MVF_20180827_CS_MB_4820_4825
313,LM_07_FMB_20220616_CS_4638_4600
314,LM_11_YBS_20150616_CS_MB_5343_5348
315,LM_26_HIKX_20241010_CS_922_927_SORT_ACTUALDEPTHS
316,LM_19_MEMX_20220811_CS_726_724_SORT_LWRP
317,LM_15_CVB_20230511_CS_6170_6138
318,LM_03_KGC_20180830_CS_3660_3820
319,LM_19_MEMX_20220405_CS_739_746_SORT_LWRP
320,LM_26_HIKX_20220926_CS_921_919_SORT_LWRP
321,LM_19_MEMX_20211018_CS_725_SORT_LWRP
322,LM_03_KGC_20220628_CS_3800_3742
323,LM_04_GGK_20170805_CS
324,LM_08_MVF_20170701_CS_MB_48575_48625
325,LM_15_CVB_20160513_CS_6030_6070
326,LM_08_MVF_20160720_CS_4890_4920
327,LM_08_MVF_20220423_CS_MB_4892_4887
328,LM_26_HIKX_20210121_CS_9314_927_LOWER_WOLF_LWRP
329,LM_16_OVLX_20230805_CS_610_616_SORT_ACTUALDEPTHS
330,LM_15_CVB_20220403_CS_MB_5943_5938
331,LM_01_HBR_20180914_BD_4754_10
332,LM_08_MVF_20160719_CS_4922_4958
333,LM_08_MVF_20201119_CS_4850_4880_SPECIAL
334,LM_07_FMB_20210621_CS_4722_4702
335,LM_04_GGK_20240806_CS_3902_3852
336,LM_13_OZE_20230522_CS_5724_5658
337,LM_18_FRIX_20240903_CS_698_694_SORT_ACTUALDEPTHS
338,LM_06_MBV_20190427_CS_4474_4530
339,LM_16_OVLX_20220508_CS_610_614_SORT_LWRP
340,LM_15_CVB_20190306_CS_MB_5973_5968
341,LM_02_GCG_20180907_CS_3454_3660
342,LM_03_KGC_20180904_CS_3660_3820
343,LM_03_KGC_20220629_CS_3784_3758
344,LM_08_MVF_20220921_CS
345,LM_05_VGG_20180730_CS_4076_4350
346,LM_14_VBO_20170504_CS
347,LM_02_GCG_20180906_CS_3454_3660
348,LM_14_VBO_20190219_CS_5908_5938
349,LM_15_CVB_20160429_CS_MB_5958_5963
350,LM_13_OZE_20150430_CS_5658_5680
351,LM_03_KGC_20160826_CS_3792_3820
352,LM_03_KGC_20220627_CS_3820_3802
353,LM_03_KGC_20190523_CS_3660_3702
354,LM_08_MVF_20210527_CS_4800_4786
355,LM_06_MBV_20170714_CS_MB_44125_44150
356,LM_02_GCG_20210809_CS_3660_3548
357,LM_12_EYB_20240610_CS_5546_5502
358,LM_11_YBS_20150627_CS_MB_5323_5328
359,LM_05_VGG_20220715_CS_4304_4076
360,LM_01_GCB_20180909_CS_3200_3454
361,LM_12_EYB_20200512_CS_5584_5592
362,LM_19_MEMX_20230716_CS_739_745_SORT_ACTUALDEPTHS
363,LM_19_MEM_20150412_CS_7440_7506_SORT
364,LM_07_FMB_20190622_CS_MB_4715_4720
365,LM_05_VGG_20220712_CS_4414_4162
366,LM_09_LPM_20180607_CS_4958_5234
367,LM_11_YBS_20150503_CS_5382_5404
368,LM_15_CVB_20190325_CS_6100_6142
369,LM_14_VBO_20210427_CS_5822_5810
370,LM_26_HIK_20150315_CS_9532_9545_SORT
371,LM_06_MBV_20170721_CS_MB_43755_43825
372,LM_08_MVF_20190502_CS_MB_4925_4930
373,LM_14_VBO_20211018_CS
374,LM_15_CVB_20190828_CS_5940_5970_SPECIAL
375,LM_06_MBV_20160807_CS_MB_4377_4382
376,LM_07_FMB_20160802_CS_4530_4556
377,LM_09_LPM_20190417_CS_4978_5036
378,LM_15_CVB_20190317_CS_MB_5942_5938
379,LM_18_FRIX_20220719_CS_651_653_SORT_ACTUALDEPTH
380,LM_15_CVB_20190305_CS_MB_5978_5973
381,LM_18_FRIX_20240813_CS_709_712_SORT_ACTUALDEPTHS
382,LM_10_SSL_20150517_CS_5278_5290
383,LM_15_CVB_20220402_CS_MB_5948_5943
384,LM_14_VBO_20230520_CS_5884_5842
385,LM_06_MBV_20240730_CS_4476_4414
386,LM_04_GGK_20150825_CS_3908_3934
387,LM_14_VBO_20240519_CS_5860_5842
388,LM_01_GCB_20150908_CS_3226_3280
389,LM_13_OZE_20200509_CS_5658_5692
390,LM_11_YBS_20220510_CS_5440_5406
391,LM_08_MVF_20220521_CS_MB_4815_4811
392,LM_26_HIKX_20220216_CS_928_936_SORT_LWRP
393,LM_05_VGG_20180729_CS_4076_4350
394,LM_01_GCB_20230919_CS_3280_3242
395,LM_05_VGG_20180726_CS_4076_4350
396,LM_05_VGG_20240815_CS_4166_4114
397,LM_08_MVF_20220522_CS_MB_4811_4807
398,LM_06_MBV_20160802_CS_MB_4407_4412
399,LM_06_MBV_20170721_CS_MB_43675_43725
400,LM_19_MEMX_20220708_CS_755_757_SORT_ACTUALDEPTH
401,LM_10_SSL_20220531_CS_5334_5306
402,LM_15_CVB_20210421_CS_6150_6128
403,LM_05_VGG_20150826_CS_4076_4104
404,LM_08_MVF_20190531_CS_MB_4855_4860
405,LM_08_MVF_20160726_CS_4846_4874
406,LM_13_OZE_20210508_CS_5746_5698
407,LM_08_MVF_20180823_CS_MB_4845_4850
408,LM_01_HBR_20250224_AD_5547_30
409,LM_13_OZE_20210509_CS_5696_5658
410,LM_09_LPM_20220620_CS_5032_4998
411,LM_09_LPM_20210610_CS_5032_4998
412,LM_08_MVF_20220603_CS_4946_4786
413,LM_06_MBV_20190706_CS_MB_4405_4414
414,LM_11_YBS_20150612_CS_MB_5358_5363
415,LM_26_HIKX_20240911_CS_921_937_SORT_ACTUALDEPTHS
416,LM_09_LPM_20160726_CS_5087_5124
417,LM_16_OVLX_20210314_CS_6104_6075_LACONIA_LWRP
418,LM_26_HIKX_20211021_CS_921_SORT_LWRP
419,LM_06_MBV_20220617_CS_4492_4460
420,LM_07_FMB_20190623_CS_MB_4705_4710
421,LM_19_MEMX_20240930_CS_739_740_SORT_ACTUALDEPTHS
422,LM_14_VBO_20240518_CS_5902_5862
423,LM_07_FMB_20220620_CS_4706_4530
424,LM_08_MVF_20180802_CS_488_481
425,LM_07_FMB_20150727_CS_MB_4673_4678
426,LM_04_GGK_20150824_CS_3936_3994
427,LM_08_MVF_20180825_CS_MB_4800_4805
428,LM_15_CVB_20200429_CS_MB_5993_5998
429,LM_08_MVF_20190528_CS_MB_4870_4875
430,LM_26_HIKX_20230905_CS_927_929_SORT_ACTUALDEPTHS
431,LM_24_CARX_20230616_CS_871_869_SORT_ACTUALDEPTHS
432,LM_06_MBV_20190715_CS_MB_4380_4385
433,LM_07_FMB_20221215_CS
434,LM_13_OZE_20180503_CS_5810_5796
435,LM_03_KGC_20230826_CS_3729_3690
436,LM_14_VBO_20211001_CS
437,LM_06_MBV_20221214_CS
438,LM_05_VGG_20190505_CS_4198_4246
439,LM_02_GCG_20230902_CS_3640_3622
440,LM_26_HIK_20210327_CS_933_WI2_SORT
441,LM_11_YBS_20150501_CS_5446_5490
442,LM_06_MBV_20220616_CS_4530_4494
443,LM_04_GGK_20190515_CS_3850_3896
444,LM_12_EYB_20190301_CS_5522_5556
445,LM_15_CVB_20190322_CS_6078_6098
446,LM_14_VBO_20160531_CS_5852_5896
447,LM_19_MEMX_20240903_CS_756_757_SORT_ACTUALDEPTHS
448,LM_18_FRIX_20221109_CS_705_704_SORT_ACTUALDEPTHS
449,LM_11_YBS_20230704_CS_5368_5326
450,LM_13_OZE_20160613_CS_5658_5712
451,LM_06_MBV_20180801_CS_MB_4410_4415
452,LM_23_OSCX_20240909_CS_789_786_SORT_ACTUALDEPTHS
453,LM_10_SSL_20220601_CS_5304_5262
454,LM_11_YBS_20240614_CS_5394_5368
455,LM_07_FMB_20220908_CS
456,LM_09_LPM_20230724_CS_5180_5116
457,LM_10_SSL_20230705_CS_5324_5270
458,LM_07_FMB_20240730_CS_4702_4650
459,LM_19_MEMX_20230901_CS_739_745_SORT_ACTUALDEPTHS
460,LM_11_YBS_20210517_CS_5404_5368
461,LM_07_FMB_20210622_CS_4700_4530
462,LM_15_CVB_20180731_CS_MB_5985_5990
463,LM_08_MVF_20220406_CS_MB_4937_4932
464,LM_15_CVB_20150515_CS_MB_5987_5993
465,LM_02_GCG_20190604_CS_3454_3496
466,LM_16_OVL_20170322_CS_5981_5990_SORT
467,LM_03_KGC_20180903_CS_3660_3820
468,LM_04_GGK_20220712_CS_3990_3898
469,LM_13_OZE_20170510_CS
470,LM_15_CVB_20180802_CS_MB_5960_5965
471,LM_11_YBS_20150702_CS_MB_5293_5298
472,LM_25_MADX_20220713_CS_899_902_SORT_ACTUALDEPTH
473,LM_07_FMB_20160719_CS_MB_4688_4693
474,LM_09_LPM_20170706_CS
475,LM_09_LPM_20190410_CS_5120_5150
476,LM_07_FMB_20180702_CS_4530_4784
477,LM_14_VBO_20160530_CS_5898_5938
478,LM_15_CVB_20180414_CS_6170_6000
479,LM_02_GCG_20150904_CS_3562_3612
480,LM_10_SSL_20190324_CS_5254_5326
481,LM_07_FMB_20150724_CS_MB_4688_4693
482,LM_09_LPM_20170709_CS
483,LM_08_MVF_20190531_CS_MB_4850_4855
484,LM_12_EYB_20220420_CS_5638_5616
485,LM_09_LPM_20221220_CS
486,LM_05_VGG_20170803_CS
487,LM_02_GCG_20170813_CS
488,LM_06_MBV_20150730_CS_4480_4508
489,LM_02_GCG_20220717_CS_3598_3476
490,LM_06_MBV_20170719_CS_MB_43925_43975
491,LM_05_VGG_20210722_CS_4288_4244
492,LM_11_YBS_20230627_CS_5502_5462
493,LM_05_VGG_20230817_CS_4274_4240
494,LM_01_GCB_20230912_CS_3418_3380
495,LM_08_MVF_20170702_CS_MB_48425_48475
496,LM_05_VGG_20230822_CS_4208_4162
497,LM_08_MVF_20220613_CS_MB_4807_4803
498,LM_06_MBV_20170721_CS_MB_43725_43775
499,LM_18_FRIX_20211018_CS_663_SORT_LWRP
500,LM_06_MBV_20190716_CS_MB_4375_4380
501,LM_09_LPM_20180608_CS_4958_5234
502,LM_08_MVF_20220428_CS_MB_4878_4873
503,LM_12_EYB_20230629_CS_5530_5502
504,LM_22_RAN_20150410_CS_7730_7799_SORT
505,LM_13_OZE_20180502_CS_5810_5796
506,LM_18_FRIX_20241016_CS_709_712_SORT_ACTUALDEPTHS
507,LM_07_FMB_20190627_CS_MB_4685_4690
508,LM_18_FRIX_20220719_CS_653_651_SORT_LWRP
509,LM_24_CARX_20210624_CS_870_866_SORT_LWRP
510,LM_15_CVB_20190824_CS_5940_5970_SPECIAL
511,LM_01_GCB_20220716_CS_3206_3200
512,LM_13_OZE_20220518_CS_5742_5673
513,LM_15_CVB_20220409_CS_5990_5984_ALL
514,LM_11_YBS_20200521_CS_5368_5402
515,LM_23_OSCX_20240826_CS_836_842_SORT_ACTUALDEPTHS
516,LM_08_MVF_20190601_CS_MB_4845_4850
517,LM_07_FMB_20160714_CS_MB_4708_4713
518,LM_07_FMB_20190629_CS_MB_4675_4680
519,LM_05_VGG_20230824_CS_4138_4082
520,LM_01_HBR_20200421_OT_4915_25
521,LM_07_FMB_20170711_CS_MB_46925_46975
522,LM_10_SSL_20180530_CS_5234_5368
523,LM_08_MVF_20190508_CS_MB_4920_4925
524,LM_26_HIKX_20210624_CS_931_927_SORT_LWRP
525,LM_09_LPM_20180613_CS_4958_5234
526,LM_07_FMB_20170716_CS_MB_46725_46775
527,LM_17_CLDX_20240904_CS_619_621_SORT_ACTUALDEPTHS
528,LM_11_YBS_20160706_CS_MB_5303_5308
529,LM_09_LPM_20150616_CS_4958_4990
530,LM_09_LPM_20160727_CS_5048_5082
531,LM_15_CVB_20150513_CS_MB_5998_6000
532,LM_14_VBO_20220926_CS
533,LM_26_HIKX_20210624_CS_936_931_SORT_LWRP
534,LM_09_LPM_20190407_CS_5170_5204
535,LM_13_OZE_20230521_CS_5776_5726
536,LM_01_HBR_20210420_CS_5040_25
537,LM_07_FMB_20240723_CS_4786_4780
538,LM_15_CVB_20160502_CS_MB_5943_5948
539,LM_08_MVF_20190509_CS_MB_4915_4920
540,LM_23_OSCX_20220903_CS_793_798_SORT_LWRP
541,LM_13_OZE_20190307_CS_5658_5698
542,LM_18_FRIX_20230803_CS_652_651_SORT_ACTUALDEPTHS
543,LM_10_SSL_20240703_CS_5344_5306
544,LM_05_VGG_20221006_CS
545,LM_04_GGK_20190510_CS_3992_4032
546,LM_09_LPM_20180610_CS_4958_5234
547,LM_10_SSL_20190325_CS_5328_5368
548,LM_06_MBV_20230808_CS_4414_4384
549,LM_15_CVB_20220328_CS_MB_5962_5958
550,LM_26_HIKX_20240814_CS_919_922_SORT_ACTUALDEPTHS
551,LM_12_EYB_20180508_CS_5502_5570
552,LM_12_EYB_20180506_CS_5634_5658
553,LM_11_YBS_20170602_CS
554,LM_18_FRI_20170328_CS_6610_6690_SORT
555,LM_03_KGC_20230827_CS_3688_3660
556,LM_08_MVF_20170713_CS_MB_48025_48075
557,LM_11_YBS_20170601_CS
558,LM_09_LPM_20230718_CS_5180_5116
559,LM_10_SSL_20240711_CS_5282_5234
560,LM_05_VGG_20170805_CS
561,LM_11_YBS_20160706_CS_MB_5293_5298
562,LM_08_MVF_20190401_CS_4786_4800
563,LM_06_MBV_20230804_CS_4474_4414
564,LM_08_MVF_20190512_CS_MB_4910_4915
565,LM_13_OZE_20230520_CS_5810_5774
566,LM_06_MBV_20190428_CS_4414_4472
567,LM_07_FMB_20160801_CS_4558_4606
568,LM_04_GGK_20180821_CS_3820_4076
569,LM_07_FMB_20190704_CS_MB_4680_4685
570,LM_04_GGK_20230818_CS_3898_3872
571,LM_23_OSCX_20220629_CS_796_791_SORT_LWRP
572,LM_08_MVF_20170624_CS_MB_48875_48925
573,LM_12_EYB_20210509_CS_5658_5620
574,LM_04_GGK_20180823_CS_3820_4076
575,LM_06_MBV_20180814_CS_MB_4360_4365
576,LM_06_MBV_20150810_CS_MB_4392_4397
577,LM_14_VBO_20210426_CS_5860_5824
578,LM_11_YBS_20150504_CS_5368_5380
579,LM_18_FRIX_20211018_CS_652_SORT_LWRP
580,LM_07_FMB_20170702_CS_MB_47075_47125
581,LM_09_LPM_20220622_CS_4992_4966
582,LM_09_LPM_20170708_CS
583,LM_05_VGG_20190508_CS_4330_4350
584,LM_06_MBV_20160805_CS_MB_4387_4392
585,LM_13_OZE_20220419_CS_5690_5658
586,LM_04_GGK_20230817_CS_3870_3820
587,LM_19_MEMX_20230604_CS_746_739_SORT_ACTUALDEPTHS
588,LM_23_OSCX_20230603_CS_792_788_SORT_ACTUALDEPTHS
589,LM_19_MEMX_20220804_CS_758_759_SORT_LWRP
590,LM_07_FMB_20240724_CS_4778_4762
591,LM_07_FMB_20190625_CS_MB_4695_4700
592,LM_11_YBS_20221130_CS
593,LM_02_GCG_20230905_CS_3540_3512
594,LM_04_GGK_20240807_CS_3850_3820
595,LM_18_FRIX_20221031_CS_652_653_SORT_ACTUALDEPTH
596,LM_08_MVF_20180827_CS_MB_4825_4830
597,LM_12_EYB_20230626_CS_5658_5634
598,LM_18_FRIX_20211018_CS_699_694_SORT_LWRP
599,LM_07_FMB_20180813_CS_MB_4685_4690
600,LM_05_VGG_20210721_CS_4242_4188
601,LM_08_MVF_20190619_CS_MB_4810_4815
602,LM_12_EYB_20220419_CS_5658_5640
603,LM_15_CVB_20180729_CS_MB_5995_6000
604,LM_26_HIKX_20230906_CS_927_925_SORT_ACTUALDEPTHS
605,LM_02_GCG_20170816_CS
606,LM_23_OSC_20150409_CS_7871_7877_SORT
607,LM_26_HIKX_20230602_CS_929_923_SORT_LWRP
608,LM_15_CVB_20210121_CS_5940_5970_SPECIAL
609,LM_25_MADX_20221011_CS_886_884_ACTUALDEPTHS
610,LM_10_SSL_20170609_CS
611,LM_07_FMB_20190402_CS_4764_4786
612,LM_15_CVB_20160427_CS_MB_5978_5983
613,LM_11_YBS_20160619_CS_MB_5358_5363
614,LM_19_MEMX_20240923_CS_736_739_SORT_ACTUALDEPTHS
615,LM_15_CVB_20230709_CS_MB_5957_5953
616,LM_08_MVF_20170628_CS_MB_48775_48825
617,LM_22_RANX_20230420_CS_778_780_SORT_LWRP
618,LM_08_MVF_20180825_CS_MB_4798_4800
619,LM_01_GCB_20210811_CS_3236_3200
620,LM_03_KGC_20190520_CS_3798_3820
621,LM_07_FMB_20240801_CS_4600_4532
622,LM_06_MBV_20160807_CS_4514_4530
623,LM_18_FRIX_20230605_CS_683_680_SORT_ACTUALDEPTHS
624,LM_05_VGG_20170808_CS
625,LM_23_OSCX_20211018_CS_785_SORT_LWRP
626,LM_18_FRI_20220303_CS_679_WAL_SORT
627,LM_09_LPM_20190418_CS_4958_4976
628,LM_16_OVLX_20230613_CS_599_601_SORT_LWRP
629,LM_11_YBS_20150617_CS_MB_5338_5343
630,LM_08_MVF_20200630_CS_4810_4880_SPECIAL
631,LM_12_EYB_20210510_CS_5610_5586
632,LM_18_FRIX_20230926_CS_703_705_SORT_ACTUALDEPTHS
633,LM_09_LPM_20160729_CS_4976_4996
634,LM_01_GCB_20160904_CS_3314_3454
635,LM_08_MVF_20221026_CS
636,LM_03_KGC_20170811_CS
637,LM_07_FMB_20170706_CS_MB_46975_47025
638,LM_05_VGG_20220711_CS_4240_4210
639,LM_24_CARX_20220411_CS_840_842_SORT_LWRP
640,LM_06_MBV_20190720_CS_MB_4350_4355
641,LM_15_CVB_20220325_CS_MB_5982_5987
642,LM_06_MBV_20150818_CS_MB_4347_4352
643,LM_15_CVB_20200426_CS_6012_6072
644,LM_05_VGG_20240807_CS_4274_4226
645,LM_10_SSL_20200717_CS_5245_5265_SPECIAL
646,LM_07_FMB_20220617_CS_4680_4640
647,LM_08_MVF_20210917_CS
648,LM_13_OZE_20220422_CS_5778_5742
649,LM_11_YBS_20150702_CS_MB_5290_5293
650,LM_15_CVB_20150519_CS_MB_5957_5962
651,LM_06_MBV_20240725_CS_4530_4518
652,LM_18_FRIX_20221004_CS_663_SORT_LWRP
653,LM_09_LPM_20160803_CS_4958_4974
654,LM_07_FMB_20190903_CS_4670_4720_SPECIAL
655,LM_05_VGG_20160823_CS_4124_4160
656,LM_03_KGC_20240813_CS_3706_3660
657,LM_06_MBV_20150804_CS_4414_4448
658,LM_19_MEMX_20221029_CS_757_755_SORT_ACTUALDEPTHS
659,LM_05_VGG_20150825_CS_4106_4140
660,LM_15_CVB_20180802_CS_MB_5965_5970
661,LM_19_MEMX_20220902_CS_743_739_SORT_LWRP
662,LM_09_LPM_20240716_CS_4996_4958
663,LM_19_MEMX_20211119_CS_746_741_SORT_LWRP
664,LM_08_MVF_20180826_CS_MB_4805_4810
665,LM_09_LPM_20190404_CS_5220_5234
666,LM_25_MAD_20150320_CS_8800_8860_SORT
667,LM_15_CVB_20170414_CS_MB_59825_59875
668,LM_08_MVF_20230724_CS_4958_4940
669,LM_04_GGK_20240804_CS_4016_3958
670,LM_07_FMB_20180814_CS_MB_4680_4685
671,LM_04_GGK_20160819_CS_3910_3956
672,LM_11_YBS_20160706_CS_MB_5308_5313
673,LM_26_HIK_20150317_CS_9300_9349_SORT
674,LM_18_FRIX_20221110_CS_682_681_SORT_ACTUALDEPTH
675,LM_08_MVF_20180810_CS_MB_4875_4880
676,LM_15_CVB_20170420_CS_MB_59525_59575
677,LM_06_MBV_20190719_CS_MB_4355_4360
678,LM_09_LPM_20200603_CS_5116_5144
679,LM_07_FMB_20150709_CS_MB_4713_4718
680,LM_05_VGG_20160820_CS_4266_4304
681,LM_07_FMB_20170710_CS_MB_47025_47075
682,LM_15_CVB_20220329_CS_MB_5958_5953
683,LM_09_LPM_20210611_CS_4996_4958
684,LM_12_EYB_20190304_CS_5502_5520
685,LM_11_YBS_20190307_CS_5450_5490
686,LM_15_CVB_20150517_CS_MB_5967_5973
687,LM_15_CVB_20200430_CS_MB_5948_6000
688,LM_15_CVB_20160428_CS_MB_5968_5973
689,LM_15_CVB_20200425_CS_6060_6158
690,LM_11_YBS_20160703_CS_MB_5328_5333
691,LM_15_CVB_20180807_CS_MB_5942_5946
692,LM_11_YBS_20160622_CS_MB_5353_5358
693,LM_09_LPM_20230712_CS_5234_5182
694,LM_08_MVF_20190530_CS_MB_4860_4865
695,LM_25_MADX_20230601_CS_899_902_SORT_ACTUALDEPTH
696,LM_08_MVF_20190502_CS_MB_4930_4935
697,LM_18_FRIX_20211026_CS_654_649_SORT_LWRP
698,LM_19_MEMX_20211027_CS_727_724_SORT_LWRP
699,LM_15_CVB_20170422_CS_MB_59425_59475
700,LM_08_MVF_20180628_CS_4786_4958
701,LM_12_EYB_20170517_CS
702,LM_08_MVF_20190501_CS_MB_4935_4940
703,LM_12_EYB_20210511_CS_5584_5546
704,LM_01_HBR_20220523_CS_5147_25
705,LM_15_CVB_20210915_CS
706,LM_02_GCG_20160830_CS_3584_3636
707,LM_14_VBO_20220413_CS_5904_5874
708,LM_11_YBS_20160704_CS_MB_5318_5323
709,LM_09_LPM_20220613_CS_5172_5148
710,LM_01_GCB_20150909_CS_3414_3454
711,LM_11_YBS_20160712_CS_5368_5398
712,LM_10_SSL_20170606_CS
713,LM_06_MBV_20150809_CS_MB_4402_4407
714,LM_06_MBV_20150808_CS_MB_4412_4417
715,LM_07_FMB_20190703_CS_MB_4690_4695
716,LM_08_MVF_20221212_CS
717,LM_08_MVF_20170713_CS_MB_47975_48025
718,LM_02_GCG_20190601_CS_3590_3644
719,LM_08_MVF_20240722_CS_4958_4940
720,LM_07_FMB_20160717_CS_MB_4698_4703
721,LM_02_GCG_20210804_CS_3546_3492
722,LM_18_FRI_20220303_CS_686_MHO_SORT
723,LM_01_GCB_20150910_CS_3282_3412
724,LM_12_EYB_20230628_CS_5596_553
725,LM_04_GGK_20170809_CS
726,LM_07_FMB_20150709_CS_MB_4708_4713
727,LM_03_KGC_20210806_CS_3712_3660
728,LM_08_MVF_20150722_CS_4786_4822
729,LM_15_CVB_20210423_CS_6094_6056
730,LM_07_FMB_20160731_CS_4608_4660
731,LM_06_MBV_20160809_CS_MB_4362_4367
732,LM_14_VBO_20200503_CS_5810_5824
733,LM_09_LPM_20220616_CS_5092_5062
734,LM_03_KGC_20210808_CS_3786_3766
735,LM_15_CVB_20150408_CS_6106_6150
736,LM_04_GGK_20160818_CS_3958_4016
737,LM_15_CVB_20240603_CS_MB_5963_5958
738,LM_23_OSCX_20230913_CS_792_789_SORT_ACTUALDEPTHS
739,LM_08_MVF_20180825_CS_MB_4830_4835
740,LM_09_LPM_20240722_CS_5114_5094
741,LM_09_LPM_20150612_CS_5114_5142
742,LM_08_MVF_20190512_CS_4914_4916
743,LM_01_HBR_20190322_CS_4814_25
744,LM_15_CVB_20180801_CS_MB_5975_5980
745,LM_14_VBO_20170505_CS
746,LM_15_CVB_20170422_CS
747,LM_03_KGC_20180831_CS_3660_3820
748,LM_26_HIK_20210327_CS_934_WI1_SORT
749,LM_15_CVB_20190326_CS_6144_6170
750,LM_16_OVLX_20210323_CS_610_608_LACONIA_LWRP
751,LM_08_MVF_20190514_CS_MB_4900_4905
752,LM_07_FMB_20170630_CS_MB_47175_47200
753,LM_15_CVB_20240605_CS_MB_5983_5978
754,LM_19_MEMX_20230829_CS_722_718_SORT_ACTUALDEPTHS
755,LM_15_CVB_20220327_CS_MB_5967_5938
756,LM_15_CVB_20190306_CS_MB_5968_5963
757,LM_15_CVB_20170414_CS_MB_59875_59925
758,LM_11_YBS_20170603_CS
759,LM_04_GGK_20240805_CS_3956_3904
760,LM_02_GCG_20180905_CS_3454_3660
761,LM_19_MEMX_20220725_CS_739_740_SORT_ACTUALDEPTHS
762,LM_06_MBV_20160803_CS_MB_4397_4402
763,LM_08_MVF_20211118_CS
764,LM_06_MBV_20150813_CS_MB_4372_4377
765,LM_23_OSCX_20210624_CS_817_810_SORT_LWRP
766,LM_13_OZE_20170508_CS
767,LM_23_OSCX_20221111_CS_804_803_SORT_ACTUALDEPTH
768,LM_14_VBO_20170426_CS
769,LM_11_YBS_20160706_CS_MB_5298_5303
770,LM_14_VBO_20190221_CS_5844_5880
771,LM_06_MBV_20160809_CS_MB_4352_4357
772,LM_08_MVF_20211014_CS
773,LM_05_VGG_20190506_CS_4248_4296
774,LM_08_MVF_20180812_CS_MB_4865_4870
775,LM_06_MBV_20150809_CS_MB_4397_4402
776,LM_13_OZE_20190227_CS_5750_5796
777,LM_11_YBS_20180517_CS_5368_5392
778,LM_06_MBV_20210628_CS_4496_4450
779,LM_11_YBS_20150614_CS_MB_5348_5353
780,LM_04_GGK_20210725_CS_3868_3820
781,LM_01_GCB_20230920_CS_3240_3200
782,LM_19_MEMX_20220217_CS_738_SORT_LWRP
783,LM_09_LPM_20240724_CS_5182_5146
784,LM_09_LPM_20220621_CS_4996_4958
785,LM_14_VBO_20190220_CS_5882_5906
786,LM_07_FMB_20180808_CS_MB_4715_4720
787,LM_07_FMB_20150723_CS_4720_4778
788,LM_04_GGK_20210816_CS_3976_3944
789,LM_22_RANX_20220705_CS_772_769_SORT_LWRP
790,LM_24_CARX_20211018_CS_849_SORT_LWRP
791,LM_06_MBV_20210625_CS_4530_4498
792,LM_06_MBV_20170720_CS_MB_43625_43675
793,LM_08_MVF_20180801_CS_MB_4885_4890
794,LM_26_HIKX_20230602_CS_929_923_SORT_ACTUALDEPTHS
795,LM_17_CLDX_20230607_CS_620_622_SORT_LWRP
796,LM_03_KGC_20190522_CS_3704_3774
797,LM_12_EYB_20170516_CS
798,LM_08_MVF_20180822_CS_MB_4855_4860
799,LM_15_CVB_20230515_CS_6072_6034
800,LM_15_CVB_20240604_CS_MB_5968_5963
801,LM_07_FMB_20160719_CS_MB_4683_4688
802,LM_02_GCG_20230906_CS_3510_3472
803,LM_08_MVF_20220405_CS_MB_4942_4937
804,LM_18_FRIX_20220719_CS_651_653_SORT_LWRP
805,LM_19_MEMX_20230830_CS_757_756_SORT_LWRP
806,LM_08_MVF_20180629_CS_4786_4958
807,LM_13_OZE_20150423_CS_5732_5792
808,LM_10_SSL_20211202_CS
809,LM_16_OVLX_20240924_CS_607_609_SORT_ACTUALDEPTHS
810,LM_15_CVB_20210422_CS_6126_6092
811,LM_25_MADX_20220519_CS_885_SORT_LWRP
812,LM_07_FMB_20210624_CS_4630_4584
813,LM_06_MBV_20180809_CS_MB_4380_4385
814,LM_15_CVB_20200501_CS_MB_5978_5983
815,LM_25_MADX_20211018_CS_885_SORT_LWRP
816,LM_24_CARX_20211206_CS_840_844_SORT_LWRP
817,LM_02_GCG_20150906_CS_3454_3504
818,LM_11_YBS_20160704_CS_MB_5333_5338
819,LM_07_FMB_20180703_CS_4530_4784
820,LM_14_VBO_20220414_CS_5872_5834
821,LM_22_RANX_20220907_CS_781_778_SORT_LWRP
822,LM_03_KGC_20150904_CS_3742_3776
823,LM_09_LPM_20210612_CS_4982_4958
824,LM_07_FMB_20190409_CS_4554_4598
825,LM_07_FMB_20150723_CS_MB_4683_4688
826,LM_02_GCG_20220716_CS_3632_3454
827,LM_15_CVB_20200503_CS_MB_5963_5968
828,LM_13_OZE_20190226_CS_5798_5810
829,LM_16_OVLX_20220505_CS_607_610_SORT_LWRP
830,LM_08_MVF_20220404_CS_MB_4950_4947
831,LM_23_OSCX_20230603_CS_792_788_SORT_LWRP
832,LM_18_FRIX_20240926_CS_701_706_SORT_ACTUALDEPTHS
833,LM_11_YBS_20160630_CS_MB_5343_5348
834,LM_15_CVB_20180713_CS_597_594
835,LM_02_GCG_20180831_CS_3454_3660
836,LM_01_GCB_20160902_CS_3200_3454
837,LM_07_FMB_20160713_CS_MB_4713_4718
838,LM_13_OZE_20200506_CS_5776_5810
839,LM_11_YBS_20220506_CS_5502_5474
840,LM_08_MVF_20210526_CS_4958_4786
841,LM_02_GCG_20230907_CS_3470_3454
842,LM_06_MBV_20210629_CS_54448_4414
843,LM_03_KGC_20210807_CS_3764_3714
844,LM_26_HIK_20220403_CS_951_949_SORT
845,LM_26_HIKX_20240925_CS_924_919_SORT_ACTUALDEPTHS
846,LM_01_LMR_20170417_CS
847,LM_11_YBS_20190306_CS_5492_5502
848,LM_09_LPM_20200528_CS_5046_5082
849,LM_06_MBV_20150817_CS_MB_4362_4367
850,LM_07_FMB_20150716_CS_MB_4693_4698
851,LM_15_CVB_20170423_CS
852,LM_11_YBS_20160705_CS_MB_5313_5318
853,LM_24_CARX_20210119_CS_8423_840_LINWOOD_LWRP
854,LM_11_YBS_20180515_CS_5432_5488
855,LM_02_GCG_20160831_CS_3556_3582
856,LM_09_LPM_20200605_CS_5148_5182
857,LM_11_YBS_20210518_CS_5446_5406
858,LM_02_GCG_20240818_CS_3540_3474
859,LM_06_MBV_20230803_CS_4522_4476
860,LM_09_LPM_20180612_CS_4958_5234
861,LM_15_CVB_20211004_CS
862,LM_06_MBV_20210924_CS
863,LM_04_GGK_20210723_CS_3942_3902
864,LM_15_CVB_20200716_CS_5940_5970_SPECIAL
865,LM_11_YBS_20220511_CS_5404_5376
866,LM_06_MBV_20160802_CS_MB_4402_4407
867,LM_10_SSL_20221219_CS
868,LM_15_CVB_20170418_CS_MB_59725_59775
869,LM_08_MVF_20220511_CS_MB_4840_4835
870,LM_03_KGC_20150905_CS_3704_3746
871,LM_14_VBO_20240520_CS_5840_5810
872,LM_15_CVB_20220408_CS_6034_5990
873,LM_08_MVF_20220614_CS_MB_4803_4800
874,LM_05_VGG_20210729_CS_4186_4184
875,LM_15_CVB_20200429_CS_MB_5943_5948
876,LM_08_MVF_20180824_CS_MB_4840_4845
877,LM_25_MADX_20220331_CS_917_904_SORT_LWRP
878,LM_06_MBV_20180802_CS_MB_4400_4405
879,LM_12_EYB_20180507_CS_5572_5632
880,LM_09_LPM_20180609_CS_4958_5234
881,LM_06_MBV_20160804_CS_MB_4392_4397
882,LM_06_MBV_20190720_CS_MB_4345_4350
883,LM_06_MBV_20180813_CS_MB_4370_4375
884,LM_08_MVF_20220507_CS_MB_4858_4853
885,LM_16_OVLX_20220512_CS_607_610_SORT_LWRP
886,LM_04_GGK_20210714_CS_4076_4046
887,LM_16_OVLX_20230804_CS_609_607_SORT_LWRP
888,LM_06_MBV_20150811_CS_MB_4387_4392
889,LM_06_MBV_20150813_CS_MB_4377_4382
890,LM_15_CVB_20180801_CS_MB_5970_5975
891,LM_08_MVF_20190621_CS_MB_4795_4800
892,LM_02_GCG_20220715_CS_3660_3634
893,LM_23_OSCX_20240919_CS_794_796_SORT_ACTUALDEPTHS
894,LM_11_YBS_20240626_CS_5468_5428
895,LM_03_KGC_20150903_CS_3778_3820
896,LM_03_KGC_20220707_CS_3700_3660
897,LM_15_CVB_20160427_CS_MB_5988_5993
898,LM_08_MVF_20190508_CS_4924_4926
899,LM_01_GCB_20220720_CS_3306_3266
900,LM_23_OSC_20210521_CS_784_LBL_SORT
901,LM_09_LPM_20170707_CS
902,LM_08_MVF_20170609_CS_MB_48975_49025
903,LM_08_MVF_20190613_CS_MB_4815_4820
904,LM_06_MBV_20150818_CS_MB_4352_4357
905,LM_23_OSC_20170410_CS_7860_8010_SORT
906,LM_08_MVF_20190503_CS_4928_4932
907,LM_11_YBS_20170605_CS
908,LM_07_FMB_20170715_CS_MB_46775_46825
909,LM_13_OZE_20210506_CS_5810_5796
910,LM_15_CVB_20160510_CS_6138_6170
911,LM_08_MVF_20150626_CS_4918_4958
912,LM_08_MVF_20170629_CS_MB_48725_48775
913,LM_25_MADX_20220713_CS_899_902_SORT_LWRP
914,LM_08_MVF_20170711_CS
915,LM_02_GCG_20170817_CS
916,LM_13_OZE_20200507_CS_5772_5786
917,LM_06_MBV_20190708_CS_MB_4395_4400
918,LM_26_HIKX_20210121_CS_936_9315_UPPER_WOLF_LWRP
919,LM_04_GGK_20180820_CS_3820_4076
920,LM_13_OZE_20240530_CS_5770_5726
921,LM_06_MBV_20180815_CS_MB_4350_4355
922,LM_22_RANX_20220927_CS_771_769_SORT_LWRP
923,LM_08_MVF_20180828_CS_MB_4815_4820
924,LM_05_VGG_20240801_CS_4414_4374
925,LM_15_CVB_20170419_CS_MB_59625_59675
926,LM_06_MBV_20170719_CS_MB_43575_43625
927,LM_09_LPM_20160724_CS_5158_5200
928,LM_07_FMB_20160729_CS_4738_4786
929,LM_15_CVB_20160512_CS_6072_6100
930,LM_01_GCB_20170816_CS
931,LM_19_MEMX_20220718_CS_739_746_SORT_LWRP
932,LM_09_LPM_20200526_CS_4958_5016
933,LM_15_CVB_20240601_CS_MB_5958_5953
934,LM_15_CVB_20220326_CS_6150_6114
935,LM_07_FMB_20170718_CS
936,LM_12_EYB_20230627_CS_5632_5580
937,LM_06_MBV_20150814_CS_MB_4367_4372
938,LM_15_CVB_20180415_CS_6170_6000
939,LM_04_GGK_20220715_CS_4076_4052
940,LM_03_KGC_20220706_CS_3740_3702
941,LM_15_CVB_20230513_CS_6152_6100
942,LM_13_OZE_20240528_CS_5674_5658
943,LM_08_MVF_20190509_CS_4918_4922
944,LM_01_GCB_20190610_CS_3200_3248
945,LM_18_FRIX_20221109_CS_705_704_SORT_ACTUALDEPTH
946,LM_05_VGG_20180801_CS_4076_4350
947,LM_01_GCB_20220719_CS_3368_3228
948,LM_08_MVF_20190621_CS_MB_4800_4805
949,LM_26_HIK_20150315_CS_9488_9532_SORT
950,LM_06_MBV_20150817_CS_MB_4357_4362
951,LM_08_MVF_20190501_CS_4937_4938
952,LM_09_LPM_20240723_CS_5144_5116
953,LM_14_VBO_20230519_CS_5840_5810
954,LM_03_KGC_20230825_CS_3820_3730
955,LM_19_MEMX_20230829_CS_722_718_SORT_LWRP
956,LM_24_CARX_20220210_CS_864_870_SORT_LWRP
957,LM_12_EYB_20190226_CS_5640_5658
958,LM_26_HIKX_20211018_CS_921_SORT_LWRP
959,LM_19_MEMX_20210302_CS_720_7176_ARMS_LWRP
960,LM_05_VGG_20170807_CS
961,LM_25_MADX_20211018_CS_899_SORT_LWRP
962,LM_04_GGK_20180824_CS_3820_4076
963,LM_08_MVF_20190612_CS_MB_4820_4825
964,LM_07_FMB_20190403_CS_4720_4762
965,LM_15_CVB_20240506_CS_6170_6132
966,LM_12_EYB_20240606_CS_5588_5548
967,LM_24_CARX_20230721_CS_871_869_SORT_ACTUALDEPTHS
968,LM_15_CVB_20200501_CS_MB_5953_5958
969,LM_15_CVB_20170423_CS_MB_59380_59425
970,LM_05_VGG_20160821_CS_4216_4266
971,LM_06_MBV_20160808_CS_MB_4372_4377
972,LM_15_CVB_20230514_CS_6098_6074
973,LM_06_MBV_20160801_CS_MB_4412_4414
974,LM_06_MBV_20170715_CS_MB_44025_44075
975,LM_16_OVLX_20220720_CS_607_610_SORT_ACTUALDEPTH
976,LM_04_GGK_20230822_CS_4012_3956
977,LM_06_MBV_20220620_CS_4458_4434
978,LM_11_YBS_20190312_CS_5368_5390
979,LM_23_OSCX_20220412_CS_788_793_SORT_LWRP
980,LM_15_CVB_20210802_CS
981,LM_01_GCB_20170815_CS
982,LM_02_GCG_20150905_CS_3502_3560
983,LM_05_VGG_20150823_CS_4176_4220
984,LM_13_OZE_20220423_CS_5810_5774
985,LM_03_KGC_20160828_CS_3708_3756
986,LM_08_MVF_20150719_CS_4838_4874
987,LM_26_HIKX_20230411_CS_921_SORT_LWRP
988,LM_01_GCB_20210813_CS_3340_3292
989,LM_05_VGG_20230816_CS_4314_4276
990,LM_03_KGC_20170810_CS
991,LM_05_VGG_20150824_CS_4141_4174
992,LM_18_FRIX_20230918_CS_680_683_SORT_ACTUALDEPTHS
993,LM_11_YBS_20220509_CS_5472_5434
994,LM_22_RAN_20170407_CS_7710_7800_SORT
995,LM_04_GGK_20180825_CS_3820_4076
996,LM_09_LPM_20150611_CS_5140_5170
997,LM_01_GCB_20210817_CS_3386_3342
998,LM_09_LPM_20230720_CS_5180_5116
999,LM_15_CVB_20180805_CS_MB_5945_5950
1000,LM_05_VGG_20240805_CS_4372_4328
1001,LM_08_MVF_20160728_CS_4786_4818
1002,LM_06_MBV_20190718_CS_MB_4365_4370
1003,LM_19_MEMX_20230604_CS_746_739_SORT_LWRP
1004,LM_09_LPM_20240717_CS_5046_4998
1005,LM_16_OVLX_20221028_CS_605_603_SORT_ACTUALDEPTHS
1006,LM_24_CAR_20150323_CS_8560_8641_SORT
1007,LM_09_LPM_20150614_CS_5034_5070
1008,LM_07_FMB_20210609_CS_4786_4756
1009,LM_01_HBR_20181015_AD_4763_10
1010,LM_25_MADX_20211208_CS_898_902_SORT_LWRP
1011,LM_16_OVLX_20220505_CS_610_614_SORT_LWRP
1012,LM_13_OZE_20240529_CS_5724_5676
1013,LM_16_OVLX_20220913_CS_610_607_SORT_LWRP
1014,LM_15_CVB_20200427_CS_6000_6022
1015,LM_05_VGG_20160824_CS_4076_4122
1016,LM_09_LPM_20210607_CS_5102_5068
1017,LM_12_EYB_20160624_CS_5520_5574
1018,LM_26_HIKX_20240923_CS_919_924_SORT_ACTUALDEPTHS
1019,LM_19_MEMX_20211018_CS_758_756_SORT_LWRP
1020,LM_11_YBS_20150626_CS_MB_5328_5333
1021,LM_11_YBS_20180730_CS_536_533
1022,LM_23_OSCX_20230413_CS_785_SORT_ACTUALDEPTH
1023,LM_18_FRI_20150425_CS_6649_6690_SORT
1024,LM_05_VGG_20210718_CS_4096_4076
1025,LM_11_YBS_20170604_CS
1026,LM_08_MVF_20190513_CS_MB_4905_4910
1027,LM_11_YBS_20150630_CS_MB_5313_5318
1028,LM_15_CVB_20150520_CS_MB_5953_5958
1029,LM_12_EYB_20190227_CS_5590_5638
1030,LM_12_EYB_20200514_CS_5502_5540
1031,LM_05_VGG_20160819_CS_4306_4350
1032,LM_23_OSCX_20210313_CS_817_8104_TAMM_RS_LWRP
1033,LM_05_VGG_20230821_CS_4238_4210
1034,LM_13_OZE_20240531_CS_5810_5772
1035,LM_15_CVB_20211124_CS
1036,LM_09_LPM_20200529_CS_5076_5116
1037,LM_05_VGG_20210723_CS_4334_4290
1038,LM_15_CVB_20210424_CS_6070_6028
1039,LM_24_CARX_20210624_CS_840_835_SORT_LWRP
1040,LM_08_MVF_20190522_CS_MB_4890_4895
1041,LM_06_MBV_20170806_CS
1042,LM_07_FMB_20190408_CS_4600_4632
1043,LM_09_LPM_20220604_CS_5224_5192
1044,LM_06_MBV_20180805_CS_MB_4390_4395
1045,LM_18_FRIX_20230918_CS_696_693_SORT_ACTUALDEPTHS
1046,LM_23_OSCX_20241021_CS_783_786_SORT_ACTUALDEPTHS
1047,LM_15_CVB_20190314_CS_MB_5953_5948
1048,LM_03_KGC_20210809_CS_3820_3770
1049,LM_13_OZE_20160611_CS_5734_5774
1050,LM_01_GCB_20160905_CS_3200_3454
1051,LM_05_VGG_20190507_CS_4298_4328
1052,LM_08_MVF_20220927_CS
1053,LM_04_GGK_20190509_CS_4034_4076
1054,LM_03_KGC_20230823_CS_3820_3796
1055,LM_03_KGC_20230824_CS_3794_3756
1056,LM_11_YBS_20240628_CS_5502_5470
1057,LM_12_EYB_20150503_CS_5502_5548
1058,LM_08_MVF_20190525_CS_MB_4880_4885
1059,LM_05_VGG_20210805_CS_4182_4182
1060,LM_11_YBS_20220512_CS_5376_5368
1061,LM_12_EYB_20170515_CS
1062,LM_04_GGK_20170807_CS
1063,LM_11_YBS_20150701_CS_MB_5303_5308
1064,LM_10_SSL_20200514_CS_5234_5266
1065,LM_02_GCG_20190603_CS_3490_3554
1066,LM_03_KGC_20160829_CS_3660_3706
1067,LM_15_CVB_20200427_CS_MB_5938_5943
1068,LM_24_CARX_20230721_CS_871_869_SORT_LWRP
1069,LM_08_MVF_20220412_CS_MB_4913_4908
1070,LM_08_MVF_20220202_CS
1071,LM_23_OSCX_20220916_CS_792_790_SORT_LWRP
1072,LM_15_CVB_20230618_CS_MB_5982_5977
1073,LM_15_CVB_20150409_CS_6082_6104
1074,LM_15_CVB_20150514_CS_MB_5992_5997
1075,LM_26_HIKX_20220209_CS_924_928_SORT_LWRP
1076,LM_18_FRIX_20240930_CS_704_705_SORT_ACTUALDEPTHS
1077,LM_08_MVF_20220512_CS_MB_4835_4830
1078,LM_01_HBR_20240304_CS_5419_30
1079,LM_19_MEMX_20220707_CS_739_744_SORT_ACTUALDEPTHS
1080,LM_15_CVB_20160430_CS_MB_5953_5958
1081,LM_15_CVB_20170419_CS_MB_59575_59625
1082,LM_09_LPM_20220615_CS_5134_5094
1083,LM_09_LPM_20190416_CS_5036_5086
1084,LM_12_EYB_20190228_CS_5558_5588
1085,LM_11_YBS_20201108_CS_5370_5390_SPECIAL
1086,LM_09_LPM_20190408_CS_5148_5168
1087,LM_15_CVB_20240606_CS_MB_5988_5983
1088,LM_24_CARX_20221103_CS_849_SORT_ACTUALDEPTH
1089,LM_07_FMB_20180812_CS_MB_4695_4700
1090,LM_15_CVB_20220331_CS_MB_5953_5948
1091,LM_05_VGG_20190502_CS_4076_4100
1092,LM_08_MVF_20210806_CS
1093,LM_14_VBO_20180428_CS_5938_5810
1094,LM_08_MVF_20180817_CS_MB_4860_4865
1095,LM_18_FRIX_20240709_CS_680_682_SORT_ACTUALDEPTHS
1096,LM_24_CARX_20230705_CS_849_SORT_LWRP
1097,LM_08_MVF_20170610_CS_MB_48925_48975
1098,LM_07_FMB_20160730_CS_4662_4736
1099,LM_19_MEMX_20211027_CS_725_SORT_LWRP
1100,LM_14_VBO_20160601_CS_5810_5850
1101,LM_05_VGG_20200828_CS_4270_4295_SPECIAL
1102,LM_07_FMB_20220622_CS_4762_4722
1103,LM_06_MBV_20180811_CS_MB_4375_4380
1104,LM_14_VBO_20200502_CS_5820_5864
1105,LM_09_LPM_20160728_CS_4998_5046
1106,LM_11_YBS_20221122_CS
1107,LM_12_EYB_20220502_CS_5564_5534
1108,LM_15_CVB_20240531_CS_MB_5953_5948
1109,LM_13_OZE_20190228_CS_5700_5748
1110,LM_04_GGK_20190516_CS_3820_3848
1111,LM_15_CVB_20170421_CS
1112,LM_10_SSL_20190323_CS_5240_5278
1113,LM_11_YBS_20190311_CS_5392_5418
1114,LM_09_LPM_20200606_CS_5190_5234
1115,LM_09_LPM_20160725_CS_5126_5156
1116,LM_04_GGK_20240808_CS_4024_4020
1117,LM_15_CVB_20180804_CS_MB_5950_5955
1118,LM_15_CVB_20190321_CS_6026_6076
1119,LM_09_LPM_20160723_CS_5202_5234
1120,LM_15_CVB_20170420_CS
1121,LM_01_LMR_20231017_CS
1122,LM_05_VGG_20190503_CS_4102_4156
1123,LM_15_CVB_20170417_CS_MB_59775_59825
1124,LM_10_SSL_20170607_CS
1125,LM_14_VBO_20150421_CS_5810_5856
1126,LM_16_OVLX_20230917_CS_603_606_SORT_ACTUALDEPTHS
1127,LM_07_FMB_20230804_CS_4680_4642
1128,LM_09_LPM_20180611_CS_4958_5234
1129,LM_25_MADX_20220920_CS_902_899_SORT_LWRP
1130,LM_05_VGG_20180731_CS_4076_4350
1131,LM_01_GCB_20190605_CS_3404_3454
1132,LM_04_GGK_20190514_CS_3898_3949
1133,LM_11_YBS_20230629_CS_5418_5380
1134,LM_11_YBS_20160623_CS_MB_5348_5353
1135,LM_04_GGK_20180822_CS_3820_4076
1136,LM_07_FMB_20220621_CS_4720_4682
1137,LM_24_CARX_20210312_CS_842_840_LINWOOD_LWRP
1138,LM_14_VBO_20150420_CS_5858_5898
1139,LM_02_GCG_20230903_CS_3620_3582
1140,LM_12_EYB_20200511_CS_5594_5638
1141,LM_12_EYB_20200513_CS_5542_5582
1142,LM_08_MVF_20150718_CS_4876_4888
1143,LM_12_EYB_20160625_CS_5502_5518
1144,LM_08_MVF_20220508_CS_MB_4853_4848
1145,LM_11_YBS_20190308_CS_5420_5448
1146,LM_04_GGK_20160816_CS_4066_4076
1147,LM_06_MBV_20150803_CS_4450_4478
1148,LM_02_GCG_20170814_CS
1149,LM_01_GCB_20160903_CS_3258_3312
1150,LM_05_VGG_20170806_CS
1151,LM_08_MVF_20170710_CS
1152,LM_24_CARX_20211207_CS_865_870_SORT_LWRP
1153,LM_06_MBV_20220621_CS_4470_4414
1154,LM_05_VGG_20240809_CS_4166_4114
1155,LM_08_MVF_20220520_CS_MB_4820_4815
1156,LM_01_GCB_20180910_CS_3200_3454
1157,LM_07_FMB_20180812_CS_MB_4700_4705
1158,LM_11_YBS_20210520_CS_5502_5488
1159,LM_15_CVB_20150413_CS_6056_6080
1160,LM_26_HIK_20210327_CS_931_WI3_SORT
1161,LM_23_OSCX_20220328_CS_811_817_SORT_LWRP
1162,LM_13_OZE_20170511_CS
1163,LM_05_VGG_20150822_CS_4222_4274
1164,LM_24_CAR_20170425_CS_8490_8600_SORT
1165,LM_25_MADX_20210624_CS_902_898_SORT_LWRP
1166,LM_09_LPM_20220614_CS_5166_5114
1167,LM_07_FMB_20230801_CS_4588_4530
1168,LM_07_FMB_20150726_CS_MB_4678_4683
1169,LM_01_HBR_20250116_CS_5518_30
1170,LM_08_MVF_20190603_CS_MB_4830_4835
1171,LM_03_KGC_20160827_CS_3758_3794
1172,LM_08_MVF_20180730_CS_MB_4895_4900
1173,LM_19_MEM_20220122_CS_727_BAU_SORT
1174,LM_02_GCG_20210802_CS_3468_3454
1175,LM_24_CARX_20210322_CS_842_840_LINWOOD_LWRP
1176,LM_17_CLD_20170325_CS_6220_6289_SORT
1177,LM_07_FMB_20180707_CS_4530_4784
1178,LM_11_YBS_20230628_CS_5460_5420
1179,LM_08_MVF_20180809_CS_MB_4880_4885
1180,LM_11_YBS_20220527_CS_5368_5336
1181,LM_11_YBS_20240625_CS_5426_5394
1182,LM_09_LPM_20200604_CS_5146_5188
1183,LM_15_CVB_20200430_CS_MB_5988_5993
1184,LM_02_GCG_20240819_CS_3472_3454
1185,LM_06_MBV_20180709_CS_4414_4530
1186,LM_14_VBO_20150416_CS_5900_5938
1187,LM_09_LPM_20200525_CS_4958_4986
1188,LM_25_MADX_20211018_CS_889_SORT_LWRP
1189,LM_17_CLDX_20230802_CS_620_621_SORT_LWRP
1190,LM_06_MBV_20170720_CS_MB_43825_43875
1191,LM_05_VGG_20220716_CS_4280_4242
1192,LM_23_OSCX_20210128_CS_817_811_TAMM_RS_LWRP
1193,LM_02_GCG_20160829_CS_3638_3660
1194,LM_05_VGG_20210724_CS_4376_4336
1195,LM_15_CVB_20240529_CS_MB_5948_5943
1196,LM_08_MVF_20220420_CS_MB_4908_4902
1197,LM_03_KGC_20170809_CS
1198,LM_09_LPM_20230719_CS_5180_5116
1199,LM_05_VGG_20220714_CS_4354_4088
1200,LM_02_GCG_20200930_CS_3555_3585_SPECIAL
1201,LM_02_GCG_20240816_CS_3624_3612
1202,LM_14_VBO_20220202_CS
1203,LM_14_VBO_20220418_CS_5832_5810
1204,LM_11_YBS_20150430_CS_5492_5502
1205,LM_25_MADX_20240924_CS_913_916_SORT_ACTUALDEPTHS
1206,LM_23_OSCX_20230719_CS_790_792_SORT_ACTUALDEPTHS
1207,LM_13_OZE_20160610_CS_5776_5810
1208,LM_12_EYB_20150430_CS_5638_5658
1209,LM_11_YBS_20150625_CS_MB_5333_5338
1210,LM_06_MBV_20190707_CS_MB_4390_4395
1211,LM_06_MBV_20160809_CS_MB_4357_4362
1212,LM_15_CVB_20240503_CS_6130_6092
1213,LM_19_MEMX_20220302_CS_756_758_SORT_LWRP
1214,LM_05_VGG_20170804_CS
1215,LM_15_CVB_20230516_CS_6032_598
1216,LM_01_GCB_20190606_CS_3346_3402
1217,LM_08_MVF_20170709_CS_MB_48275_48325
1218,LM_15_CVB_20160428_CS_MB_5973_5978
1219,LM_15_CVB_20240605_CS_MB_5978_5973
1220,LM_08_MVF_20201006_CS_4800_4890_SPECIAL
1221,LM_06_MBV_20190709_CS_MB_4385_4390
1222,LM_08_MVF_20220506_CS_MB_4863_4858
1223,LM_08_MVF_20190620_CS_MB_4805_4810
1224,LM_19_MEMX_20211018_CS_727_724_SORT_LWRP
1225,LM_02_GCG_20230904_CS_3580_3542
1226,LM_11_YBS_20240618_CS_5414_5392
1227,LM_18_FRIX_20230926_CS_695_696_SORT_ACTUALDEPTHS
1228,LM_08_MVF_20240724_CS_4800_4786
1229,LM_19_MEMX_20211117_CS_720_717_SORT_LWRP
1230,LM_04_GGK_20240803_CS_4076_4018
1231,LM_24_CAR_20150324_CS_8399_8490_SORT
1232,LM_07_FMB_20190702_CS_MB_4670_4675
1233,LM_11_YBS_20220706_CS
1234,LM_04_GGK_20210810_CS_4048_4046
1235,LM_02_GCG_20190602_CS_3548_3588
1236,LM_15_CVB_20220815_CS
1237,LM_18_FRIX_20220929_CS_680_682_SORT_LWRP
1238,LM_05_VGG_20230815_CS_4342_4316
1239,LM_19_MEMX_20220918_CS_741_739_SORT_LWRP
1240,LM_05_VGG_20240813_CS_4112_4076
1241,LM_07_FMB_20180814_CS_MB_4675_4680
1242,LM_25_MADX_20220329_CS_898_902_SORT_LWRP
1243,LM_01_HBR_20250116_OT_5517_30
1244,LM_15_CVB_20180807_CS_MB_5938_5942
1245,LM_15_CVB_20150523_CS_MB_5942_5948
1246,LM_24_CARX_20221115_CS_850_844_SORT_LWRP
1247,LM_10_SSL_20221027_CS
1248,LM_10_SSL_20150518_CS_5270_5276
1249,LM_19_MEMX_20211018_CS_720_717_SORT_LWRP
1250,LM_05_VGG_20230823_CS_4160_4140
1251,LM_08_MVF_20190529_CS_MB_4865_4870
1252,LM_11_YBS_20150502_CS_5406_5444
1253,LM_11_YBS_20150701_CS_MB_5298_5303
1254,LM_10_SSL_20240704_CS_5304_5272
1255,LM_09_LPM_20220603_CS_5234_5226
1256,LM_08_MVF_20180811_CS_MB_4870_4875
1257,LM_05_VGG_20230809_CS_4382_4344
1258,LM_08_MVF_20220421_CS_MB_4902_4898
1259,LM_25_MADX_20230907_CS_917_915_SORT_ACTUALDEPTHS
1260,LM_11_YBS_20170531_CS
1261,LM_10_SSL_20200515_CS_5266_5324
1262,LM_22_RAN_20150410_CS_7661_7730_SORT
1263,LM_11_YBS_20210519_CS_5486_5448
1264,LM_18_FRI_20210326_CS_671_STF_SORT
1265,LM_08_MVF_20190605_CS_MB_4825_4830
1266,LM_11_YBS_20150611_CS_MB_5363_5368
1267,LM_08_MVF_20180824_CS_MB_4835_4840
1268,LM_13_OZE_20180501_CS_5810_5796
1269,LM_10_SSL_20160626_CS_5254_5282
1270,LM_02_GCG_20230901_CS_3660_3642
1271,LM_15_CVB_20160426_CS_MB_5998_6000
1272,LM_03_KGC_20180902_CS_3660_3820
1273,LM_01_GCB_20170818_CS
1274,LM_10_SSL_20160625_CS_5284_5290
1275,LM_15_CVB_20170413_CS_MB_59925_59975
1276,LM_08_MVF_20190513_CS_4908_4912
1277,LM_07_FMB_20150727_CS_4646_4666
1278,LM_04_GGK_20210716_CS_4044_4018
1279,LM_12_EYB_20220502_CS_5532_5502
1280,LM_26_HIKX_20240911_CS_952_953_SORT_ACTUALDEPTHS
1281,LM_13_OZE_20220421_CS_5740_5722
1282,LM_11_YBS_20200524_CS_5448_5502
1283,LM_04_GGK_20210724_CS_3900_3870
1284,LM_19_MEMX_20220707_CS_739_744_SORT_LWRP
1285,LM_02_GCG_20220718_CS_3568_3514
1286,LM_08_MVF_20180731_CS_MB_4890_4895
1287,LM_19_MEMX_20210624_CS_720_717_SORT_LWRP
1288,LM_03_KGC_20240809_CS_3820_3770
1289,LM_09_LPM_20170630_CS
1290,LM_15_CVB_20180712_CS_SB_594_597_SPECIAL
1291,LM_07_FMB_20170715_CS
1292,LM_05_VGG_20150819_CS_4336_4350
1293,LM_07_FMB_20160730_CS_MB_4673_4678
1294,LM_09_LPM_20210606_CS_5146_5104
1295,LM_13_OZE_20150424_CS_5702_5730
1296,LM_13_OZE_20200508_CS_5676_5730
1297,LM_15_CVB_20190302_CS_MB_5998_5993
1298,LM_08_MVF_20170707_CS_MB_48475_48525
1299,LM_17_CLD_20150428_CS_6270_6339_SORT
1300,LM_12_EYB_20150502_CS_5550_5590
1301,LM_08_MVF_20170708_CS_MB_48325_48375
1302,LM_04_GGK_20170808_CS
1303,LM_15_CVB_20170412_CS
1304,LM_18_FRIX_20240806_CS_684_688_SORT_ACTUALDEPTHS
1305,LM_25_MADX_20220215_CS_898_902_SORT_LWRP
1306,LM_12_EYB_20200507_CS_5640_5658
1307,LM_26_HIKX_20210624_CS_927_924_SORT_LWRP
1308,LM_01_GCB_20160901_CS_3200_3214
1309,LM_02_GCG_20160902_CS_3476_3510
1310,LM_06_MBV_20170804_CS
1311,LM_04_GGK_20190513_CS_3950_3990
1312,LM_05_VGG_20230826_CS_4080_4076
1313,LM_05_VGG_20220713_CS_4396_4116
1314,LM_02_GCG_20240817_CS_3610_3542
1315,LM_06_MBV_20160806_CS_MB_4382_4387
1316,LM_06_MBV_20190717_CS_MB_4370_4375
1317,LM_11_YBS_20160703_CS_MB_5323_5328
1318,LM_08_MVF_20190602_CS_MB_4840_4845
1319,LM_25_MAD_20170422_CS_8885_8960_SORT
1320,LM_06_MBV_20240726_CS_4516_4478
1321,LM_03_KGC_20180901_CS_3660_3820
1322,LM_17_CLD_20150428_CS_6339_6410_SORT
1323,LM_15_CVB_20240501_CS_6090_6046
1324,LM_05_VGG_20180727_CS_4076_4350
1325,LM_15_CVB_20150518_CS_MB_5964_5967
1326,LM_06_MBV_20180710_CS_4414_4530
1327,LM_06_MBV_20190706_CS_MB_4400_4405
1328,LM_19_MEMX_20220706_CS_714_720_SORT_LWRP
1329,LM_16_OVLX_20210322_CS_6075_604_CLAYWILSON_LWRP
1330,LM_15_CVB_20220327_CS_6114_6078
1331,LM_08_MVF_20190524_CS_MB_4885_4890
1332,LM_08_MVF_20190526_CS_MB_4875_4880
1333,LM_08_MVF_20160721_CS_4876_4889
1334,LM_01_LMR_20141022_CS
1335,LM_06_MBV_20180708_CS_4414_4530
1336,LM_09_LPM_20190727_CS_5048_5082
1337,LM_11_YBS_20200629_CS_5330_5360_SPECIAL
1338,LM_10_SSL_20170605_CS
1339,LM_06_MBV_20180723_CS_4414_4530
1340,LM_12_EYB_20240603_CS_5658_5642
1341,LM_08_MVF_20220424_CS_MB_4887_4882
1342,LM_24_CARX_20221104_CS_868_870_SORT_ACTUALDEPTH
1343,LM_15_CVB_20150516_CS_MB_5972_5978
1344,LM_07_FMB_20150715_CS_MB_4698_4703
1345,LM_15_CVB_20150407_CS_6152_6170
1346,LM_25_MADX_20220414_CS_898_902_SORT_LWRP
1347,LM_15_CVB_20240429_CS_6000_5984
1348,LM_08_MVF_20220504_CS_MB_4873_4868
1349,LM_04_GGK_20170804_CS
1350,LM_07_FMB_20180811_CS_MB_4705_4710
1351,LM_15_CVB_20200423_CS_6146_6170
1352,LM_02_GCG_20160901_CS_3512_3554
1353,LM_09_LPM_20210604_CS_5220_5178
1354,LM_15_CVB_20200503_CS_MB_5968_5973
1355,LM_22_RANX_20230420_CS_778_780_SORT_ACTUALDEPTH
1356,LM_14_VBO_20180427_CS_5938_5810
1357,LM_13_OZE_20250513_CS_5680_5658
1358,LM_13_OZE_20250512_CS_5720_5672
1359,LM_13_OZE_20250511_CS_5746_5722
1360,LM_13_OZE_20250509_CS_5776_5748
1361,LM_13_OZE_20250508_CS_5790_5778
1362,LM_13_OZE_20250507_CS_5800_5792
1363,LM_13_OZE_20250505_CS_5810_5802
1364,LM_14_VBO_20250427_CS_5818_5810
1365,LM_14_VBO_20250426_CS_5850_5820
1366,LM_14_VBO_20250425_CS_5888_5850
1367,LM_14_VBO_20250424_CS_5921_5900
1368,LM_14_VBO_20250423_CS_5938_5914
1369,LM_15_CVB_20250407_CS_6022_5984
1370,LM_15_CVB_20250406_CS_6048_6014
1371,LM_15_CVB_20250405_CS_6082_6050
1372,LM_15_CVB_20250404_CS_6106_6072
1373,LM_15_CVB_20250403_CS_6132_6106
1374,LM_15_CVB_20250402_CS_6154_6130
1375,LM_15_CVB_20250401_CS_6154_6148
1376,LM_15_CVB_20250325_CS_6170_6156
1377,LM_26_HIKX_20250713_CS_921_SORT_ACTUALDEPTHS
1378,LM_25_MADX_20250724_CS_899_SORT_ACTUALDEPTHS
1379,LM_19_MEMX_20250723_CS_732_734_SORT_ACTUALDEPTHS
1380,LM_22_RANX_20250722_CS_778_780_SORT_ACTUALDEPTHS
1381,LM_22_RANX_20250722_CS_782_785_SORT_ACTUALDEPTHS
1382,LM_18_FRIX_20250721_CS_709_712_SORT_ACTUALDEPTHS
1383,LM_18_FRIX_20250625_CS_709_712_SORT_ACTUALDEPTHS
1384,LM_18_FRIX_20250618_CS_651_653_SORT_ACTUALDEPTHS
1385,LM_18_FRIX_20250618_CS_679_682_SORT_ACTUALDEPTHS
1386,LM_16_OVLX_20250617_CS_607_609_SORT_ACTUALDEPTHS
1387,LM_17_CLDX_20250617_CS_619_621_SORT_ACTUALDEPTHS
1388,LM_19_MEMX_20250616_CS_755_758_SORT_ACTUALDEPTHS
1389,LM_19_MEMX_20250613_CS_739_744_SORT_ACTUALDEPTHS
1390,LM_19_MEMX_20250612_CS_732_734_SORT_ACTUALDEPTHS
1391,LM_19_MEMX_20250612_CS_735_738_SORT_ACTUALDEPTHS
1392,LM_18_FRIX_20250610_CS_709_712_SORT_ACTUALDEPTHS
1393,LM_24_CARX_20250510_CS_849_SORT_ACTUALDEPTHS
1394,LM_19_MEMX_20250730_CS_757_756_SORT_LWRP
1395,LM_26_HIKX_20231121_CS_929_925_SORT_ACTUALDEPTHS
1396,LM_18_FRIX_20250804_CS_709_712_SORT_ACTUALDEPTHS
1397,LM_18_FRIX_20250805_CS_694_698_SORT_ACTUALDEPTHS
1398,LM_18_FRIX_20250805_CS_694_698_SORT_LWRP
1399,LM_18_FRIX_20250805_CS_709_712_SORT_LWRP
1400,LM_19_MEMX_20250827_CS_739_744_SORT_ACTUAL_DEPTHS
1401,LM_18_FRIX_20250826_CS_709_712_SORT_ACTUAL_DEPTHS
1402,LM_19_MEMX_20250825_CS_755_758_SORT_ACTUAL_DEPTHS
1403,LM_24_CARX_20250821_CS_839_844_SORT_ACTUAL_DEPTHS
1404,LM_26_HIKX_20250820_CS_929_931_SORT_ACTUAL_DEPTHS
1405,LM_26_HIKX_20250819_CS_951_953_SORT_ACTUAL_DEPTHS
1406,LM_19_MEMX_20250818_CS_732_734_SORT_ACTUAL_DEPTHS
1407,LM_23_OSCX_20250909_CS_802_804_SORT_ACTUALDEPTH
1408,LM_23_OSCX_20250905_CS_802_805_SORT_ACTUALDEPTH
1409,LM_18_FRIX_20250904_CS_709_712_SORT_ACTUALDEPTH
1410,LM_19_MEMX_20250903_CS_732_734_SORT_ACTUALDEPTH
1411,LM_26_HIKX_20250903_CS_921_SORT_ACTUALDEPTH
1412,LM_18_FRIX_20250902_CS_663_SORT_ACTUALDEPTH
1413,LM_26_HIK_20250818_CS_920_921_SORT_ELEVATION
1414,LM_01_GCB_20250729_CS_3252_3200
1415,LM_02_GCG_20250729_CS_3660_3630
1416,LM_01_GCB_20250728_CS_3248_3224
1417,LM_02_GCG_20250728_CS_3628_3570
1418,LM_01_GCB_20250727_CS_3414_3250
1419,LM_02_GCG_20250727_CS_3580_3554
1420,LM_01_GCB_20250726_CS_3380_3320
1421,LM_02_GCG_20250726_CS_3552_3514
1422,LM_01_GCB_20250725_CS_3400_3382
1423,LM_02_GCG_20250725_CS_3512_3476
1424,LM_02_GCG_20250724_CS_3484_3454
1425,LM_03_KGC_20250723_CS_3820_3784
1426,LM_03_KGC_20250722_CS_3782_3758
1427,LM_05_VGG_20250722_CS_4124_4076
1428,LM_03_KGC_20250721_CS_3784_3742
1429,LM_05_VGG_20250721_CS_4158_4126
1430,LM_03_KGC_20250720_CS_3762_3722
1431,LM_03_KGC_20250719_CS_3720_3694
1432,LM_05_VGG_20250719_CS_4216_4142
1433,LM_03_KGC_20250718_CS_3692_3660
1434,LM_05_VGG_20250718_CS_4250_4218
1435,LM_05_VGG_20250717_CS_4373_4252
1436,LM_04_GGK_20250716_CS_4076_4056
1437,LM_05_VGG_20250716_CS_4326_4286
1438,LM_04_GGK_20250715_CS_4062_4018
1439,LM_05_VGG_20250715_CS_4370_4328
1440,LM_04_GGK_20250714_CS_4034_4006
1441,LM_05_VGG_20250714_CS_4398_4372
1442,LM_04_GGK_20250710_CS_3980_3952
1443,LM_04_GGK_20250709_CS_3980_3952
1444,LM_05_VGG_20250709_CS_4414_4400
1445,LM_04_GGK_20250708_CS_3950_3914
1446,LM_04_GGK_20250707_CS_3928_3890
1447,LM_04_GGK_20250706_CS_3888_3868
1448,LM_04_GGK_20250705_CS_3898_3848
1449,LM_04_GGK_20250704_CS_3846_3820
1450,LM_10_SSL_20250702_CS_5368_5346
1451,LM_07_FMB_20250623_CS_4568_4530
1452,LM_07_FMB_20250622_CS_4602_4570
1453,LM_06_MBV_20250621_CS_4530_4492
1454,LM_07_FMB_20250621_CS_4634_4604
1455,LM_06_MBV_20250620_CS_4490_4458
1456,LM_07_FMB_20250620_CS_4674_4636
1457,LM_06_MBV_20250619_CS_4456_4414
1458,LM_07_FMB_20250619_CS_4694_4676
1459,LM_09_LPM_20250619_CS_5000_4958
1460,LM_07_FMB_20250618_CS_4734_4696
1461,LM_08_MVF_20250618_CS_4824_4786
1462,LM_09_LPM_20250618_CS_5044_5002
1463,LM_07_FMB_20250617_CS_4774_4736
1464,LM_08_MVF_20250617_CS_4860_4826
1465,LM_09_LPM_20250617_CS_5082_5046
1466,LM_09_LPM_20250616_CS_5086_5064
1467,LM_08_MVF_20250611_CS_4894_4862
1468,LM_09_LPM_20250611_CS_5100_5086
1469,LM_07_FMB_20250610_CS_4786_4776
1470,LM_08_MVF_20250610_CS_4936_4896
1471,LM_09_LPM_20250610_CS_5140_5088
1472,LM_08_MVF_20250609_CS_4958_4938
1473,LM_09_LPM_20250609_CS_5140_5116
1474,LM_09_LPM_20250607_CS_5176_5142
1475,LM_09_LPM_20250606_CS_5204_5176
1476,LM_10_SSL_20250606_CS_5260_5234
1477,LM_11_YBS_20250606_CS_5386_5384
1478,LM_09_LPM_20250605_CS_5218_5206
1479,LM_10_SSL_20250605_CS_5284_5262
1480,LM_09_LPM_20250604_CS_5234_5220
1481,LM_10_SSL_20250604_CS_5328_5286
1482,LM_10_SSL_20250603_CS_5368_5330
1483,LM_11_YBS_20250603_CS_5412_5368
1484,LM_11_YBS_20250602_CS_5404_5396
1485,LM_11_YBS_20250528_CS_5414_5406
1486,LM_11_YBS_20250527_CS_5458_5416
1487,LM_11_YBS_20250526_CS_5484_5448
1488,LM_11_YBS_20250525_CS_5502_5478
1489,LM_12_EYB_20250524_CS_5530_5502
1490,LM_12_EYB_20250523_CS_5582_5532
1491,LM_12_EYB_20250522_CS_5602_5584
1492,LM_12_EYB_20250521_CS_5620_5604
1493,LM_12_EYB_20250520_CS_5658_5622
1494,LM_01_GCB_20230908_CS_3454_3420
1495,LM_19_MEMX_20250929_CS_755_757_SORT_ACTUAL_DEPTHS
1496,LM_01_GCB_20250723_CS_MB_3303_3298
1497,LM_01_GCB_20250723_CS_MB_3308_3303
1498,LM_01_GCB_20250723_CS_MB_3313_3308
1499,LM_01_GCB_20250717_CS_MB_3298_3293
1500,LM_01_GCB_20250716_CS_MB_3293_3288
1501,LM_01_GCB_20250715_CS_MB_3278_3273
1502,LM_01_GCB_20250715_CS_MB_3283_3278
1503,LM_01_GCB_20250715_CS_MB_3288_3283
1504,LM_01_GCB_20250714_CS_MB_3263_3258
1505,LM_01_GCB_20250714_CS_MB_3268_3263
1506,LM_01_GCB_20250714_CS_MB_3273_3268
1507,LM_15_CVB_20250423_CS_MB_5943_5938
1508,LM_15_CVB_20250422_CS_MB_5948_5943
1509,LM_15_CVB_20250421_CS_MB_5953_5948
1510,LM_15_CVB_20250417_CS_MB_5958_5953
1511,LM_15_CVB_20250417_CS_MB_5963_5958
1512,LM_15_CVB_20250417_CS_MB_5968_5963
1513,LM_15_CVB_20250416_CS_MB_5973_5968
1514,LM_15_CVB_20250416_CS_MB_5978_5973
1515,LM_15_CVB_20250415_CS_MB_5983_5978
1516,LM_15_CVB_20250415_CS_MB_5988_5983
1517,LM_19_MEMX_20251002_CS_732_734_SORT_ACTUAL_DEPTHS
1518,LM_26_HIKX_20251001_CS_920_922
1519,LM_18_FRIX_20250927_CS_694_699_SORT_ACTUAL_DEPTHS
1520,LM_22_RANX_20251003_CS_778_780_SORT_ACTUAL_DEPTHS
1521,LM_23_OSCX_20251016_CS_803_805_SORT_ACTUAL_DEPTHS
1522,LM_26_HIKX_20251016_CS_920_922_ACTUAL_DEPTHS
1523,LM_26_HIKX_20251016_CS_920_922_SORT_ACTUAL_DEPTHS
1524,LM_19_MEMX_20251020_CS_739_744_SORT_ACTUAL_DEPTHS
1525,LM_19_MEMX_20251021_CS_734_736_SORT_ACTUAL_DEPTHS
1526,LM_18_FRIX_20251013_CS_709_711_SORT_ACTUAL_DEPTHS
1527,LM_18_FRIX_20251025_CS_704_709_SORT_ACTUAL_DEPTHS
1528,LM_18_FRIX_20251103_CS_709_711_SORT_ACTUALDEPTH
1529,LM_01_HBR_20251105_BD_5628_15
1530,LM_26_HIKX_20251117_CS_920_922_SORT_ACTUAL_DEPTHS
1531,LM_26_HIKX_20251211_CS_920_922_SORT_ACTUALDEPTHS
1532,LM_18_FRIX_20251215_CS_695_696_SORT_ACTUALDEPTHS
1533,LM_19_MEMX_20251215_CS_735_736_SORT_ACTUALDEPTHS
1534,LM_19_MEMX_20251212_CS_755_757_SORT_ACTUALDEPTHS
1535,LM_19_MEMX_20251217_CS_735_SORT_ACTUALDEPTHS
1536,LM_19_MEMX_20251201_CS_726_SORT_ACTUALDEPTHS
1537,LM_18_FRIX_20251219_CS_649_652_SORT_ACTUAL_DEPTH
