ahp_mile,navd88_ft
963.2,280.51
963.1,280.51
963.0,280.51
962.9,280.51
962.8,280.51
962.7,280.51
962.6,280.51
962.5,280.51
962.4,280.51
962.3,280.51
962.2,280.51
962.1,280.51
962.0,280.51
961.9,280.51
961.8,280.51
961.7,280.51
961.6,280.51
961.5,280.51
961.4,280.51
961.3,280.51
961.2,280.51
961.1,280.51
961.0,280.51
960.9,280.51
960.8,280.51
960.7,280.51
960.6,280.51
960.5,280.51
960.4,280.51
960.3,280.51
960.2,280.51
960.1,280.51
960.0,280.51
959.9,280.51
959.8,280.51
959.7,280.51
959.6,280.51
959.5,280.51
959.4,280.51
959.3,280.5
959.2,280.5
959.1,280.5
959.0,280.5
958.9,280.5
958.8,280.49
958.7,280.49
958.6,280.49
958.5,280.48
958.4,280.48
958.3,280.48
958.2,280.48
958.1,280.48
958.0,280.48
957.9,280.47
957.8,280.47
957.7,280.47
957.6,280.46
957.5,280.46
957.4,280.46
957.3,280.46
957.2,280.46
957.1,280.45
957.0,280.45
956.9,280.45
956.8,280.45
956.7,280.45
956.6,280.45
956.5,280.44
956.4,280.44
956.3,280.43
956.2,280.43
956.1,280.43
956.0,280.43
955.9,280.43
955.8,280.43
955.7,280.42
955.6,280.42
955.5,280.42
955.4,280.41
955.3,280.41
955.2,280.41
955.1,280.41
955.0,280.4
954.9,280.35
954.8,280.35
954.7,280.2
954.6,280.2
954.5,280.2
954.4,280.2
954.3,280.0
954.2,280.0
954.1,280.0
954.0,279.8
953.9,279.8
953.8,279.8
953.7,279.7
953.6,279.6
953.5,279.4
953.4,279.4
953.3,279.3
953.2,279.3
953.1,279.2
953.0,279.2
952.9,279.2
952.8,279.2
952.7,279.2
952.6,279.2
952.5,279.2
952.4,279.2
952.3,279.2
952.2,279.0
952.1,279.0
952.0,279.0
951.9,279.0
951.8,279.0
951.7,279.0
951.6,279.0
951.5,279.0
951.4,279.0
951.3,279.0
951.2,279.0
951.1,279.0
951.0,279.0
950.9,279.0
950.8,279.0
950.7,279.0
950.6,279.0
950.5,279.0
950.4,279.0
950.3,279.0
950.2,279.0
950.1,279.0
950.0,279.0
949.9,279.0
949.8,279.0
949.7,279.0
949.6,279.0
949.5,278.9
949.4,278.9
949.3,278.8
949.2,278.8
949.1,278.8
949.0,278.5
948.9,278.5
948.8,278.5
948.7,278.5
948.6,278.4
948.5,278.2
948.4,278.2
948.3,278.2
948.2,278.1
948.1,278.1
948.0,278.1
947.9,278.0
947.8,278.0
947.7,278.0
947.6,277.9
947.5,277.9
947.4,277.9
947.3,277.8
947.2,277.7
947.1,277.6
947.0,277.5
946.9,277.5
946.8,277.4
946.7,277.4
946.6,277.3
946.5,277.3
946.4,277.3
946.3,277.3
946.2,277.2
946.1,277.1
946.0,277.1
945.9,277.1
945.8,277.1
945.7,277.1
945.6,277.1
945.5,277.1
945.4,277.1
945.3,277.1
945.2,277.1
945.1,277.1
945.0,277.1
944.9,277.1
944.8,277.1
944.7,277.1
944.6,276.9
944.5,276.9
944.4,276.9
944.3,276.9
944.2,276.9
944.1,276.9
944.0,276.9
943.9,276.7
943.8,276.7
943.7,276.6
943.6,276.6
943.5,276.5
943.4,276.5
943.3,276.5
943.2,276.5
943.1,276.5
943.0,276.5
942.9,276.5
942.8,276.5
942.7,276.5
942.6,276.5
942.5,276.5
942.4,276.5
942.3,276.5
942.2,276.5
942.1,276.5
942.0,276.4
941.9,276.4
941.8,276.4
941.7,276.3
941.6,276.3
941.5,276.3
941.4,276.2
941.3,276.2
941.2,276.2
941.1,276.2
941.0,276.2
940.9,276.2
940.8,276.1
940.7,276.1
940.6,276.1
940.5,276.0
940.4,276.0
940.3,276.0
940.2,276.0
940.1,276.0
940.0,275.9
939.9,275.8
939.8,275.79
939.7,275.79
939.6,275.79
939.5,275.7
939.4,275.7
939.3,275.7
939.2,275.69
939.1,275.69
939.0,275.69
938.9,275.68
938.8,275.68
938.7,275.68
938.6,275.67
938.5,275.67
938.4,275.66
938.3,275.66
938.2,275.66
938.1,275.65
938.0,275.51
937.9,275.51
937.8,275.51
937.7,275.5
937.6,275.5
937.5,275.5
937.4,275.5
937.3,275.5
937.2,275.5
937.1,275.5
937.0,275.5
936.9,275.5
936.8,275.5
936.7,275.5
936.6,275.5
936.5,275.5
936.4,275.5
936.3,275.5
936.2,275.5
936.1,275.5
936.0,275.5
935.9,275.5
935.8,275.5
935.7,275.5
935.6,275.5
935.5,275.5
935.4,275.5
935.3,275.5
935.2,275.4
935.1,275.4
935.0,275.3
934.9,275.0
934.8,275.0
934.7,275.0
934.6,274.9
934.5,274.8
934.4,274.8
934.3,274.6
934.2,274.5
934.1,274.4
934.0,274.3
933.9,274.1
933.8,274.0
933.7,274.0
933.6,273.9
933.5,273.9
933.4,273.8
933.3,273.71
933.2,273.7
933.1,273.6
933.0,273.4
932.9,273.2
932.8,273.1
932.7,273.1
932.6,273.0
932.5,272.99
932.4,272.9
932.3,272.7
932.2,272.6
932.1,272.4
932.0,272.3
931.9,272.2
931.8,272.2
931.7,272.2
931.6,272.0
931.5,271.99
931.4,271.8
931.3,271.7
931.2,271.6
931.1,271.6
931.0,271.5
930.9,271.41
930.8,271.41
930.7,271.41
930.6,271.4
930.5,271.4
930.4,271.4
930.3,271.4
930.2,271.4
930.1,271.39
930.0,271.3
929.9,271.3
929.8,271.3
929.7,271.21
929.6,271.01
929.5,270.8
929.4,270.7
929.3,270.6
929.2,270.4
929.1,270.3
929.0,270.3
928.9,270.11
928.8,270.11
928.7,270.11
928.6,270.1
928.5,270.0
928.4,270.0
928.3,270.0
928.2,269.91
928.1,269.91
928.0,269.91
927.9,269.91
927.8,269.8
927.7,269.8
927.6,269.7
927.5,269.7
927.4,269.7
927.3,269.6
927.2,269.6
927.1,269.6
927.0,269.6
926.9,269.51
926.8,269.51
926.7,269.51
926.6,269.4
926.5,269.4
926.4,269.4
926.3,269.3
926.2,269.2
926.1,269.2
926.0,269.2
925.9,269.1
925.8,269.01
925.7,269.0
925.6,269.0
925.5,268.9
925.4,268.9
925.3,268.9
925.2,268.8
925.1,268.7
925.0,268.69
924.9,268.6
924.8,268.6
924.7,268.5
924.6,268.4
924.5,268.3
924.4,268.2
924.3,268.2
924.2,268.11
924.1,268.11
924.0,268.11
923.9,268.11
923.8,268.1
923.7,268.1
923.6,268.1
923.5,268.1
923.4,268.01
923.3,268.01
923.2,268.01
923.1,268.01
923.0,268.0
922.9,268.0
922.8,268.0
922.7,268.0
922.6,267.91
922.5,267.91
922.4,267.91
922.3,267.91
922.2,267.91
922.1,267.91
922.0,267.91
921.9,267.9
921.8,267.9
921.7,267.9
921.6,267.9
921.5,267.9
921.4,267.9
921.3,267.9
921.2,267.9
921.1,267.8
921.0,267.8
920.9,267.8
920.8,267.7
920.7,267.6
920.6,267.4
920.5,267.2
920.4,267.2
920.3,267.2
920.2,267.2
920.1,267.2
920.0,267.2
919.9,267.2
919.8,267.2
919.7,267.2
919.6,267.2
919.5,267.2
919.4,267.2
919.3,267.19
919.2,267.19
919.1,267.1
919.0,267.0
918.9,267.0
918.8,266.9
918.7,266.9
918.6,266.9
918.5,266.9
918.4,266.9
918.3,266.9
918.2,266.9
918.1,266.9
918.0,266.9
917.9,266.9
917.8,266.9
917.7,266.9
917.6,266.9
917.5,266.9
917.4,266.9
917.3,266.9
917.2,266.9
917.1,266.9
917.0,266.87
916.9,266.8
916.8,266.8
916.7,266.8
916.6,266.8
916.5,266.8
916.4,266.8
916.3,266.8
916.2,266.8
916.1,266.8
916.0,266.8
915.9,266.8
915.8,266.8
915.7,266.7
915.6,266.7
915.5,266.6
915.4,266.6
915.3,266.5
915.2,266.5
915.1,266.5
915.0,266.4
914.9,266.2
914.8,266.1
914.7,266.1
914.6,266.1
914.5,266.1
914.4,266.0
914.3,265.9
914.2,265.9
914.1,265.6
914.0,265.6
913.9,265.6
913.8,265.6
913.7,265.5
913.6,265.5
913.5,265.3
913.4,265.3
913.3,265.2
913.2,265.2
913.1,265.19
913.0,265.1
912.9,264.9
912.8,264.8
912.7,264.8
912.6,264.7
912.5,264.7
912.4,264.7
912.3,264.6
912.2,264.4
912.1,264.3
912.0,264.3
911.9,264.2
911.8,264.2
911.7,264.2
911.6,264.2
911.5,264.2
911.4,264.2
911.3,264.2
911.2,264.2
911.1,264.2
911.0,264.2
910.9,264.1
910.8,264.1
910.7,264.1
910.6,264.1
910.5,264.0
910.4,264.0
910.3,264.0
910.2,264.0
910.1,264.0
910.0,264.0
909.9,264.0
909.8,264.0
909.7,264.0
909.6,263.99
909.5,263.99
909.4,263.99
909.3,263.95
909.2,263.91
909.1,263.91
909.0,263.91
908.9,263.9
908.8,263.9
908.7,263.9
908.6,263.86
908.5,263.86
908.4,263.86
908.3,263.86
908.2,263.86
908.1,263.8
908.0,263.8
907.9,263.8
907.8,263.8
907.7,263.8
907.6,263.8
907.5,263.8
907.4,263.7
907.3,263.7
907.2,263.7
907.1,263.7
907.0,263.7
906.9,263.6
906.8,263.6
906.7,263.6
906.6,263.4
906.5,263.4
906.4,263.4
906.3,263.2
906.2,263.2
906.1,263.1
906.0,263.1
905.9,263.0
905.8,263.0
905.7,262.8
905.6,262.8
905.5,262.7
905.4,262.7
905.3,262.7
905.2,262.7
905.1,262.7
905.0,262.7
904.9,262.7
904.8,262.7
904.7,262.69
904.6,262.69
904.5,262.11
904.4,262.11
904.3,262.1
904.2,262.1
904.1,262.1
904.0,262.1
903.9,262.0
903.8,261.81
903.7,261.81
903.6,261.81
903.5,261.8
903.4,261.8
903.3,261.8
903.2,261.7
903.1,261.7
903.0,261.7
902.9,261.69
902.8,261.6
902.7,261.6
902.6,261.59
902.5,261.41
902.4,261.4
902.3,261.4
902.2,261.31
902.1,261.3
902.0,261.11
901.9,261.11
901.8,261.1
901.7,260.91
901.6,260.91
901.5,260.81
901.4,260.71
901.3,260.61
901.2,260.5
901.1,260.5
901.0,260.3
900.9,260.3
900.8,260.2
900.7,259.9
900.6,259.9
900.5,259.9
900.4,259.61
900.3,259.61
900.2,259.6
900.1,259.2
900.0,259.1
899.9,258.71
899.8,258.41
899.7,258.4
899.6,258.4
899.5,258.2
899.4,258.2
899.3,258.1
899.2,257.9
899.1,257.7
899.0,257.5
898.9,257.3
898.8,257.3
898.7,257.1
898.6,257.1
898.5,257.0
898.4,256.8
898.3,256.8
898.2,256.8
898.1,256.8
898.0,256.8
897.9,256.8
897.8,256.8
897.7,256.7
897.6,256.7
897.5,256.7
897.4,256.7
897.3,256.7
897.2,256.7
897.1,256.7
897.0,256.7
896.9,256.7
896.8,256.7
896.7,256.7
896.6,256.7
896.5,256.7
896.4,256.7
896.3,256.7
896.2,256.7
896.1,256.7
896.0,256.6
895.9,256.6
895.8,256.51
895.7,256.41
895.6,256.41
895.5,256.41
895.4,256.41
895.3,256.41
895.2,256.31
895.1,256.3
895.0,256.3
894.9,256.3
894.8,256.3
894.7,256.3
894.6,256.3
894.5,256.3
894.4,256.3
894.3,256.3
894.2,256.21
894.1,256.21
894.0,256.1
893.9,256.1
893.8,256.1
893.7,256.0
893.6,255.9
893.5,255.9
893.4,255.81
893.3,255.8
893.2,255.6
893.1,255.6
893.0,255.6
892.9,255.41
892.8,255.3
892.7,255.1
892.6,255.0
892.5,255.01
892.4,255.0
892.3,255.0
892.2,255.0
892.1,255.0
892.0,255.0
891.9,255.0
891.8,255.0
891.7,255.0
891.6,254.9
891.5,254.9
891.4,254.9
891.3,254.9
891.2,254.8
891.1,254.8
891.0,254.8
890.9,254.8
890.8,254.7
890.7,254.6
890.6,254.6
890.5,254.6
890.4,254.5
890.3,254.5
890.2,254.5
890.1,254.4
890.0,254.4
889.9,254.4
889.8,254.3
889.7,254.3
889.6,254.3
889.5,254.3
889.4,254.3
889.3,254.3
889.2,254.2
889.1,254.2
889.0,254.2
888.9,254.1
888.8,254.1
888.7,254.1
888.6,254.1
888.5,254.1
888.4,254.1
888.3,254.1
888.2,254.0
888.1,254.0
888.0,254.0
887.9,253.9
887.8,253.9
887.7,253.8
887.6,253.6
887.5,253.6
887.4,253.5
887.3,253.5
887.2,253.5
887.1,253.5
887.0,253.5
886.9,253.5
886.8,253.4
886.7,253.3
886.6,253.2
886.5,253.2
886.4,253.0
886.3,252.7
886.2,252.4
886.1,252.3
886.0,252.2
885.9,252.0
885.8,251.5
885.7,251.5
885.6,251.5
885.5,251.4
885.4,251.3
885.3,251.3
885.2,251.3
885.1,251.3
885.0,251.3
884.9,251.2
884.8,251.2
884.7,251.2
884.6,251.2
884.5,251.2
884.4,251.1
884.3,251.1
884.2,251.1
884.1,251.1
884.0,251.1
883.9,251.1
883.8,251.1
883.7,251.01
883.6,251.01
883.5,251.01
883.4,251.0
883.3,251.0
883.2,251.0
883.1,250.9
883.0,250.9
882.9,250.9
882.8,250.9
882.7,250.8
882.6,250.7
882.5,250.7
882.4,250.61
882.3,250.6
882.2,250.6
882.1,250.4
882.0,250.4
881.9,250.21
881.8,250.1
881.7,250.1
881.6,250.0
881.5,249.91
881.4,249.8
881.3,249.62
881.2,249.61
881.1,249.6
881.0,249.5
880.9,249.4
880.8,249.3
880.7,249.1
880.6,249.1
880.5,249.0
880.4,249.0
880.3,248.8
880.2,248.8
880.1,248.8
880.0,248.79
879.9,248.5
879.8,248.5
879.7,248.3
879.6,248.3
879.5,248.3
879.4,248.3
879.3,248.3
879.2,248.2
879.1,248.2
879.0,248.2
878.9,248.2
878.8,248.2
878.7,248.2
878.6,248.0
878.5,248.0
878.4,248.0
878.3,248.0
878.2,248.0
878.1,247.9
878.0,247.9
877.9,247.9
877.8,247.9
877.7,247.9
877.6,247.9
877.5,247.9
877.4,247.9
877.3,247.9
877.2,247.9
877.1,247.9
877.0,247.81
876.9,247.81
876.8,247.81
876.7,247.81
876.6,247.81
876.5,247.81
876.4,247.81
876.3,247.81
876.2,247.81
876.1,247.8
876.0,247.8
875.9,247.8
875.8,247.8
875.7,247.8
875.6,247.8
875.5,247.8
875.4,247.71
875.3,247.71
875.2,247.71
875.1,247.71
875.0,247.71
874.9,247.71
874.8,247.7
874.7,247.7
874.6,247.7
874.5,247.7
874.4,247.7
874.3,247.69
874.2,247.69
874.1,247.6
874.0,247.59
873.9,247.5
873.8,247.5
873.7,247.41
873.6,247.4
873.5,247.4
873.4,247.2
873.3,247.2
873.2,247.1
873.1,247.1
873.0,247.09
872.9,247.09
872.8,246.9
872.7,246.8
872.6,246.6
872.5,246.4
872.4,246.3
872.3,246.2
872.2,246.2
872.1,246.2
872.0,246.2
871.9,246.2
871.8,246.1
871.7,246.1
871.6,246.1
871.5,246.1
871.4,246.1
871.3,246.1
871.2,246.1
871.1,246.1
871.0,246.1
870.9,246.1
870.8,246.0
870.7,245.8
870.6,245.8
870.5,245.8
870.4,245.8
870.3,245.8
870.2,245.8
870.1,245.8
870.0,245.8
869.9,245.6
869.8,245.6
869.7,245.6
869.6,245.5
869.5,245.3
869.4,245.3
869.3,245.2
869.2,245.1
869.1,245.0
869.0,244.9
868.9,244.6
868.8,244.5
868.7,244.4
868.6,244.2
868.5,244.2
868.4,244.0
868.3,243.9
868.2,243.9
868.1,243.81
868.0,243.81
867.9,243.7
867.8,243.7
867.7,243.7
867.6,243.6
867.5,243.51
867.4,243.51
867.3,243.41
867.2,243.4
867.1,243.3
867.0,243.3
866.9,243.2
866.8,243.0
866.7,243.0
866.6,242.91
866.5,242.91
866.4,242.91
866.3,242.8
866.2,242.8
866.1,242.8
866.0,242.8
865.9,242.8
865.8,242.8
865.7,242.7
865.6,242.7
865.5,242.7
865.4,242.7
865.3,242.7
865.2,242.5
865.1,242.4
865.0,242.3
864.9,242.3
864.8,242.3
864.7,242.1
864.6,242.1
864.5,242.01
864.4,241.91
864.3,241.91
864.2,241.91
864.1,241.9
864.0,241.9
863.9,241.8
863.8,241.8
863.7,241.8
863.6,241.8
863.5,241.8
863.4,241.8
863.3,241.8
863.2,241.8
863.1,241.79
863.0,241.79
862.9,241.79
862.8,241.79
862.7,241.79
862.6,241.79
862.5,241.79
862.4,241.79
862.3,241.79
862.2,241.78
862.1,241.7
862.0,241.7
861.9,241.7
861.8,241.7
861.7,241.7
861.6,241.7
861.5,241.69
861.4,241.6
861.3,241.6
861.2,241.6
861.1,241.6
861.0,241.6
860.9,241.51
860.8,241.5
860.7,241.5
860.6,241.5
860.5,241.5
860.4,241.5
860.3,241.3
860.2,241.3
860.1,241.3
860.0,241.1
859.9,241.09
859.8,241.0
859.7,241.0
859.6,241.0
859.5,241.0
859.4,241.0
859.3,241.0
859.2,241.0
859.1,240.9
859.0,240.9
858.9,240.6
858.8,240.6
858.7,240.6
858.6,240.5
858.5,240.4
858.4,239.9
858.3,239.9
858.2,239.9
858.1,239.9
858.0,239.9
857.9,239.9
857.8,239.9
857.7,239.9
857.6,239.9
857.5,239.9
857.4,239.9
857.3,239.9
857.2,239.9
857.1,239.9
857.0,239.9
856.9,239.9
856.8,239.9
856.7,239.9
856.6,239.9
856.5,239.9
856.4,239.9
856.3,239.9
856.2,239.8
856.1,239.8
856.0,239.8
855.9,239.8
855.8,239.8
855.7,239.8
855.6,239.8
855.5,239.8
855.4,239.8
855.3,239.8
855.2,239.8
855.1,239.8
855.0,239.8
854.9,239.8
854.8,239.8
854.7,239.8
854.6,239.8
854.5,239.8
854.4,239.8
854.3,239.8
854.2,239.8
854.1,239.8
854.0,239.8
853.9,239.8
853.8,239.8
853.7,239.7
853.6,239.7
853.5,239.7
853.4,239.6
853.3,239.6
853.2,239.5
853.1,239.5
853.0,239.5
852.9,239.5
852.8,239.4
852.7,239.4
852.6,239.4
852.5,239.2
852.4,239.2
852.3,239.2
852.2,239.2
852.1,239.0
852.0,239.0
851.9,239.0
851.8,239.0
851.7,239.0
851.6,239.0
851.5,239.0
851.4,239.0
851.3,239.0
851.2,239.0
851.1,239.0
851.0,238.9
850.9,238.9
850.8,238.9
850.7,238.9
850.6,238.9
850.5,238.9
850.4,238.9
850.3,238.9
850.2,238.9
850.1,238.6
850.0,238.4
849.9,238.4
849.8,238.4
849.7,238.4
849.6,238.4
849.5,238.4
849.4,238.4
849.3,238.4
849.2,238.4
849.1,238.4
849.0,238.39
848.9,238.39
848.8,238.3
848.7,238.2
848.6,238.2
848.5,238.0
848.4,238.0
848.3,237.91
848.2,237.9
848.1,237.9
848.0,237.9
847.9,237.9
847.8,237.9
847.7,237.9
847.6,237.9
847.5,237.89
847.4,237.89
847.3,237.89
847.2,237.89
847.1,237.89
847.0,237.89
846.9,237.88
846.8,237.88
846.7,237.88
846.6,237.8
846.5,237.8
846.4,237.8
846.3,237.8
846.2,237.7
846.1,237.6
846.0,237.6
845.9,237.5
845.8,237.5
845.7,237.5
845.6,237.4
845.5,237.4
845.4,237.3
845.3,237.3
845.2,237.3
845.1,237.3
845.0,237.3
844.9,237.2
844.8,237.1
844.7,237.0
844.6,237.0
844.5,237.0
844.4,237.0
844.3,237.0
844.2,237.0
844.1,236.8
844.0,236.8
843.9,236.7
843.8,236.7
843.7,236.5
843.6,236.3
843.5,236.3
843.4,236.1
843.3,235.9
843.2,235.8
843.1,235.8
843.0,235.8
842.9,235.7
842.8,235.6
842.7,235.5
842.6,234.9
842.5,234.9
842.4,234.7
842.3,234.5
842.2,234.4
842.1,234.4
842.0,234.4
841.9,234.2
841.8,234.2
841.7,234.0
841.6,234.0
841.5,234.0
841.4,233.7
841.3,233.6
841.2,233.3
841.1,233.1
841.0,232.9
840.9,232.9
840.8,232.8
840.7,232.79
840.6,232.2
840.5,232.1
840.4,231.8
840.3,231.7
840.2,231.7
840.1,231.4
840.0,231.3
839.9,231.1
839.8,231.1
839.7,231.1
839.6,231.1
839.5,231.0
839.4,231.0
839.3,231.0
839.2,230.9
839.1,230.8
839.0,230.8
838.9,230.8
838.8,230.7
838.7,230.6
838.6,230.5
838.5,230.5
838.4,230.5
838.3,230.5
838.2,230.5
838.1,230.5
838.0,230.4
837.9,230.4
837.8,230.4
837.7,230.3
837.6,230.3
837.5,230.2
837.4,230.2
837.3,230.1
837.2,230.1
837.1,230.1
837.0,230.0
836.9,230.0
836.8,229.9
836.7,229.8
836.6,229.8
836.5,229.5
836.4,229.5
836.3,229.4
836.2,229.4
836.1,229.4
836.0,229.3
835.9,229.2
835.8,229.2
835.7,229.0
835.6,229.0
835.5,229.0
835.4,229.0
835.3,229.0
835.2,228.9
835.1,228.8
835.0,228.8
834.9,228.7
834.8,228.5
834.7,228.5
834.6,228.5
834.5,228.5
834.4,228.4
834.3,228.4
834.2,228.4
834.1,228.4
834.0,228.3
833.9,228.3
833.8,228.2
833.7,228.2
833.6,228.2
833.5,228.2
833.4,228.1
833.3,228.1
833.2,228.09
833.1,228.0
833.0,228.0
832.9,228.0
832.8,227.9
832.7,227.8
832.6,227.8
832.5,227.8
832.4,227.8
832.3,227.8
832.2,227.8
832.1,227.8
832.0,227.6
831.9,227.6
831.8,227.59
831.7,227.5
831.6,227.5
831.5,227.5
831.4,227.5
831.3,227.3
831.2,227.3
831.1,227.1
831.0,226.8
830.9,226.8
830.8,226.7
830.7,226.7
830.6,226.6
830.5,226.6
830.4,226.6
830.3,226.5
830.2,226.5
830.1,226.4
830.0,226.3
829.9,226.1
829.8,226.1
829.7,226.1
829.6,226.1
829.5,226.1
829.4,226.1
829.3,226.1
829.2,226.1
829.1,225.9
829.0,225.9
828.9,225.9
828.8,225.9
828.7,225.8
828.6,225.7
828.5,225.7
828.4,225.7
828.3,225.7
828.2,225.7
828.1,225.6
828.0,225.6
827.9,225.5
827.8,225.5
827.7,225.5
827.6,225.4
827.5,225.3
827.4,225.3
827.3,225.3
827.2,225.3
827.1,225.2
827.0,225.2
826.9,225.2
826.8,225.1
826.7,225.1
826.6,225.1
826.5,225.0
826.4,225.0
826.3,225.0
826.2,225.0
826.1,225.0
826.0,224.9
825.9,224.9
825.8,224.9
825.7,224.9
825.6,224.9
825.5,224.9
825.4,224.8
825.3,224.8
825.2,224.7
825.1,224.7
825.0,224.7
824.9,224.6
824.8,224.6
824.7,224.6
824.6,224.6
824.5,224.6
824.4,224.5
824.3,224.5
824.2,224.5
824.1,224.5
824.0,224.5
823.9,224.5
823.8,224.4
823.7,224.39
823.6,224.39
823.5,224.39
823.4,224.39
823.3,224.39
823.2,224.39
823.1,224.39
823.0,224.38
822.9,224.38
822.8,224.38
822.7,224.38
822.6,224.3
822.5,224.3
822.4,224.29
822.3,224.29
822.2,224.29
822.1,224.29
822.0,224.29
821.9,224.2
821.8,224.2
821.7,224.1
821.6,224.0
821.5,224.0
821.4,224.0
821.3,223.9
821.2,223.89
821.1,223.89
821.0,223.8
820.9,223.79
820.8,223.79
820.7,223.7
820.6,223.6
820.5,223.5
820.4,223.4
820.3,223.3
820.2,223.0
820.1,223.0
820.0,222.9
819.9,222.7
819.8,222.6
819.7,222.5
819.6,222.4
819.5,222.3
819.4,222.3
819.3,222.29
819.2,222.29
819.1,222.2
819.0,222.1
818.9,222.1
818.8,222.1
818.7,222.1
818.6,222.1
818.5,222.0
818.4,222.0
818.3,222.0
818.2,222.0
818.1,222.0
818.0,222.0
817.9,222.0
817.8,222.0
817.7,221.9
817.6,221.8
817.5,221.8
817.4,221.7
817.3,221.7
817.2,221.6
817.1,221.5
817.0,221.4
816.9,221.2
816.8,221.2
816.7,221.2
816.6,221.2
816.5,221.1
816.4,221.0
816.3,220.9
816.2,220.8
816.1,220.7
816.0,220.5
815.9,220.5
815.8,220.3
815.7,220.1
815.6,219.8
815.5,219.6
815.4,219.4
815.3,219.4
815.2,219.4
815.1,219.4
815.0,219.4
814.9,219.4
814.8,219.4
814.7,219.4
814.6,219.3
814.5,219.3
814.4,219.3
814.3,219.3
814.2,219.3
814.1,219.2
814.0,219.2
813.9,219.2
813.8,219.2
813.7,219.1
813.6,219.1
813.5,219.1
813.4,219.1
813.3,219.1
813.2,219.1
813.1,219.1
813.0,219.0
812.9,219.0
812.8,219.0
812.7,218.9
812.6,218.9
812.5,218.8
812.4,218.8
812.3,218.8
812.2,218.79
812.1,218.7
812.0,218.7
811.9,218.7
811.8,218.5
811.7,218.5
811.6,218.5
811.5,218.5
811.4,218.5
811.3,218.4
811.2,218.3
811.1,218.3
811.0,218.3
810.9,218.2
810.8,218.2
810.7,218.2
810.6,218.2
810.5,218.2
810.4,218.2
810.3,218.2
810.2,218.2
810.1,218.2
810.0,218.2
809.9,218.2
809.8,218.1
809.7,218.1
809.6,218.1
809.5,218.0
809.4,218.0
809.3,217.9
809.2,217.9
809.1,217.9
809.0,217.9
808.9,217.8
808.8,217.7
808.7,217.7
808.6,217.6
808.5,217.5
808.4,217.3
808.3,217.3
808.2,217.2
808.1,217.2
808.0,217.1
807.9,216.9
807.8,216.7
807.7,216.4
807.6,216.2
807.5,215.8
807.4,215.7
807.3,215.6
807.2,215.5
807.1,215.4
807.0,215.2
806.9,215.0
806.8,215.0
806.7,215.0
806.6,215.0
806.5,215.0
806.4,215.0
806.3,215.0
806.2,215.0
806.1,214.9
806.0,214.9
805.9,214.9
805.8,214.8
805.7,214.8
805.6,214.79
805.5,214.79
805.4,214.79
805.3,214.79
805.2,214.79
805.1,214.79
805.0,214.7
804.9,214.7
804.8,214.7
804.7,214.7
804.6,214.7
804.5,214.7
804.4,214.7
804.3,214.7
804.2,214.6
804.1,214.59
804.0,214.59
803.9,214.59
803.8,214.4
803.7,214.3
803.6,214.2
803.5,214.1
803.4,214.1
803.3,214.1
803.2,213.9
803.1,213.89
803.0,213.6
802.9,213.4
802.8,213.4
802.7,213.4
802.6,213.3
802.5,213.3
802.4,213.3
802.3,213.2
802.2,213.2
802.1,213.2
802.0,213.2
801.9,213.2
801.8,213.2
801.7,213.2
801.6,213.2
801.5,213.2
801.4,213.2
801.3,213.2
801.2,213.2
801.1,213.2
801.0,213.2
800.9,213.2
800.8,213.2
800.7,213.2
800.6,213.2
800.5,213.2
800.4,213.2
800.3,213.2
800.2,213.2
800.1,213.2
800.0,213.2
799.9,213.2
799.8,213.1
799.7,213.1
799.6,213.1
799.5,213.1
799.4,213.1
799.3,213.0
799.2,213.0
799.1,213.0
799.0,213.0
798.9,212.91
798.8,212.71
798.7,212.61
798.6,212.61
798.5,212.61
798.4,212.61
798.3,212.6
798.2,212.5
798.1,212.5
798.0,212.4
797.9,212.4
797.8,212.3
797.7,212.2
797.6,212.2
797.5,212.2
797.4,212.2
797.3,212.2
797.2,212.2
797.1,212.19
797.0,212.1
796.9,212.1
796.8,212.1
796.7,212.1
796.6,212.1
796.5,211.91
796.4,211.91
796.3,211.8
796.2,211.7
796.1,211.7
796.0,211.7
795.9,211.6
795.8,211.51
795.7,211.21
795.6,210.91
795.5,210.9
795.4,210.9
795.3,210.9
795.2,210.7
795.1,210.5
795.0,210.41
794.9,210.41
794.8,210.41
794.7,210.41
794.6,210.41
794.5,210.41
794.4,210.41
794.3,210.41
794.2,210.41
794.1,210.41
794.0,210.31
793.9,210.3
793.8,210.2
793.7,210.2
793.6,210.2
793.5,210.1
793.4,210.1
793.3,210.1
793.2,210.1
793.1,210.1
793.0,210.0
792.9,210.0
792.8,209.9
792.7,209.9
792.6,209.9
792.5,209.9
792.4,209.9
792.3,209.7
792.2,209.6
792.1,209.6
792.0,209.5
791.9,209.5
791.8,209.5
791.7,209.41
791.6,209.21
791.5,209.21
791.4,209.01
791.3,209.01
791.2,208.91
791.1,208.71
791.0,208.71
790.9,208.71
790.8,208.71
790.7,208.61
790.6,208.51
790.5,208.41
790.4,208.41
790.3,208.4
790.2,208.4
790.1,208.4
790.0,208.3
789.9,208.3
789.8,208.3
789.7,208.1
789.6,208.1
789.5,207.9
789.4,207.9
789.3,207.81
789.2,207.81
789.1,207.7
789.0,207.7
788.9,207.3
788.8,207.3
788.7,207.3
788.6,207.0
788.5,207.0
788.4,206.9
788.3,206.7
788.2,206.6
788.1,206.6
788.0,206.6
787.9,206.51
787.8,206.41
787.7,206.41
787.6,206.31
787.5,206.21
787.4,206.21
787.3,206.21
787.2,206.21
787.1,206.21
787.0,206.0
786.9,206.0
786.8,205.8
786.7,205.8
786.6,205.7
786.5,205.7
786.4,205.7
786.3,205.7
786.2,205.6
786.1,205.6
786.0,205.5
785.9,205.5
785.8,205.5
785.7,205.41
785.6,205.41
785.5,205.41
785.4,205.31
785.3,205.31
785.2,205.31
785.1,205.21
785.0,205.21
784.9,205.21
784.8,205.01
784.7,204.81
784.6,204.4
784.5,204.4
784.4,204.4
784.3,204.4
784.2,204.4
784.1,204.4
784.0,204.3
783.9,204.1
783.8,204.1
783.7,204.0
783.6,204.0
783.5,204.0
783.4,203.8
783.3,203.8
783.2,203.8
783.1,203.71
783.0,203.61
782.9,203.51
782.8,203.51
782.7,203.5
782.6,203.4
782.5,203.4
782.4,203.3
782.3,203.2
782.2,203.2
782.1,203.1
782.0,203.1
781.9,203.1
781.8,203.0
781.7,202.9
781.6,202.81
781.5,202.81
781.4,202.71
781.3,202.5
781.2,202.5
781.1,202.5
781.0,202.5
780.9,202.4
780.8,202.3
780.7,202.3
780.6,202.3
780.5,202.3
780.4,202.2
780.3,202.2
780.2,202.2
780.1,202.2
780.0,201.9
779.9,201.9
779.8,201.8
779.7,201.8
779.6,201.8
779.5,201.8
779.4,201.8
779.3,201.7
779.2,201.7
779.1,201.7
779.0,201.6
778.9,201.6
778.8,201.6
778.7,201.6
778.6,201.6
778.5,201.5
778.4,201.5
778.3,201.5
778.2,201.5
778.1,201.5
778.0,201.5
777.9,201.5
777.8,201.5
777.7,201.5
777.6,201.5
777.5,201.41
777.4,201.41
777.3,201.41
777.2,201.31
777.1,201.31
777.0,201.31
776.9,201.31
776.8,201.31
776.7,201.21
776.6,201.11
776.5,201.11
776.4,201.11
776.3,201.11
776.2,200.91
776.1,200.91
776.0,200.91
775.9,200.91
775.8,200.81
775.7,200.8
775.6,200.8
775.5,200.8
775.4,200.8
775.3,200.7
775.2,200.7
775.1,200.7
775.0,200.7
774.9,200.7
774.8,200.7
774.7,200.6
774.6,200.4
774.5,200.4
774.4,200.4
774.3,200.4
774.2,200.4
774.1,200.4
774.0,200.4
773.9,200.31
773.8,200.31
773.7,200.31
773.6,200.31
773.5,200.31
773.4,200.2
773.3,200.1
773.2,200.0
773.1,199.7
773.0,199.5
772.9,199.4
772.8,199.3
772.7,199.1
772.6,198.9
772.5,198.6
772.4,198.4
772.3,198.1
772.2,198.1
772.1,198.1
772.0,198.0
771.9,197.9
771.8,197.9
771.7,197.7
771.6,197.7
771.5,197.5
771.4,197.5
771.3,197.4
771.2,197.4
771.1,196.8
771.0,196.8
770.9,196.8
770.8,196.8
770.7,196.8
770.6,196.8
770.5,196.71
770.4,196.71
770.3,196.61
770.2,196.61
770.1,196.31
770.0,196.31
769.9,196.21
769.8,196.01
769.7,195.81
769.6,195.71
769.5,195.51
769.4,195.5
769.3,195.3
769.2,195.2
769.1,195.2
769.0,195.2
768.9,195.2
768.8,195.2
768.7,195.2
768.6,195.2
768.5,195.2
768.4,195.2
768.3,195.2
768.2,195.1
768.1,195.1
768.0,195.1
767.9,195.1
767.8,195.0
767.7,195.0
767.6,195.0
767.5,194.9
767.4,194.9
767.3,194.9
767.2,194.71
767.1,194.71
767.0,194.61
766.9,194.61
766.8,194.51
766.7,194.31
766.6,194.3
766.5,194.1
766.4,193.9
766.3,193.8
766.2,193.8
766.1,193.5
766.0,193.5
765.9,193.5
765.8,193.4
765.7,193.4
765.6,193.4
765.5,193.3
765.4,193.3
765.3,193.3
765.2,193.3
765.1,193.2
765.0,193.2
764.9,193.11
764.8,193.11
764.7,193.11
764.6,193.01
764.5,193.01
764.4,193.01
764.3,193.01
764.2,193.01
764.1,193.01
764.0,193.01
763.9,193.01
763.8,193.01
763.7,193.01
763.6,193.01
763.5,192.81
763.4,192.71
763.3,192.71
763.2,192.71
763.1,192.71
763.0,192.51
762.9,192.51
762.8,192.51
762.7,192.51
762.6,192.41
762.5,192.41
762.4,192.4
762.3,192.4
762.2,192.3
762.1,192.3
762.0,192.3
761.9,192.3
761.8,192.2
761.7,192.2
761.6,192.2
761.5,192.2
761.4,192.2
761.3,192.1
761.2,192.1
761.1,192.0
761.0,192.0
760.9,191.9
760.8,191.9
760.7,191.8
760.6,191.7
760.5,191.7
760.4,191.6
760.3,191.5
760.2,191.4
760.1,191.4
760.0,191.4
759.9,191.01
759.8,191.01
759.7,191.01
759.6,191.01
759.5,191.0
759.4,191.0
759.3,191.0
759.2,191.0
759.1,191.0
759.0,190.9
758.9,190.9
758.8,190.9
758.7,190.9
758.6,190.9
758.5,190.8
758.4,190.8
758.3,190.7
758.2,190.7
758.1,190.7
758.0,190.7
757.9,190.7
757.8,190.7
757.7,190.6
757.6,190.6
757.5,190.6
757.4,190.6
757.3,190.5
757.2,190.5
757.1,190.5
757.0,190.41
756.9,190.41
756.8,190.41
756.7,190.31
756.6,190.31
756.5,190.31
756.4,190.31
756.3,190.31
756.2,190.2
756.1,190.2
756.0,190.0
755.9,190.0
755.8,190.0
755.7,190.0
755.6,189.9
755.5,189.6
755.4,189.6
755.3,189.6
755.2,189.6
755.1,189.4
755.0,189.3
754.9,189.1
754.8,188.9
754.7,188.9
754.6,188.9
754.5,188.9
754.4,188.9
754.3,188.9
754.2,188.8
754.1,188.8
754.0,188.8
753.9,188.8
753.8,188.8
753.7,188.8
753.6,188.7
753.5,188.7
753.4,188.7
753.3,188.7
753.2,188.6
753.1,188.6
753.0,188.6
752.9,188.6
752.8,188.5
752.7,188.5
752.6,188.5
752.5,188.5
752.4,188.5
752.3,188.5
752.2,188.5
752.1,188.5
752.0,188.5
751.9,188.21
751.8,188.11
751.7,188.11
751.6,188.01
751.5,188.01
751.4,188.01
751.3,187.91
751.2,187.91
751.1,187.91
751.0,187.91
750.9,187.91
750.8,187.91
750.7,187.71
750.6,187.6
750.5,187.6
750.4,187.6
750.3,187.6
750.2,187.6
750.1,187.5
750.0,187.5
749.9,187.5
749.8,187.41
749.7,187.41
749.6,187.41
749.5,187.41
749.4,187.41
749.3,187.4
749.2,187.4
749.1,187.4
749.0,187.4
748.9,187.4
748.8,187.3
748.7,187.3
748.6,187.21
748.5,187.11
748.4,187.01
748.3,186.91
748.2,186.91
748.1,186.9
748.0,186.8
747.9,186.7
747.8,186.7
747.7,186.5
747.6,186.4
747.5,186.2
747.4,186.2
747.3,186.1
747.2,186.1
747.1,185.9
747.0,185.8
746.9,185.8
746.8,185.8
746.7,185.7
746.6,185.5
746.5,185.5
746.4,185.4
746.3,185.3
746.2,185.3
746.1,185.3
746.0,185.3
745.9,185.2
745.8,185.1
745.7,185.1
745.6,185.0
745.5,184.9
745.4,184.8
745.3,184.8
745.2,184.6
745.1,184.6
745.0,184.3
744.9,184.2
744.8,184.1
744.7,184.0
744.6,183.8
744.5,183.7
744.4,183.4
744.3,183.3
744.2,183.1
744.1,183.1
744.0,183.1
743.9,183.1
743.8,183.1
743.7,183.1
743.6,183.1
743.5,182.9
743.4,182.9
743.3,182.9
743.2,182.71
743.1,182.61
743.0,182.61
742.9,182.41
742.8,182.4
742.7,182.3
742.6,182.2
742.5,182.1
742.4,182.1
742.3,182.0
742.2,181.9
742.1,181.81
742.0,181.71
741.9,181.51
741.8,181.41
741.7,181.4
741.6,181.3
741.5,181.1
741.4,181.1
741.3,181.0
741.2,180.8
741.1,180.7
741.0,180.7
740.9,180.61
740.8,180.61
740.7,180.41
740.6,180.3
740.5,180.2
740.4,180.2
740.3,180.2
740.2,180.1
740.1,180.0
740.0,180.0
739.9,179.8
739.8,179.8
739.7,179.8
739.6,179.7
739.5,179.6
739.4,179.5
739.3,179.5
739.2,179.4
739.1,179.1
739.0,179.1
738.9,179.1
738.8,178.9
738.7,178.9
738.6,178.9
738.5,178.9
738.4,178.9
738.3,178.9
738.2,178.9
738.1,178.8
738.0,178.8
737.9,178.7
737.8,178.6
737.7,178.6
737.6,178.6
737.5,178.6
737.4,178.6
737.3,178.51
737.2,178.51
737.1,178.21
737.0,178.21
736.9,178.21
736.8,178.21
736.7,178.11
736.6,177.91
736.5,177.81
736.4,177.71
736.3,177.71
736.2,177.41
736.1,177.3
736.0,177.2
735.9,177.1
735.8,177.1
735.7,177.1
735.6,177.1
735.5,177.1
735.4,177.1
735.3,177.1
735.2,177.0
735.1,177.0
735.0,176.91
734.9,176.91
734.8,176.9
734.7,176.9
734.6,176.8
734.5,176.8
734.4,176.8
734.3,176.8
734.2,176.8
734.1,176.8
734.0,176.8
733.9,176.8
733.8,176.8
733.7,176.71
733.6,176.7
733.5,176.7
733.4,176.6
733.3,176.5
733.2,176.4
733.1,176.2
733.0,176.11
732.9,176.01
732.8,176.01
732.7,175.91
732.6,175.91
732.5,175.9
732.4,175.9
732.3,175.8
732.2,175.8
732.1,175.8
732.0,175.8
731.9,175.8
731.8,175.8
731.7,175.7
731.6,175.6
731.5,175.6
731.4,175.6
731.3,175.6
731.2,175.6
731.1,175.6
731.0,175.6
730.9,175.5
730.8,175.5
730.7,175.5
730.6,175.5
730.5,175.5
730.4,175.5
730.3,175.5
730.2,175.3
730.1,175.3
730.0,175.3
729.9,175.3
729.8,175.2
729.7,175.2
729.6,175.2
729.5,175.2
729.4,175.2
729.3,175.2
729.2,175.1
729.1,175.1
729.0,175.1
728.9,175.1
728.8,175.1
728.7,175.1
728.6,175.1
728.5,175.1
728.4,175.1
728.3,175.1
728.2,175.1
728.1,175.0
728.0,175.0
727.9,175.0
727.8,174.99
727.7,174.99
727.6,174.99
727.5,174.99
727.4,174.99
727.3,174.99
727.2,174.99
727.1,174.99
727.0,174.99
726.9,174.99
726.8,174.99
726.7,174.99
726.6,174.99
726.5,174.99
726.4,174.99
726.3,174.99
726.2,174.9
726.1,174.8
726.0,174.8
725.9,174.8
725.8,174.8
725.7,174.6
725.6,174.6
725.5,174.5
725.4,174.4
725.3,174.4
725.2,174.3
725.1,174.2
725.0,174.2
724.9,174.1
724.8,174.1
724.7,174.0
724.6,173.9
724.5,173.7
724.4,173.7
724.3,173.6
724.2,173.5
724.1,173.4
724.0,173.4
723.9,173.4
723.8,173.4
723.7,173.31
723.6,173.3
723.5,173.3
723.4,173.3
723.3,173.3
723.2,173.3
723.1,173.3
723.0,173.2
722.9,173.2
722.8,173.2
722.7,173.2
722.6,173.2
722.5,173.1
722.4,173.1
722.3,173.0
722.2,173.0
722.1,173.0
722.0,173.0
721.9,172.8
721.8,172.8
721.7,172.7
721.6,172.5
721.5,172.5
721.4,172.4
721.3,172.3
721.2,172.1
721.1,172.1
721.0,172.1
720.9,171.9
720.8,171.9
720.7,171.9
720.6,171.8
720.5,171.7
720.4,171.7
720.3,171.6
720.2,171.3
720.1,171.3
720.0,171.1
719.9,171.1
719.8,170.9
719.7,170.9
719.6,170.6
719.5,170.6
719.4,170.6
719.3,170.6
719.2,170.5
719.1,170.5
719.0,170.5
718.9,170.5
718.8,170.5
718.7,170.3
718.6,170.3
718.5,170.2
718.4,170.2
718.3,170.2
718.2,170.0
718.1,169.9
718.0,169.9
717.9,169.8
717.8,169.7
717.7,169.6
717.6,169.5
717.5,169.4
717.4,169.4
717.3,169.3
717.2,169.3
717.1,169.2
717.0,169.2
716.9,169.1
716.8,169.1
716.7,169.1
716.6,169.1
716.5,169.0
716.4,168.8
716.3,168.8
716.2,168.8
716.1,168.7
716.0,168.7
715.9,168.7
715.8,168.69
715.7,168.6
715.6,168.6
715.5,168.6
715.4,168.6
715.3,168.6
715.2,168.5
715.1,168.5
715.0,168.3
714.9,168.2
714.8,167.7
714.7,167.6
714.6,167.4
714.5,167.4
714.4,167.4
714.3,167.3
714.2,167.3
714.1,167.3
714.0,167.1
713.9,167.1
713.8,167.1
713.7,167.1
713.6,167.1
713.5,167.1
713.4,167.0
713.3,167.0
713.2,167.0
713.1,166.8
713.0,166.8
712.9,166.8
712.8,166.8
712.7,166.8
712.6,166.8
712.5,166.8
712.4,166.8
712.3,166.8
712.2,166.8
712.1,166.8
712.0,166.8
711.9,166.8
711.8,166.7
711.7,166.6
711.6,166.6
711.5,166.6
711.4,166.6
711.3,166.6
711.2,166.6
711.1,166.5
711.0,166.5
710.9,166.4
710.8,166.4
710.7,166.1
710.6,166.1
710.5,166.1
710.4,165.9
710.3,165.8
710.2,165.5
710.1,165.5
710.0,165.3
709.9,165.2
709.8,164.9
709.7,164.9
709.6,164.9
709.5,164.9
709.4,164.9
709.3,164.9
709.2,164.9
709.1,164.9
709.0,164.9
708.9,164.81
708.8,164.81
708.7,164.81
708.6,164.81
708.5,164.8
708.4,164.8
708.3,164.8
708.2,164.8
708.1,164.8
708.0,164.8
707.9,164.8
707.8,164.8
707.7,164.8
707.6,164.8
707.5,164.8
707.4,164.8
707.3,164.8
707.2,164.8
707.1,164.8
707.0,164.6
706.9,164.6
706.8,164.6
706.7,164.6
706.6,164.6
706.5,164.5
706.4,164.49
706.3,164.49
706.2,164.3
706.1,164.1
706.0,164.0
705.9,163.9
705.8,163.6
705.7,163.5
705.6,163.5
705.5,163.4
705.4,163.4
705.3,163.39
705.2,163.1
705.1,163.1
705.0,163.1
704.9,162.8
704.8,162.6
704.7,162.5
704.6,162.4
704.5,162.2
704.4,162.1
704.3,161.9
704.2,161.9
704.1,161.9
704.0,161.8
703.9,161.8
703.8,161.7
703.7,161.7
703.6,161.6
703.5,161.6
703.4,161.4
703.3,161.3
703.2,161.2
703.1,161.19
703.0,161.1
702.9,161.1
702.8,161.0
702.7,161.0
702.6,160.8
702.5,160.7
702.4,160.7
702.3,160.6
702.2,160.6
702.1,160.6
702.0,160.5
701.9,160.5
701.8,160.5
701.7,160.4
701.6,160.4
701.5,160.2
701.4,160.2
701.3,160.1
701.2,160.1
701.1,160.1
701.0,160.1
700.9,160.1
700.8,160.1
700.7,160.0
700.6,159.9
700.5,159.9
700.4,159.8
700.3,159.79
700.2,159.79
700.1,159.79
700.0,159.4
699.9,159.2
699.8,159.1
699.7,159.1
699.6,159.0
699.5,159.0
699.4,159.0
699.3,159.0
699.2,158.7
699.1,158.7
699.0,158.7
698.9,158.7
698.8,158.6
698.7,158.5
698.6,158.4
698.5,158.4
698.4,158.4
698.3,158.3
698.2,158.3
698.1,158.3
698.0,158.2
697.9,158.1
697.8,157.9
697.7,157.9
697.6,157.8
697.5,157.6
697.4,157.4
697.3,157.4
697.2,157.1
697.1,157.0
697.0,156.8
696.9,156.8
696.8,156.6
696.7,156.6
696.6,156.2
696.5,156.0
696.4,156.0
696.3,155.9
696.2,155.8
696.1,155.8
696.0,155.8
695.9,155.79
695.8,155.7
695.7,155.7
695.6,155.7
695.5,155.7
695.4,155.7
695.3,155.7
695.2,155.6
695.1,155.6
695.0,155.3
694.9,155.3
694.8,155.2
694.7,155.0
694.6,154.9
694.5,154.9
694.4,154.9
694.3,154.9
694.2,154.7
694.1,154.7
694.0,154.7
693.9,154.6
693.8,154.5
693.7,154.5
693.6,154.5
693.5,154.5
693.4,154.5
693.3,154.3
693.2,154.3
693.1,154.3
693.0,154.3
692.9,154.3
692.8,154.3
692.7,154.3
692.6,154.2
692.5,154.2
692.4,154.2
692.3,154.2
692.2,154.2
692.1,154.2
692.0,154.2
691.9,154.1
691.8,154.1
691.7,154.0
691.6,153.9
691.5,153.9
691.4,153.8
691.3,153.8
691.2,153.8
691.1,153.7
691.0,153.7
690.9,153.7
690.8,153.5
690.7,153.5
690.6,153.5
690.5,153.21
690.4,153.21
690.3,153.21
690.2,153.21
690.1,153.21
690.0,153.21
689.9,153.21
689.8,153.21
689.7,153.11
689.6,153.11
689.5,153.01
689.4,152.91
689.3,152.71
689.2,152.71
689.1,152.71
689.0,152.71
688.9,152.71
688.8,152.71
688.7,152.61
688.6,152.61
688.5,152.61
688.4,152.51
688.3,152.41
688.2,152.3
688.1,152.3
688.0,152.3
687.9,152.2
687.8,152.2
687.7,152.0
687.6,152.0
687.5,152.0
687.4,152.0
687.3,151.8
687.2,151.8
687.1,151.8
687.0,151.71
686.9,151.71
686.8,151.61
686.7,151.61
686.6,151.61
686.5,151.61
686.4,151.6
686.3,151.6
686.2,151.6
686.1,151.6
686.0,151.6
685.9,151.6
685.8,151.6
685.7,151.6
685.6,151.6
685.5,151.6
685.4,151.6
685.3,151.6
685.2,151.51
685.1,151.51
685.0,151.51
684.9,151.51
684.8,151.51
684.7,151.51
684.6,151.51
684.5,151.51
684.4,151.51
684.3,151.51
684.2,151.51
684.1,151.51
684.0,151.41
683.9,151.41
683.8,151.4
683.7,151.3
683.6,151.3
683.5,151.1
683.4,151.1
683.3,151.0
683.2,150.9
683.1,150.8
683.0,150.8
682.9,150.6
682.8,150.6
682.7,150.4
682.6,150.4
682.5,150.4
682.4,150.3
682.3,150.2
682.2,150.2
682.1,150.2
682.0,150.1
681.9,150.1
681.8,150.1
681.7,150.0
681.6,149.9
681.5,149.8
681.4,149.8
681.3,149.8
681.2,149.6
681.1,149.6
681.0,149.5
680.9,149.4
680.8,149.3
680.7,149.3
680.6,149.2
680.5,149.2
680.4,149.2
680.3,149.1
680.2,149.1
680.1,149.0
680.0,149.0
679.9,149.0
679.8,149.0
679.7,149.0
679.6,149.0
679.5,149.0
679.4,149.0
679.3,149.0
679.2,149.0
679.1,149.0
679.0,149.0
678.9,149.0
678.8,149.0
678.7,149.0
678.6,148.91
678.5,148.9
678.4,148.9
678.3,148.9
678.2,148.9
678.1,148.9
678.0,148.9
677.9,148.9
677.8,148.9
677.7,148.8
677.6,148.6
677.5,148.6
677.4,148.6
677.3,148.51
677.2,148.41
677.1,148.41
677.0,148.21
676.9,148.11
676.8,148.1
676.7,148.1
676.6,148.0
676.5,147.8
676.4,147.7
676.3,147.7
676.2,147.7
676.1,147.6
676.0,147.5
675.9,147.4
675.8,147.3
675.7,147.21
675.6,146.91
675.5,146.71
675.4,146.51
675.3,146.31
675.2,146.31
675.1,146.11
675.0,146.11
674.9,146.01
674.8,145.91
674.7,145.91
674.6,145.81
674.5,145.8
674.4,145.8
674.3,145.7
674.2,145.7
674.1,145.7
674.0,145.7
673.9,145.7
673.8,145.7
673.7,145.7
673.6,145.7
673.5,145.7
673.4,145.6
673.3,145.6
673.2,145.6
673.1,145.6
673.0,145.5
672.9,145.5
672.8,145.5
672.7,145.4
672.6,145.4
672.5,145.4
672.4,145.3
672.3,145.2
672.2,145.2
672.1,145.1
672.0,145.01
671.9,145.01
671.8,144.91
671.7,144.91
671.6,144.71
671.5,144.71
671.4,144.61
671.3,144.6
671.2,144.6
671.1,144.5
671.0,144.5
670.9,144.5
670.8,144.5
670.7,144.5
670.6,144.4
670.5,144.31
670.4,144.31
670.3,144.31
670.2,144.21
670.1,144.21
670.0,144.2
669.9,144.1
669.8,144.1
669.7,144.1
669.6,144.1
669.5,144.1
669.4,144.0
669.3,144.0
669.2,144.0
669.1,143.8
669.0,143.8
668.9,143.61
668.8,143.6
668.7,143.6
668.6,143.6
668.5,143.6
668.4,143.5
668.3,143.4
668.2,143.3
668.1,143.2
668.0,143.1
667.9,143.0
667.8,143.0
667.7,143.0
667.6,142.9
667.5,142.7
667.4,142.7
667.3,142.6
667.2,142.5
667.1,142.3
667.0,142.3
666.9,142.1
666.8,142.1
666.7,142.1
666.6,142.1
666.5,142.0
666.4,141.7
666.3,141.31
666.2,141.3
666.1,141.3
666.0,141.3
665.9,141.3
665.8,141.3
665.7,141.1
665.6,141.0
665.5,141.0
665.4,140.9
665.3,140.9
665.2,140.7
665.1,140.7
665.0,140.5
664.9,140.5
664.8,140.5
664.7,140.5
664.6,140.3
664.5,140.3
664.4,140.3
664.3,140.2
664.2,140.2
664.1,140.2
664.0,140.1
663.9,140.0
663.8,140.0
663.7,140.0
663.6,140.0
663.5,140.0
663.4,140.0
663.3,139.9
663.2,139.9
663.1,139.9
663.0,139.9
662.9,139.9
662.8,139.9
662.7,139.8
662.6,139.8
662.5,139.8
662.4,139.8
662.3,139.8
662.2,139.7
662.1,139.7
662.0,139.7
661.9,139.6
661.8,139.6
661.7,139.6
661.6,139.6
661.5,139.6
661.4,139.6
661.3,139.5
661.2,139.5
661.1,139.4
661.0,139.4
660.9,139.4
660.8,139.3
660.7,139.3
660.6,139.3
660.5,139.3
660.4,139.2
660.3,139.2
660.2,139.2
660.1,139.1
660.0,139.1
659.9,139.1
659.8,139.0
659.7,139.0
659.6,138.8
659.5,138.8
659.4,138.8
659.3,138.7
659.2,138.7
659.1,138.7
659.0,138.6
658.9,138.6
658.8,138.6
658.7,138.5
658.6,138.5
658.5,138.5
658.4,138.2
658.3,138.2
658.2,138.1
658.1,138.0
658.0,138.0
657.9,137.8
657.8,137.8
657.7,137.8
657.6,137.8
657.5,137.8
657.4,137.8
657.3,137.7
657.2,137.7
657.1,137.6
657.0,137.5
656.9,137.49
656.8,137.4
656.7,137.3
656.6,137.2
656.5,137.1
656.4,137.1
656.3,137.1
656.2,136.9
656.1,136.9
656.0,136.9
655.9,136.8
655.8,136.79
655.7,136.7
655.6,136.7
655.5,136.7
655.4,136.7
655.3,136.6
655.2,136.6
655.1,136.6
655.0,136.6
654.9,136.59
654.8,136.5
654.7,136.5
654.6,136.5
654.5,136.5
654.4,136.5
654.3,136.5
654.2,136.5
654.1,136.5
654.0,136.5
653.9,136.5
653.8,136.4
653.7,136.4
653.6,136.4
653.5,136.3
653.4,136.3
653.3,136.3
653.2,136.3
653.1,136.2
653.0,136.2
652.9,136.2
652.8,135.9
652.7,135.9
652.6,135.7
652.5,135.7
652.4,135.7
652.3,135.5
652.2,135.4
652.1,135.3
652.0,135.1
651.9,135.1
651.8,134.9
651.7,134.7
651.6,134.1
651.5,133.6
651.4,133.6
651.3,133.6
651.2,133.6
651.1,133.6
651.0,133.3
650.9,133.3
650.8,133.3
650.7,133.3
650.6,133.11
650.5,133.1
650.4,133.1
650.3,133.1
650.2,133.1
650.1,133.1
650.0,133.1
649.9,133.1
649.8,132.8
649.7,132.8
649.6,132.8
649.5,132.8
649.4,132.8
649.3,132.8
649.2,132.8
649.1,132.8
649.0,132.8
648.9,132.8
648.8,132.8
648.7,132.7
648.6,132.7
648.5,132.6
648.4,132.6
648.3,132.6
648.2,132.5
648.1,132.5
648.0,132.5
647.9,132.5
647.8,132.5
647.7,132.5
647.6,132.5
647.5,132.5
647.4,132.5
647.3,132.2
647.2,132.0
647.1,132.0
647.0,131.8
646.9,131.8
646.8,131.8
646.7,131.8
646.6,131.8
646.5,131.8
646.4,131.8
646.3,131.8
646.2,131.8
646.1,131.8
646.0,131.8
645.9,131.8
645.8,131.4
645.7,131.4
645.6,131.4
645.5,131.4
645.4,131.4
645.3,131.4
645.2,131.4
645.1,131.4
645.0,131.4
644.9,131.4
644.8,131.4
644.7,131.4
644.6,131.4
644.5,131.4
644.4,131.4
644.3,131.4
644.2,131.4
644.1,131.4
644.0,131.4
643.9,131.4
643.8,131.3
643.7,131.3
643.6,131.2
643.5,131.2
643.4,131.2
643.3,131.1
643.2,131.1
643.1,131.1
643.0,131.1
642.9,131.1
642.8,131.0
642.7,131.0
642.6,130.9
642.5,130.8
642.4,130.7
642.3,130.7
642.2,130.7
642.1,130.7
642.0,130.7
641.9,130.7
641.8,130.6
641.7,130.6
641.6,130.6
641.5,130.6
641.4,130.6
641.3,130.6
641.2,130.6
641.1,130.5
641.0,130.5
640.9,130.5
640.8,130.49
640.7,130.49
640.6,130.49
640.5,130.49
640.4,130.49
640.3,130.3
640.2,130.3
640.1,130.3
640.0,130.3
639.9,130.2
639.8,130.2
639.7,130.2
639.6,130.1
639.5,130.1
639.4,130.0
639.3,130.0
639.2,129.9
639.1,129.9
639.0,129.9
638.9,129.7
638.8,129.7
638.7,129.3
638.6,129.3
638.5,129.2
638.4,129.2
638.3,129.2
638.2,129.2
638.1,129.2
638.0,129.2
637.9,129.2
637.8,129.1
637.7,129.1
637.6,129.0
637.5,128.9
637.4,128.7
637.3,128.7
637.2,128.6
637.1,128.5
637.0,128.5
636.9,128.5
636.8,128.5
636.7,128.5
636.6,128.5
636.5,128.5
636.4,128.4
636.3,128.4
636.2,128.3
636.1,128.3
636.0,128.3
635.9,128.3
635.8,128.3
635.7,128.3
635.6,128.3
635.5,128.2
635.4,128.1
635.3,128.1
635.2,128.1
635.1,128.1
635.0,128.1
634.9,128.1
634.8,128.0
634.7,128.0
634.6,128.0
634.5,127.9
634.4,127.9
634.3,127.9
634.2,127.9
634.1,127.9
634.0,127.8
633.9,127.8
633.8,127.7
633.7,127.6
633.6,127.5
633.5,127.5
633.4,127.4
633.3,127.2
633.2,127.11
633.1,127.11
633.0,127.11
632.9,127.11
632.8,127.11
632.7,127.1
632.6,127.1
632.5,127.1
632.4,127.1
632.3,127.1
632.2,127.1
632.1,127.1
632.0,127.1
631.9,127.1
631.8,127.1
631.7,127.1
631.6,127.1
631.5,127.1
631.4,127.1
631.3,127.1
631.2,127.1
631.1,127.1
631.0,127.1
630.9,127.1
630.8,127.1
630.7,127.1
630.6,127.0
630.5,127.0
630.4,126.9
630.3,126.9
630.2,126.9
630.1,126.8
630.0,126.5
629.9,126.5
629.8,126.5
629.7,126.4
629.6,126.3
629.5,126.2
629.4,126.1
629.3,125.9
629.2,125.6
629.1,125.4
629.0,125.1
628.9,125.0
628.8,124.8
628.7,124.8
628.6,124.8
628.5,124.8
628.4,124.8
628.3,124.8
628.2,124.8
628.1,124.8
628.0,124.8
627.9,124.8
627.8,124.8
627.7,124.7
627.6,124.7
627.5,124.7
627.4,124.7
627.3,124.7
627.2,124.7
627.1,124.7
627.0,124.6
626.9,124.6
626.8,124.5
626.7,124.5
626.6,124.5
626.5,124.4
626.4,124.4
626.3,124.4
626.2,124.3
626.1,124.3
626.0,124.2
625.9,124.1
625.8,124.1
625.7,123.9
625.6,123.9
625.5,123.8
625.4,123.8
625.3,123.6
625.2,123.4
625.1,123.4
625.0,123.3
624.9,123.2
624.8,123.0
624.7,123.0
624.6,123.0
624.5,123.0
624.4,123.0
624.3,123.0
624.2,123.0
624.1,123.0
624.0,123.0
623.9,123.0
623.8,122.9
623.7,122.9
623.6,122.8
623.5,122.7
623.4,122.6
623.3,122.6
623.2,122.5
623.1,122.4
623.0,122.3
622.9,122.3
622.8,122.2
622.7,122.1
622.6,122.0
622.5,122.0
622.4,121.9
622.3,121.8
622.2,121.8
622.1,121.8
622.0,121.8
621.9,121.8
621.8,121.7
621.7,121.7
621.6,121.6
621.5,121.6
621.4,121.6
621.3,121.5
621.2,121.5
621.1,121.4
621.0,121.4
620.9,121.4
620.8,121.2
620.7,121.2
620.6,121.1
620.5,121.1
620.4,121.0
620.3,120.7
620.2,120.7
620.1,120.5
620.0,120.5
619.9,120.4
619.8,120.4
619.7,120.4
619.6,120.4
619.5,120.4
619.4,120.4
619.3,120.4
619.2,120.4
619.1,120.4
619.0,120.3
618.9,120.3
618.8,120.3
618.7,120.2
618.6,120.2
618.5,120.1
618.4,120.1
618.3,120.1
618.2,120.1
618.1,120.1
618.0,120.1
617.9,120.1
617.8,120.1
617.7,120.1
617.6,120.1
617.5,120.1
617.4,120.1
617.3,120.1
617.2,120.1
617.1,120.0
617.0,120.0
616.9,120.0
616.8,119.9
616.7,119.9
616.6,119.9
616.5,119.8
616.4,119.7
616.3,119.6
616.2,119.6
616.1,119.4
616.0,119.2
615.9,119.1
615.8,119.0
615.7,118.8
615.6,118.7
615.5,118.5
615.4,118.5
615.3,118.4
615.2,118.4
615.1,118.4
615.0,118.4
614.9,118.4
614.8,118.4
614.7,118.4
614.6,118.4
614.5,118.4
614.4,118.4
614.3,118.3
614.2,118.3
614.1,118.2
614.0,118.2
613.9,118.2
613.8,118.2
613.7,118.2
613.6,118.1
613.5,118.1
613.4,118.0
613.3,118.0
613.2,117.9
613.1,117.9
613.0,117.7
612.9,117.6
612.8,117.6
612.7,117.4
612.6,117.3
612.5,117.1
612.4,117.1
612.3,116.8
612.2,116.6
612.1,116.5
612.0,116.5
611.9,116.4
611.8,116.4
611.7,116.4
611.6,116.4
611.5,116.4
611.4,116.4
611.3,116.4
611.2,116.4
611.1,116.4
611.0,116.3
610.9,116.3
610.8,116.3
610.7,116.2
610.6,116.2
610.5,116.1
610.4,116.1
610.3,116.1
610.2,116.0
610.1,116.0
610.0,116.0
609.9,115.9
609.8,115.8
609.7,115.8
609.6,115.6
609.5,115.5
609.4,115.4
609.3,115.4
609.2,115.3
609.1,115.3
609.0,115.3
608.9,115.3
608.8,115.1
608.7,114.9
608.6,114.9
608.5,114.9
608.4,114.9
608.3,114.8
608.2,114.7
608.1,114.6
608.0,114.4
607.9,114.4
607.8,114.4
607.7,114.0
607.6,114.0
607.5,114.0
607.4,114.0
607.3,114.0
607.2,114.0
607.1,114.0
607.0,114.0
606.9,113.9
606.8,113.9
606.7,113.9
606.6,113.9
606.5,113.9
606.4,113.9
606.3,113.9
606.2,113.9
606.1,113.9
606.0,113.9
605.9,113.9
605.8,113.9
605.7,113.9
605.6,113.9
605.5,113.8
605.4,113.8
605.3,113.8
605.2,113.8
605.1,113.8
605.0,113.8
604.9,113.7
604.8,113.7
604.7,113.6
604.6,113.6
604.5,113.5
604.4,113.5
604.3,113.5
604.2,113.4
604.1,113.3
604.0,113.3
603.9,113.2
603.8,113.1
603.7,113.1
603.6,113.0
603.5,112.9
603.4,112.8
603.3,112.8
603.2,112.7
603.1,112.7
603.0,112.7
602.9,112.6
602.8,112.6
602.7,112.6
602.6,112.5
602.5,112.5
602.4,112.4
602.3,112.4
602.2,112.3
602.1,112.3
602.0,112.28
601.9,112.24
601.8,112.19
601.7,112.15
601.6,112.1
601.5,112.05
601.4,112.01
601.3,111.96
601.2,111.92
601.1,111.86
601.0,111.82
600.9,111.77
600.8,111.72
600.7,111.68
600.6,111.63
600.5,111.59
600.4,111.54
600.3,111.49
600.2,111.45
600.1,111.4
600.0,111.36
599.9,111.3
599.8,111.26
599.7,111.21
599.6,111.15
599.5,111.01
599.4,110.91
599.3,110.81
599.2,110.66
599.1,110.62
599.0,110.58
598.9,110.54
598.8,110.5
598.7,110.46
598.6,110.44
598.5,110.4
598.4,110.36
598.3,110.32
598.2,110.28
598.1,110.24
598.0,110.21
597.9,110.1
597.8,109.99
597.7,109.88
597.6,109.76
597.5,109.65
597.4,109.54
597.3,109.43
597.2,109.32
597.1,109.21
597.0,109.1
596.9,109.01
596.8,108.91
596.7,108.82
596.6,108.73
596.5,108.64
596.4,108.55
596.3,108.46
596.2,108.37
596.1,108.28
596.0,108.19
595.9,108.1
595.8,108.01
595.7,107.92
595.6,107.83
595.5,107.75
595.4,107.66
595.3,107.57
595.2,107.48
595.1,107.39
595.0,107.3
594.9,107.21
594.8,107.12
594.7,107.03
594.6,106.95
594.5,106.86
594.4,106.77
594.3,106.68
594.2,106.59
594.1,106.5
594.0,106.41
593.9,106.32
593.8,106.24
593.7,106.15
593.6,106.06
593.5,105.97
593.4,105.88
593.3,105.79
593.2,105.7
593.1,105.62
593.0,105.53
592.9,105.48
592.8,105.42
592.7,105.37
592.6,105.32
592.5,105.27
592.4,105.22
592.3,105.16
592.2,105.11
592.1,105.06
592.0,105.01
591.9,104.96
591.8,104.91
591.7,104.85
591.6,104.8
591.5,104.75
591.4,104.7
591.3,104.65
